indicator_id,stat_code,match,hits,auto,order
1-1-1,K010,exact,"상대빈곤율,빈곤,소득",TRUE,1
1-1-1,K001,context,인구,TRUE,2
1-1-1,K016,context,장애,TRUE,3
1-1-2,K010,near,"빈곤,소득",TRUE,1
1-1-2,K090,context,GDP대비,TRUE,2
1-1-2,K001,context,인구,TRUE,3
1-1-2,K016,context,장애,TRUE,4
1-1-2,K083,context,GDP,TRUE,5
1-2-1,K013,near,"사회보장,사각지대",TRUE,1
1-2-1,K010,context,빈곤,TRUE,2
1-2-1,K033,context,본인부담,TRUE,3
1-2-2,K015,exact,"고용보험,가입률",TRUE,1
1-2-2,K013,near,"사회보장,사각지대",TRUE,2
1-2-2,K014,near,가입률,TRUE,3
1-2-2,K010,context,빈곤,TRUE,4
1-2-3,K014,exact,"국민연금,연금,납부",TRUE,1
1-2-3,K013,near,"사회보장,사각지대",TRUE,2
1-2-3,K010,context,빈곤,TRUE,3
1-3-1,K013,exact,"사회지출,공적사회지출",TRUE,1
1-3-1,K090,context,GDP대비,TRUE,2
1-3-1,K010,context,빈곤,TRUE,3
1-3-1,K083,context,GDP,TRUE,4
1-3-2,K010,context,빈곤,TRUE,1
1-3-2,K091,context,종사자,TRUE,2
1-4-1,K013,near,복지예산,TRUE,1
1-4-1,K010,context,빈곤,TRUE,2
1-4-1,K132,context,재난,TRUE,3
1-4-1,K081,context,일자리,TRUE,4
1-4-2,K010,context,빈곤,TRUE,1
1-4-2,K132,context,재난,TRUE,2
1-4-2,K030,context,사망률,TRUE,3
1-4-2,K084,context,사고사망,TRUE,4
1-4-2,K114,context,사고사망,TRUE,5
10-1-1,K001,near,"인구,가구",TRUE,1
10-1-1,K003,context,인구,TRUE,2
10-1-1,K010,context,소득,TRUE,3
10-1-2,K010,context,소득,TRUE,1
10-1-2,K001,context,인구,TRUE,2
10-1-2,K003,context,인구,TRUE,3
10-2-1,K010,exact,"소득,5분위배율",TRUE,1
10-2-1,K100,near,소득5분위배율,TRUE,2
10-2-1,K016,context,장애,TRUE,3
10-2-1,K102,context,포용,TRUE,4
10-2-2,K010,near,"소득,자산",TRUE,1
10-2-2,K001,context,가구,TRUE,2
10-2-2,K016,context,장애,TRUE,3
10-2-2,K102,context,포용,TRUE,4
10-3-1,K080,near,고용률,TRUE,1
10-3-1,K001,context,인구,TRUE,2
10-3-1,K003,context,인구,TRUE,3
10-3-1,K016,context,장애,TRUE,4
10-3-1,K102,context,차별,TRUE,5
10-3-2,K016,near,"장애인,장애",TRUE,1
10-3-2,K080,near,고용률,TRUE,2
10-3-2,K102,context,차별,TRUE,3
10-4-1,K010,near,"소득,소득분배",TRUE,1
10-4-1,K100,near,소득분배,TRUE,2
10-4-1,K090,context,GDP대비,TRUE,3
10-4-1,K082,context,임금,TRUE,4
10-4-1,K083,context,GDP,TRUE,5
10-5-1,K101,exact,"이주민,외국인,이민",TRUE,1
10-5-2,K101,near,"외국인,이민",TRUE,1
10-5-3,K101,exact,"외국인,다문화,이민",TRUE,1
10-5-3,K102,near,다문화수용성,TRUE,2
10-5-4,K101,exact,"외국인,다문화,이민",TRUE,1
11-1-1,K110,exact,"주거,최저주거기준",TRUE,1
11-1-1,K001,near,"가구,주택",TRUE,2
11-1-1,K111,context,주택,TRUE,3
11-1-2,K111,near,"주택,공공임대",TRUE,1
11-1-2,K001,context,주택,TRUE,2
11-1-2,K110,context,주거,TRUE,3
11-1-3,K001,near,"가구,주택",TRUE,1
11-1-3,K110,context,주거,TRUE,2
11-1-3,K111,context,주택,TRUE,3
11-1-3,K012,context,주거급여,TRUE,4
11-2-1,K113,exact,"대중교통,수단분담률",TRUE,1
11-2-1,K093,context,교통,TRUE,2
11-2-1,K002,context,노인,TRUE,3
11-2-2,K113,near,"버스,저상버스",TRUE,1
11-2-2,K002,context,노인,TRUE,2
11-2-2,K093,context,교통,TRUE,3
11-2-2,K060,context,보급률,TRUE,4
11-2-2,K071,context,보급률,TRUE,5
11-2-3,K113,exact,"수단분담률,자전거",TRUE,1
11-2-3,K002,context,노인,TRUE,2
11-2-3,K093,context,교통,TRUE,3
11-3-1,K112,near,시가화,TRUE,1
11-3-1,K110,context,주거,TRUE,2
11-3-2,K110,context,주거,TRUE,1
11-4-1,K115,exact,"세계유산,등재,보존",TRUE,1
11-4-2,K115,exact,"세계유산,등재,보존",TRUE,1
11-5-1,K001,context,인구,TRUE,1
11-5-1,K003,context,인구,TRUE,2
11-5-1,K132,context,재난,TRUE,3
11-5-2,K132,exact,"자연재해,피해액,재난",TRUE,1
11-6-1,K140,near,"미세먼지,대기질",TRUE,1
11-6-1,K120,context,폐기물,TRUE,2
11-6-2,K140,exact,"미세먼지,초미세먼지,대기질",TRUE,1
11-6-2,K120,context,폐기물,TRUE,2
11-6-3,K120,exact,"폐기물,사업장폐기물",TRUE,1
11-6-3,K140,context,대기질,TRUE,2
11-7-1,K112,near,"공원,녹지",TRUE,1
11-7-1,K002,context,고령,TRUE,2
11-7-1,K083,context,1인당,TRUE,3
11-7-2,K112,near,"공원,녹지",TRUE,1
11-7-2,K001,context,인구,TRUE,2
11-7-2,K003,context,인구,TRUE,3
11-7-2,K002,context,고령,TRUE,4
12-1-1,K121,near,자원순환,TRUE,1
12-1-2,K202,context,기본계획 수립,TRUE,1
12-10-1,K125,near,"관광,생태관광",TRUE,1
12-11-1,K083,near,GDP,TRUE,1
12-11-1,K090,context,GDP대비,TRUE,2
12-2-1,K083,near,1인당,TRUE,1
12-2-2,K121,near,물질흐름,TRUE,1
12-3-1,K120,context,폐기물,TRUE,1
12-3-2,K083,near,1인당,TRUE,1
12-3-2,K120,near,폐기물,TRUE,2
12-4-1,K123,exact,"화학물질,유해성",TRUE,1
12-4-1,K120,context,폐기물,TRUE,2
12-4-2,K123,near,화학물질,TRUE,1
12-4-2,K120,context,폐기물,TRUE,2
12-4-3,K083,near,1인당,TRUE,1
12-4-3,K120,near,폐기물,TRUE,2
12-4-3,K123,context,화학물질,TRUE,3
12-5-1,K120,exact,"폐기물,생활폐기물,재활용",TRUE,1
12-5-1,K121,near,재활용률,TRUE,2
12-5-2,K120,exact,"폐기물,재활용",TRUE,1
12-6-1,K124,exact,"지속가능경영,보고서 발간",TRUE,1
12-6-2,K124,context,지속가능경영,TRUE,1
12-7-1,K122,near,"녹색제품,녹색구매",TRUE,1
12-7-2,K122,near,"녹색제품,녹색구매",TRUE,1
12-8-1,K190,exact,"환경교육,환경교육 수혜,교육 수혜자",TRUE,1
12-8-2,K191,near,환경의식,TRUE,1
12-8-2,K190,context,환경교육,TRUE,2
12-9-1,K083,near,1인당,TRUE,1
12-9-1,K120,context,재활용,TRUE,2
12-9-2,K120,exact,"폐기물,재활용",TRUE,1
12-9-2,K121,near,재활용률,TRUE,2
13-1-1,K132,near,"자연재해,방재",TRUE,1
13-1-1,K131,context,기후변화,TRUE,2
13-2-1,K131,near,기후변화,TRUE,1
13-2-1,K133,near,지자체,TRUE,2
13-2-1,K202,context,기본계획 수립,TRUE,3
13-2-2,K133,near,지자체,TRUE,1
13-2-2,K131,context,기후변화,TRUE,2
13-2-2,K070,context,에너지,TRUE,3
13-2-3,K133,exact,"적응대책,지자체",TRUE,1
13-2-3,K131,context,기후변화,TRUE,2
13-3-1,K133,near,적응대책,TRUE,1
13-3-1,K131,context,기후변화,TRUE,2
13-3-2,K131,near,기후변화,TRUE,1
13-4-1,K130,exact,"온실가스,배출량,CO2",TRUE,1
13-4-1,K123,context,배출량,TRUE,2
14-1-1,K062,context,수질,TRUE,1
14-1-1,K150,context,해양환경,TRUE,2
14-1-1,K153,context,보전,TRUE,3
14-1-2,K152,exact,"해양쓰레기,수거",TRUE,1
14-1-2,K150,context,해양환경,TRUE,2
14-1-2,K153,context,보전,TRUE,3
14-2-1,K151,near,"수산,수산자원",TRUE,1
14-2-1,K153,context,갯벌,TRUE,2
14-2-1,K161,context,복원,TRUE,3
14-2-2,K151,near,"수산,수산자원",TRUE,1
14-3-1,K203,exact,"해양산성화,pH,외해",TRUE,1
14-4-1,K151,exact,"수산,어업,어획량,수산자원",TRUE,1
14-5-1,K153,near,"해양보호구역,보전",TRUE,1
14-6-1,K201,near,"어가소득,어가",TRUE,1
14-7-1,K151,context,수산,TRUE,1
14-7-1,K090,context,연구개발,TRUE,2
14-7-2,K151,context,수산,TRUE,1
14-7-3,K180,near,"ODA,무상원조",TRUE,1
14-7-3,K151,context,수산,TRUE,2
14-8-1,K151,near,"어업,어선",TRUE,1
14-8-1,K014,context,가입률,TRUE,2
14-8-1,K015,context,가입률,TRUE,3
14-9-1,K153,context,보전,TRUE,1
15-1-1,K161,near,"생물다양성,복원",TRUE,1
15-1-2,K160,near,"산림,산림면적",TRUE,1
15-1-2,K161,context,복원,TRUE,2
15-2-1,K160,context,산림,TRUE,1
15-2-1,K161,context,복원,TRUE,2
15-3-1,K161,context,복원,TRUE,1
15-4-1,K161,near,"생물다양성,멸종위기",TRUE,1
15-4-2,K161,exact,"생물다양성,멸종위기,복원",TRUE,1
15-4-3,K161,near,"생물다양성,멸종위기",TRUE,1
15-4-4,K161,near,"생물다양성,멸종위기",TRUE,1
15-4-5,K161,near,"생물다양성,멸종위기",TRUE,1
15-4-5,K165,near,야생동물,TRUE,2
15-5-1,K165,exact,"야생동물,밀렵,밀거래,단속",TRUE,1
15-5-2,K165,near,야생동물,TRUE,1
15-6-1,K200,exact,"외래생물,관리대상종",TRUE,1
15-6-2,K160,context,산림,TRUE,1
15-7-1,K160,context,산림,TRUE,1
15-7-1,K161,context,복원,TRUE,2
15-7-1,K162,context,생태축,TRUE,3
15-7-2,K161,context,복원,TRUE,1
15-7-2,K162,context,생태축,TRUE,2
16-1-1,K170,context,범죄,TRUE,1
16-1-2,K052,near,폭력피해,TRUE,1
16-1-2,K170,context,피해,TRUE,2
16-10-1,K170,context,범죄,TRUE,1
16-10-1,K180,context,ODA,TRUE,2
16-11-1,K102,context,차별,TRUE,1
16-11-2,K103,near,차별경험,TRUE,1
16-11-2,K102,context,차별,TRUE,2
16-12-1,K170,exact,"범죄,검거,발생",TRUE,1
16-12-2,K092,near,"디지털,정보격차",TRUE,1
16-2-1,K171,exact,"아동학대,학대,피해아동,발견율",TRUE,1
16-2-1,K170,context,피해,TRUE,2
16-2-2,K171,context,학대,TRUE,1
16-3-1,K174,exact,"법률구조,구조건수",TRUE,1
16-4-1,K170,context,범죄,TRUE,1
16-4-2,K170,context,범죄,TRUE,1
16-5-1,K173,context,부패,TRUE,1
16-6-1,K103,near,"신뢰,사회통합",TRUE,1
16-7-1,K053,context,의사결정,TRUE,1
16-7-1,K103,context,사회통합,TRUE,2
16-7-1,K102,context,포용,TRUE,3
16-8-1,K175,near,출생등록,TRUE,1
16-9-1,K172,near,"정보공개,청구",TRUE,1
17-1-1,K180,near,ODA,TRUE,1
17-1-1,K181,context,개발재원,TRUE,2
17-2-1,K182,exact,"교역,무역,개발도상국",TRUE,1
17-2-2,K182,exact,"교역,무역,개발도상국",TRUE,1
17-2-2,K183,near,투자규모,TRUE,2
17-3-1,K180,near,ODA,TRUE,1
17-3-1,K182,context,개발도상국,TRUE,2
17-4-1,K180,near,"ODA,개발협력",TRUE,1
17-5-1,K202,exact,"지속가능발전,정책일관성,PCSD",TRUE,1
17-5-2,K202,near,"지속가능발전,정책일관성",TRUE,1
17-6-1,K182,context,개발도상국,TRUE,1
17-6-1,K202,context,지속가능발전,TRUE,2
17-7-1,K202,near,민관협의체,TRUE,1
17-7-2,K180,near,ODA,TRUE,1
2-1-1,K023,near,식품안정성,TRUE,1
2-2-1,K021,near,농가소득,TRUE,1
2-2-1,K020,context,농가,TRUE,2
2-2-2,K021,context,농가소득,TRUE,1
2-2-2,K020,context,농가,TRUE,2
2-2-2,K014,context,가입률,TRUE,3
2-2-2,K015,context,가입률,TRUE,4
2-3-1,K024,exact,"유기농,인증면적",TRUE,1
2-3-1,K020,context,농업,TRUE,2
2-3-2,K192,near,"토양,유기물",TRUE,1
2-3-2,K020,context,경지,TRUE,2
2-3-3,K192,exact,"토양,밭토양,산도,pH",TRUE,1
2-3-3,K203,context,"pH,산도",TRUE,2
2-4-1,K193,exact,"식물유전자원,유전자원,종자,보존시설,자원 점수",TRUE,1
2-4-2,K193,exact,"유전자원,종자,보존시설,자원 점수",TRUE,1
2-4-2,K194,near,동물유전자원,TRUE,2
2-4-3,K193,context,종자,TRUE,1
2-4-3,K131,context,기후변화,TRUE,2
2-5-1,K195,exact,"비축미,정부비축,재고량",TRUE,1
3-1-1,K030,near,사망률,TRUE,1
3-1-1,K004,context,사망,TRUE,2
3-1-1,K031,context,당뇨,TRUE,3
3-1-2,K031,context,당뇨,TRUE,1
3-1-3,K031,context,흡연,TRUE,1
3-1-4,K016,near,"장애인,장애",TRUE,1
3-1-4,K031,context,유병,TRUE,2
3-2-1,K030,near,자살률,TRUE,1
3-2-1,K035,context,정신건강,TRUE,2
3-2-2,K035,context,정신건강,TRUE,1
3-3-1,K114,exact,"교통사고,사고사망",TRUE,1
3-3-1,K004,context,사망,TRUE,2
3-3-1,K084,context,사고사망,TRUE,3
3-4-1,K034,near,"감염병,결핵",TRUE,1
3-4-2,K034,near,"감염병,발생률",TRUE,1
3-5-1,K004,near,"출생,사망",TRUE,1
3-5-1,K030,near,모성사망,TRUE,2
3-6-1,K004,near,"출생,사망",TRUE,1
3-6-1,K030,near,사망률,TRUE,2
3-6-2,K044,context,영유아,TRUE,1
3-6-3,K031,near,"비만,유병",TRUE,1
3-7-1,K140,exact,"미세먼지,초미세먼지,PM2.5",TRUE,1
3-7-1,K123,context,화학물질,TRUE,2
3-7-1,K004,context,사망,TRUE,3
3-7-2,K123,near,"화학물질,유해물질",TRUE,1
3-7-2,K004,context,사망,TRUE,2
3-8-1,K004,exact,"출생,사망,영아사망",TRUE,1
3-8-1,K030,near,사망률,TRUE,2
3-8-1,K002,context,고령,TRUE,3
3-8-2,K002,context,고령,TRUE,1
3-8-2,K004,context,출생,TRUE,2
3-8-3,K002,context,고령,TRUE,1
3-8-3,K004,context,출생,TRUE,2
3-8-4,K002,near,"고령,노인",TRUE,1
3-8-4,K004,context,출생,TRUE,2
3-9-1,K196,near,"병상,공공병상",TRUE,1
4-1-1,K040,exact,"취학률,고등교육,유치원,학교",TRUE,1
4-1-1,K041,context,학습성과,TRUE,2
4-1-1,K016,context,장애,TRUE,3
4-1-2,K043,exact,"PISA,국제학업성취",TRUE,1
4-1-2,K041,near,"학업성취,학습성과",TRUE,2
4-1-2,K016,context,장애,TRUE,3
4-1-3,K041,near,학습성과,TRUE,1
4-1-3,K016,context,장애,TRUE,2
4-10-1,K040,near,학생수,TRUE,1
4-10-1,K083,context,1인당,TRUE,2
4-10-2,K044,near,"보육,보육교사",TRUE,1
4-10-3,K040,near,학생수,TRUE,1
4-10-3,K043,context,수학,TRUE,2
4-10-4,K204,exact,"전문상담교사,상담교사",TRUE,1
4-2-1,K044,near,"보육,영유아",TRUE,1
4-2-2,K044,near,"보육,영유아",TRUE,1
4-2-2,K040,context,학교,TRUE,2
4-2-2,K092,context,이용률,TRUE,3
4-2-3,K044,exact,"보육,어린이집,영유아",TRUE,1
4-2-3,K040,near,유치원,TRUE,2
4-2-3,K092,context,이용률,TRUE,3
4-2-4,K044,near,"보육,영유아",TRUE,1
4-3-1,K040,near,"고등교육,학교",TRUE,1
4-3-1,K199,context,직업교육,TRUE,2
4-3-1,K016,context,장애,TRUE,3
4-3-2,K199,context,직업교육,TRUE,1
4-3-2,K016,context,장애,TRUE,2
4-3-2,K040,context,학교,TRUE,3
4-3-2,K083,context,1인당,TRUE,4
4-3-3,K042,exact,"성인학습,참여율",TRUE,1
4-3-3,K040,near,"고등교육,학교",TRUE,2
4-3-3,K199,context,직업교육,TRUE,3
4-3-3,K016,context,장애,TRUE,4
4-4-1,K042,exact,"평생학습,참여율",TRUE,1
4-4-2,K199,near,직업교육,TRUE,1
4-4-3,K092,context,"디지털,ICT",TRUE,1
4-5-1,K016,near,"장애인,장애",TRUE,1
4-6-1,K197,exact,"PIAAC,언어역량,수리역량,숙련도,문해",TRUE,1
4-6-1,K198,context,문해,TRUE,2
4-6-2,K198,exact,"문해율,문해,성인문해",TRUE,1
4-6-2,K197,context,문해,TRUE,2
4-7-1,K202,context,지속가능발전,TRUE,1
4-7-2,K202,context,지속가능발전,TRUE,1
4-7-3,K202,context,지속가능발전,TRUE,1
4-7-4,K040,context,교원,TRUE,1
4-7-4,K202,context,지속가능발전,TRUE,2
4-8-1,K040,near,"학급,학교",TRUE,1
4-8-1,K016,near,"장애인,장애",TRUE,2
4-8-1,K043,context,수학,TRUE,3
4-8-2,K016,near,"장애인,장애",TRUE,1
4-8-2,K040,context,학교,TRUE,2
4-8-3,K016,near,"장애인,장애",TRUE,1
4-9-1,K090,context,GDP대비,TRUE,1
4-9-1,K083,context,GDP,TRUE,2
5-2-1,K052,near,가정폭력,TRUE,1
5-2-2,K052,near,성폭력,TRUE,1
5-2-2,K170,context,"검거,발생",TRUE,2
5-2-3,K170,near,"범죄,검거,발생",TRUE,1
5-2-3,K052,near,성폭력,TRUE,2
5-2-3,K092,context,디지털,TRUE,3
5-3-1,K001,context,가구,TRUE,1
5-3-1,K044,context,돌봄,TRUE,2
5-4-1,K053,near,"의사결정,성비",TRUE,1
5-4-2,K053,near,"의사결정,대표성",TRUE,1
5-4-3,K051,near,여성관리자,TRUE,1
5-4-3,K053,context,의사결정,TRUE,2
5-7-1,K050,context,성평등,TRUE,1
6-1-1,K060,near,수돗물,TRUE,1
6-1-2,K060,exact,"상수도,보급률",TRUE,1
6-1-2,K071,context,보급률,TRUE,2
6-2-1,K060,near,보급률,TRUE,1
6-2-1,K061,near,하수도,TRUE,2
6-2-1,K071,context,보급률,TRUE,3
6-2-2,K061,near,하수도,TRUE,1
6-3-1,K062,context,수질,TRUE,1
6-3-2,K062,context,수질,TRUE,1
6-3-3,K062,context,수질,TRUE,1
6-4-1,K060,near,"상수도,누수",TRUE,1
6-4-1,K064,context,수자원,TRUE,2
6-4-2,K060,near,상수도,TRUE,1
6-4-2,K064,context,수자원,TRUE,2
6-4-3,K061,near,하수처리,TRUE,1
6-4-3,K064,context,수자원,TRUE,2
6-5-3,K163,near,"보호지역,습지보호지역",TRUE,1
6-5-3,K153,context,습지보호,TRUE,2
6-6-2,K062,context,수질,TRUE,1
7-1-1,K070,near,에너지,TRUE,1
7-1-1,K074,near,바우처,TRUE,2
7-2-1,K071,exact,"재생에너지,발전비중",TRUE,1
7-2-1,K070,near,에너지,TRUE,2
7-2-2,K070,exact,"에너지,1차에너지",TRUE,1
7-2-2,K071,near,재생에너지,TRUE,2
7-3-1,K073,near,에너지효율,TRUE,1
7-3-1,K070,near,에너지,TRUE,2
7-3-2,K073,near,에너지효율,TRUE,1
7-3-2,K070,near,에너지,TRUE,2
7-4-1,K070,near,"에너지,에너지소비",TRUE,1
7-4-2,K070,near,"에너지,에너지소비",TRUE,1
8-1-1,K083,exact,"GDP,1인당",TRUE,1
8-2-1,K080,near,고용률,TRUE,1
8-2-1,K016,context,장애,TRUE,2
8-2-1,K081,context,일자리,TRUE,3
8-2-2,K080,near,비정규직,TRUE,1
8-2-2,K081,context,일자리,TRUE,2
8-3-1,K094,exact,"중소기업,소상공인",TRUE,1
8-3-1,K080,near,취업자,TRUE,2
8-3-1,K081,context,취업,TRUE,3
8-3-2,K094,near,"중소기업,소상공인,창업",TRUE,1
8-4-1,K082,near,"임금,임금격차",TRUE,1
8-6-1,K084,near,사고사망,TRUE,1
8-6-1,K114,context,사고사망,TRUE,2
8-6-2,K084,near,재해율,TRUE,1
9-1-1,K093,context,도로,TRUE,1
9-1-1,K060,context,보급률,TRUE,2
9-1-1,K071,context,보급률,TRUE,3
9-1-2,K092,exact,"정보화,디지털",TRUE,1
9-3-1,K090,context,혁신,TRUE,1
9-3-2,K090,context,혁신,TRUE,1
9-4-1,K090,exact,"연구개발,GDP대비",TRUE,1
9-4-1,K083,near,GDP,TRUE,2
9-5-1,K130,near,"배출량,탄소,CO2",TRUE,1
9-5-1,K083,near,부가가치,TRUE,2
9-5-1,K091,near,부가가치,TRUE,3
9-5-1,K090,context,혁신,TRUE,4
9-5-1,K123,context,배출량,TRUE,5
9-5-2,K120,near,"폐기물,재활용",TRUE,1
9-5-2,K090,context,혁신,TRUE,2
