indicator_id,target_id,indicator_name,definition,method,unit,direction,baseline_year,baseline_value,target_year,target_value,long_year,long_value,target_label,long_label,kind,source_page,source,source_url,update_cycle,custodian,status_override,is_headline,display,note,order
1-1-1,1-1,중위 가처분소득 50% 기준 상대빈곤율,,,%,down,2018,16.7,2030,14.3,2040,11.8,14.3%,11.8%,정량,14,제4차 지속가능발전 기본계획,,,보건복지부,,TRUE,TRUE,제4차 지속가능발전 기본계획 p.14,1
1-1-2,1-1,복지 급여(소득보장) 예산 및 GDP 대비 비율,,,%,up,2018,0.97,2030,1,2040,1.5,1.0% 이상,1.5% 이상,정량,14,제4차 지속가능발전 기본계획,,,보건복지부,,TRUE,TRUE,제4차 지속가능발전 기본계획 p.14,2
1-2-1,1-2,의료비 가계직접 본인부담률,,,%,down,2018,36.2,2030,30,2040,25,30.0%,25.0%,정량,16,제4차 지속가능발전 기본계획,,,보건복지부,,FALSE,TRUE,제4차 지속가능발전 기본계획 p.16,3
1-2-2,1-2,고용보험 가입률,,,%,down,2019,90.3,2030,90,2040,99,90.0%,99.0%,정량,16,제4차 지속가능발전 기본계획,,,보건복지부,,FALSE,TRUE,제4차 지속가능발전 기본계획 p.16,4
1-2-3,1-2,국민연금 보험료 납부율,,,%,up,2018,78.6,2030,82.5,2040,84.2,82.5%,84.2%,정량,16,제4차 지속가능발전 기본계획,,,보건복지부,,FALSE,TRUE,제4차 지속가능발전 기본계획 p.16,5
1-3-1,1-3,GDP 대비 공적사회 지출 비중,,,%,up,2018,11.1,2030,15,2040,20,15.0%,20.0%,정량,17,제4차 지속가능발전 기본계획,,,보건복지부,,FALSE,TRUE,제4차 지속가능발전 기본계획 p.17,6
1-3-2,1-3,사회복지 서비스업 종사자 비중,,,%,up,2015,3,2030,5.1,2040,6.5,5.1%,6.5%,정량,17,제4차 지속가능발전 기본계획,,,보건복지부,,FALSE,TRUE,제4차 지속가능발전 기본계획 p.17,7
1-4-1,1-4,취약계층 긴급복지지원 예산 및 비율 ※ 긴급복지 예산 = 긴급복지 지원금+ 일자리사업,,,,up,2018,,2030,,2040,,GDP대비 0.008%,GDP대비 0.009%,정성,19,제4차 지속가능발전 기본계획,,,,,FALSE,TRUE,제4차 지속가능발전 기본계획 p.19,8
1-4-2,1-4,안전취약계층의 안전사고 사망률의 비중,,,,down,,,2030,,2040,,지속 감소,지속 감소,정성,19,제4차 지속가능발전 기본계획,,,,,FALSE,TRUE,제4차 지속가능발전 기본계획 p.19,9
10-1-1,10-1,전체 인구의 균등화한 가구소득 대비 소득하위 40% 인구의 균등화한 가구소득의 비율,,,%,up,2018,46,2030,50,2040,55,50.0%,55.0%,정량,185,제4차 지속가능발전 기본계획,,,보건복지부·기획재정부,,TRUE,TRUE,제4차 지속가능발전 기본계획 p.185,10
10-1-2,10-1,소득격차비율,,,%,down,2018,34.2,2030,30,2040,28,30.0%,28.0%,정량,185,제4차 지속가능발전 기본계획,,,보건복지부·기획재정부,,TRUE,TRUE,제4차 지속가능발전 기본계획 p.185,11
10-2-1,10-2,소득 5분위 배율,,,,down,2017,5.1,2030,,2040,,안정적 유지,안정적 유지,정성,187,제4차 지속가능발전 기본계획,,,보건복지부·고용노동부·기획재정부,,FALSE,TRUE,제4차 지속가능발전 기본계획 p.187,12
10-2-2,10-2,"소득 1, 2분위 가구의 순자산 점유율",,,%,down,2019,17.9,2030,,2040,,지속 감소,지속 감소,정성,187,제4차 지속가능발전 기본계획,,,보건복지부·고용노동부·기획재정부,,FALSE,TRUE,제4차 지속가능발전 기본계획 p.187,13
10-3-1,10-3,인구집단별 고용률,,,,up,2019,,2030,,2040,,(여성) 62.0% (장애인) 지속 확대,(여성) 67.0% (장애인) 지속 확대,정성,191,제4차 지속가능발전 기본계획,,,보건복지부·고용노동부·기획재정부,,FALSE,TRUE,제4차 지속가능발전 기본계획 p.191,14
10-3-2,10-3,장애인의무고용률,,,%,up,2019,3.1,2030,,2040,,지속 확대,지속 확대,정성,191,제4차 지속가능발전 기본계획,,,보건복지부·고용노동부·기획재정부,,FALSE,TRUE,제4차 지속가능발전 기본계획 p.191,15
10-4-1,10-4,GDP 대비 노동소득 분배율,,,%,up,2017,53.8,2030,56,2040,57,56.0%,57.0%,정량,193,제4차 지속가능발전 기본계획,,,고용노동부·기획재정부·중소벤처기업부,,FALSE,TRUE,제4차 지속가능발전 기본계획 p.193,16
10-5-1,10-5,이주민 권리보장에 관한 국제/국내 인권기구 권고에 대한 적극적 수용,,,,up,2018,,2030,,2040,,(국제) 50.0% (국내) 100.0%,(국제) 100.0% (국내) 100.0% 유지,정성,197,제4차 지속가능발전 기본계획,,,법무부·여성가족부,,FALSE,TRUE,제4차 지속가능발전 기본계획 p.197,17
10-5-2,10-5,지방자치단체 외국인 주민 통합조례 제정률,,,%,up,,,2030,100,2040,100,100%,100% 유지,정량,197,제4차 지속가능발전 기본계획,,,법무부·여성가족부,,FALSE,TRUE,제4차 지속가능발전 기본계획 p.197,18
10-5-3,10-5,국민 다문화 수용성 지표,,,,up,2018,,2030,,2040,,(일반국민) 70점 (청소년) 80점,(일반국민) 80점 (청소년) 90점,정성,197,제4차 지속가능발전 기본계획,,,법무부·여성가족부,,FALSE,TRUE,제4차 지속가능발전 기본계획 p.197,19
10-5-4,10-5,지방자치단체 공무원 이민/다문화 교육 이수율,현재 통계 미구축,,%,up,,,2030,70,2040,100,70.0%,100.0%,정량,197,제4차 지속가능발전 기본계획,,,법무부·여성가족부,,FALSE,TRUE,제4차 지속가능발전 기본계획 p.197 · 현재 통계 미구축,20
11-1-1,11-1,최저주거기준 미달가구 비율,,,%,down,2019,5.3,,,,,,,모니터링,113,제4차 지속가능발전 기본계획,,,국토교통부,,FALSE,TRUE,제4차 지속가능발전 기본계획 p.113,21
11-1-2,11-1,공공임대주택 공급호수,,,만호,up,2018,2.99,,,,,,,모니터링,113,제4차 지속가능발전 기본계획,,,국토교통부,,FALSE,TRUE,제4차 지속가능발전 기본계획 p.113,22
11-1-3,11-1,주거급여 수급가구(만호) 및 재정 집행액,,,만,up,2019,119,,,,,,,모니터링,113,제4차 지속가능발전 기본계획,,,국토교통부,,FALSE,TRUE,제4차 지속가능발전 기본계획 p.113,23
11-2-1,11-2,대중교통 수단분담률,,,%,up,2016,44.6,,,,,,,모니터링,115,제4차 지속가능발전 기본계획,,,국토교통부·행정안전부,,FALSE,TRUE,제4차 지속가능발전 기본계획 p.115,24
11-2-2,11-2,저상버스 보급률,,,%,up,2018,23.4,,,,,,,모니터링,115,제4차 지속가능발전 기본계획,,,국토교통부·행정안전부,,FALSE,TRUE,제4차 지속가능발전 기본계획 p.115,25
11-2-3,11-2,자전거 수단분담률,,,%,up,2015,1.43,,,,,,,모니터링,115,제4차 지속가능발전 기본계획,,,국토교통부·행정안전부,,FALSE,TRUE,제4차 지속가능발전 기본계획 p.115,26
11-3-1,11-3,시가화구역 내 이용토지면적 비율,구축 통계 없음 · 목표치 설정 불가 (통계 미구축),,,up,,,,,,,,,통계미구축,117,제4차 지속가능발전 기본계획,,,국토교통부·행정안전부,,FALSE,TRUE,제4차 지속가능발전 기본계획 p.117 · 구축 통계 없음 · 목표치 설정 불가 (통계 미구축),27
11-3-2,11-3,시민참여 활성화 예산율,구축 통계 없음 · 목표치 설정 불가 (통계 미구축),,,up,,,,,,,,,통계미구축,117,제4차 지속가능발전 기본계획,,,국토교통부·행정안전부,,FALSE,TRUE,제4차 지속가능발전 기본계획 p.117 · 구축 통계 없음 · 목표치 설정 불가 (통계 미구축),28
11-4-1,11-4,세계유산 등재건수,,,건,up,2019,1,,,,,,,모니터링,118,제4차 지속가능발전 기본계획,,,문화재청,,FALSE,TRUE,제4차 지속가능발전 기본계획 p.118,29
11-4-2,11-4,세계유산등재 및 보존관리 예산,,,백만원,up,2020,45253,,,,,,,모니터링,118,제4차 지속가능발전 기본계획,,,문화재청,,FALSE,TRUE,제4차 지속가능발전 기본계획 p.118,30
11-5-1,11-5,인구 십만 명당 사회재난으로 인한 사망･실종인구,,,명,down,2019,0.13,2030,0.1,2040,0.1,0.1명 이하,0.1명 이하,정량,122,제4차 지속가능발전 기본계획,,,행정안전부·국토교통부,,TRUE,TRUE,제4차 지속가능발전 기본계획 p.122,31
11-5-2,11-5,자연재해로 인한 피해액 대비 국가복구예산액,,,%,down,2019,623.8,2030,,2040,,일정 비율 유지,일정 비율 유지,정성,122,제4차 지속가능발전 기본계획,,,행정안전부·국토교통부,,FALSE,TRUE,제4차 지속가능발전 기본계획 p.122,32
11-6-1,11-6,미세먼지 나쁨일수,,,,down,2018,59,,,,,,,모니터링,126,제4차 지속가능발전 기본계획,,,환경부·산업통상자원부·행정안전부·해양수산부,,FALSE,TRUE,제4차 지속가능발전 기본계획 p.126,33
11-6-2,11-6,연평균 초미세먼지 농도,,,㎍/㎥,down,2017,25.14,,,,,,,모니터링,126,제4차 지속가능발전 기본계획,,,환경부·산업통상자원부·행정안전부·해양수산부,,FALSE,TRUE,제4차 지속가능발전 기본계획 p.126,34
11-6-3,11-6,생활 및 사업장폐기물 발생량,,,,down,2018,,2030,,2040,,지속 감소,지속 감소,정성,126,제4차 지속가능발전 기본계획,,,환경부·산업통상자원부·행정안전부·해양수산부,,FALSE,TRUE,제4차 지속가능발전 기본계획 p.126,35
11-7-1,11-7,1인당 도시공원 면적,,,㎥,up,2018,10.1,,,,,,,모니터링,128,제4차 지속가능발전 기본계획,,,환경부·국토교통부,,FALSE,TRUE,제4차 지속가능발전 기본계획 p.128,36
11-7-2,11-7,공원시설 접근이 용이한 인구 비중,,,%,up,2019,42.8,,,,,,,모니터링,128,제4차 지속가능발전 기본계획,,,환경부·국토교통부,,FALSE,TRUE,제4차 지속가능발전 기본계획 p.128,37
12-1-1,12-1,자원순환기본계획 및 자원순환시행계획 수립 건수,관련 통계 미구축,,건,up,,,2030,18,2040,18,18건,18건 유지,정량,207,제4차 지속가능발전 기본계획,,,기획재정부·환경부·산업통상자원부·중소벤처기업부,,FALSE,TRUE,제4차 지속가능발전 기본계획 p.207 · 관련 통계 미구축,38
12-1-2,12-1,국가 지속가능생산･ 소비기본계획 수립 여부,없음,,,up,,,2030,,2040,,기반 마련,수립,정성,207,제4차 지속가능발전 기본계획,,,기획재정부·환경부·산업통상자원부·중소벤처기업부,,FALSE,TRUE,제4차 지속가능발전 기본계획 p.207 · 없음,39
12-10-1,12-10,지속가능관광의 참여자수,생태관광운영평가 보고서를 확인하여 수치 산출 필요,,,up,,,2030,,2040,,(방문자수) 오백만 명 (해설사) 오천 명,(방문자수) 칠백만 명 (해설사) 칠천 명,정성,227,제4차 지속가능발전 기본계획,,,환경부·문화체육관광부,,FALSE,TRUE,제4차 지속가능발전 기본계획 p.227 · 생태관광운영평가 보고서를 확인하여 수치 산출 필요,40
12-11-1,12-11,GDP 대비 화석연료 보조금 비율,,,%,down,2018,0.21,2030,0.1,2040,0,0.10%,0.00%,정량,228,제4차 지속가능발전 기본계획,,,산업통상자원부,,TRUE,TRUE,제4차 지속가능발전 기본계획 p.228,41
12-2-1,12-2,국내 1인당 자원소비량,,,,up,2016,12.8,2030,13,2040,13.4,13.0(톤/인),13.4(톤/인),정량,209,제4차 지속가능발전 기본계획,,,환경부·산업통상자원부,,TRUE,TRUE,제4차 지속가능발전 기본계획 p.209,42
12-2-2,12-2,물질흐름통계(MFA) 구축 대상 자원수,,,개,up,2019,24,2030,100,2040,100,100개,100개,정량,209,제4차 지속가능발전 기본계획,,,환경부·산업통상자원부,,FALSE,TRUE,제4차 지속가능발전 기본계획 p.209,43
12-3-1,12-3,식품손실지수,현재 통계치 없음,,,down,,,2030,,2040,,지속 감소,지속 감소,정성,210,제4차 지속가능발전 기본계획,,,환경부,,FALSE,TRUE,제4차 지속가능발전 기본계획 p.210 · 현재 통계치 없음,44
12-3-2,12-3,1인당 식품폐기물 발생량,,,kg/인･일,down,2018,0.28,2030,0.23,2040,0.21,0.23kg/인･일,0.21kg/인･일,정량,210,제4차 지속가능발전 기본계획,,,환경부,,FALSE,TRUE,제4차 지속가능발전 기본계획 p.210,45
12-4-1,12-4,화학물질의 유해성 정보 확보율,현재 수치 산출 필요,,%,up,,,2030,70,2040,100,70%,100.0%,정량,212,제4차 지속가능발전 기본계획,,,환경부,,FALSE,TRUE,제4차 지속가능발전 기본계획 p.212 · 현재 수치 산출 필요,46
12-4-2,12-4,사고대비 화학물질 수,,,개,up,2019,97,2030,140,2040,200,140개,200개,정량,212,제4차 지속가능발전 기본계획,,,환경부,,FALSE,TRUE,제4차 지속가능발전 기본계획 p.212,47
12-4-3,12-4,1인당 유해폐기물 발생량,,,kg/인･년,down,2018,109.6,2030,90,2040,80,90kg/인･년,80kg/인･년,정량,212,제4차 지속가능발전 기본계획,,,환경부,,FALSE,TRUE,제4차 지속가능발전 기본계획 p.212,48
12-5-1,12-5,생활폐기물의 재활용률,,,%,up,2018,62,2030,68,2040,75,68.0%,75.0%,정량,215,제4차 지속가능발전 기본계획,,,환경부,,FALSE,TRUE,제4차 지속가능발전 기본계획 p.215,49
12-5-2,12-5,사업장배출시설계폐기물 재활용 비율,,,%,up,2018,81.6,2030,85,2040,90,85.0%,90.0%,정량,215,제4차 지속가능발전 기본계획,,,환경부,,FALSE,TRUE,제4차 지속가능발전 기본계획 p.215,50
12-6-1,12-6,지속가능경영보고서 발간 기업 수,,,개,up,2017,108,2030,200,2040,400,200개,400개,정량,217,제4차 지속가능발전 기본계획,,,산업통상자원부·중소벤처기업부,,FALSE,TRUE,제4차 지속가능발전 기본계획 p.217,51
12-6-2,12-6,녹색경영 참여 기업수,,,개,up,2017,160,2030,300,2040,1000,300개,"1,000개",정량,217,제4차 지속가능발전 기본계획,,,산업통상자원부·중소벤처기업부,,FALSE,TRUE,제4차 지속가능발전 기본계획 p.217,52
12-7-1,12-7,공공분야(지방자치단체) 녹색제품 구매율,,,%,up,2019,54.4,2030,70,2040,75,70.0%,75.0%,정량,219,제4차 지속가능발전 기본계획,,,환경부·행정안전부·기획재정부,,FALSE,TRUE,제4차 지속가능발전 기본계획 p.219,53
12-7-2,12-7,생활용품의 녹색제품 인증 건수,,,건,up,2017,59,2030,100,2040,100,100건,100건,정량,219,제4차 지속가능발전 기본계획,,,환경부·행정안전부·기획재정부,,FALSE,TRUE,제4차 지속가능발전 기본계획 p.219,54
12-8-1,12-8,인구대비 환경교육 수혜자 비율,,,%,up,2019,19.2,2030,35,2040,50,35.0%,50.0%,정량,223,제4차 지속가능발전 기본계획,,,환경부,,FALSE,TRUE,제4차 지속가능발전 기본계획 p.223,55
12-8-2,12-8,일반 국민의 환경의식 수준,,,점,up,2018,55.4,2030,65,2040,75,65점,75점,정량,223,제4차 지속가능발전 기본계획,,,환경부,,FALSE,TRUE,제4차 지속가능발전 기본계획 p.223,56
12-9-1,12-9,1인당 플라스틱 소비량,,,kg/인/년,down,2018,122,2030,110,2040,98,110kg/인/년,98kg/인/년,정량,225,제4차 지속가능발전 기본계획,,,환경부,,FALSE,TRUE,제4차 지속가능발전 기본계획 p.225,57
12-9-2,12-9,플라스틱 폐기물의 재활용률,,,%,up,2017,58.9,2030,70,2040,100,70.0%,100.0%,정량,225,제4차 지속가능발전 기본계획,,,환경부,,FALSE,TRUE,제4차 지속가능발전 기본계획 p.225,58
13-1-1,13-1,방재시설 집행 비율,,,%,up,2019,95.32,2030,97,2040,98.5,97.0%,98.5%,정량,263,제4차 지속가능발전 기본계획,,,환경부·행정안전부·해양수산부·기상청·농촌진흥청,,TRUE,TRUE,제4차 지속가능발전 기본계획 p.263,59
13-2-1,13-2,기후변화대응 기본계획 수립 지자체 비율,현 수치 산출 필요,,,up,,,2030,,2040,,지속 증가,지속 증가,정성,265,제4차 지속가능발전 기본계획,,,환경부·산업통상자원부,,FALSE,TRUE,제4차 지속가능발전 기본계획 p.265 · 현 수치 산출 필요,60
13-2-2,13-2,기후･에너지 전담기관 설치 지자체 비율,현 수치 산출 필요,,%,up,,,2030,50,2040,100,50.0%,100.0%,정량,265,제4차 지속가능발전 기본계획,,,환경부·산업통상자원부,,FALSE,TRUE,제4차 지속가능발전 기본계획 p.265 · 현 수치 산출 필요,61
13-2-3,13-2,적응대책 이행 모니터링 파트너십 운영 지자체 비율,현 수치 산출 필요 · 목표치 설정 불가 (통계 미구축),,,up,,,,,,,,,통계미구축,265,제4차 지속가능발전 기본계획,,,환경부·산업통상자원부,,FALSE,TRUE,제4차 지속가능발전 기본계획 p.265 · 현 수치 산출 필요 · 목표치 설정 불가 (통계 미구축),62
13-3-1,13-3,공공기관 적응대책 수립･이행 비율,,,%,up,2019,10.03,2030,100,2040,100,100%,100% 유지,정량,267,제4차 지속가능발전 기본계획,,,환경부·산업통상자원부,,TRUE,TRUE,제4차 지속가능발전 기본계획 p.267,63
13-3-2,13-3,기후변화 교육 의무화 학교 비율,현재 통계치 활용하여 산출 필요,,%,up,,,2030,100,2040,100,100%,100% 유지,정량,267,제4차 지속가능발전 기본계획,,,환경부·산업통상자원부,,FALSE,TRUE,제4차 지속가능발전 기본계획 p.267 · 현재 통계치 활용하여 산출 필요,64
13-4-1,13-4,국가 온실가스 배출량,,,MtCO2eg.,down,2017,709.1,2030,,2040,,2017년 대비 24.4% 감축,2017년 대비 33.6% 감축,정성,268,제4차 지속가능발전 기본계획,,,,,FALSE,TRUE,제4차 지속가능발전 기본계획 p.268,65
14-1-1,14-1,"수질평가 지수값(WQI, Water Quality Index)을 이용한 생태기반 해역별 해수수질 기준 달성률",,,%,up,2019,81,2030,90,2040,,90.0%,지속 확대,정량,276,제4차 지속가능발전 기본계획,,,해양수산부·환경부,,TRUE,TRUE,제4차 지속가능발전 기본계획 p.276,66
14-1-2,14-1,해양쓰레기 수거량,,,만톤,up,2019,11,2030,,2040,,지속 증가,지속 증가,정성,276,제4차 지속가능발전 기본계획,,,해양수산부·환경부,,FALSE,TRUE,제4차 지속가능발전 기본계획 p.276,67
14-2-1,14-2,갯벌복원면적,,,㎢,up,2016,2.04,2030,10,2040,,10㎢,지속 확대,정량,278,제4차 지속가능발전 기본계획,,,해양수산부·환경부,,TRUE,TRUE,제4차 지속가능발전 기본계획 p.278,68
14-2-2,14-2,바다숲 조성 누적면적,"21,490ha",,ha,up,,,2030,54000,2040,,"54,000ha",지속 확대,정량,278,제4차 지속가능발전 기본계획,,,해양수산부·환경부,,FALSE,TRUE,"제4차 지속가능발전 기본계획 p.278 · 21,490ha",69
14-3-1,14-3,외해 평균 pH 농도 적정 범위(8.0〜8.2) 유지,,,pH,up,2017,8.1,2030,8.1,2040,8.1,8.1pH,8.1pH,정량,280,제4차 지속가능발전 기본계획,,,해양수산부,,FALSE,TRUE,제4차 지속가능발전 기본계획 p.280,70
14-4-1,14-4,총허용어획량(TAC) 할당 비율 확대,,,%,up,2020,29,2030,80,2040,,80.0%,지속 확대,정량,283,제4차 지속가능발전 기본계획,,,해양수산부,,FALSE,TRUE,제4차 지속가능발전 기본계획 p.283,71
14-5-1,14-5,해양보호구역 지정 면적,,,㎢,down,2020,7979,2030,4300,2040,,"4,300㎢",지속확대,정량,285,제4차 지속가능발전 기본계획,,,해양수산부·환경부,,FALSE,TRUE,제4차 지속가능발전 기본계획 p.285,72
14-6-1,14-6,도시근로자 가구소득 대비 어가소득,,,%,up,2020,72.6,2030,80,2040,,80.0%,지속 확대,정량,288,제4차 지속가능발전 기본계획,,,,,FALSE,TRUE,제4차 지속가능발전 기본계획 p.288,73
14-7-1,14-7,정부연구개발예산 대비 해양 수산 연구개발 투자비중,,,%,up,2020,2.86,2030,4,2040,5,4.0%,5.0%,정량,290,제4차 지속가능발전 기본계획,,,해양수산부,,FALSE,TRUE,제4차 지속가능발전 기본계획 p.290,74
14-7-2,14-7,국내 해양수산과학 기술이전 건수,,,건,up,2019,100,2030,150,2040,200,150건,200건,정량,290,제4차 지속가능발전 기본계획,,,해양수산부,,FALSE,TRUE,제4차 지속가능발전 기본계획 p.290,75
14-7-3,14-7,정부의 ODA 중 해양수산 분야 무상원조 규모,,,억원,up,2020,158.2,2030,300,2040,,300억 원,지속확대,정량,290,제4차 지속가능발전 기본계획,,,해양수산부,,FALSE,TRUE,제4차 지속가능발전 기본계획 p.290,76
14-8-1,14-8,국내 3톤 이상 4톤 미만 어선의 어선원 보험 가입률,,,%,up,,,2030,60,2040,,60.0%,지속 확대,정량,292,제4차 지속가능발전 기본계획,,,해양수산부,,FALSE,TRUE,제4차 지속가능발전 기본계획 p.292,77
14-9-1,14-9,관련 협약 국내적 수용을 위한 국내 입법 진행율,최초 산출 필요,,%,up,,,2030,100,2040,100,100.0%,100.0%,정량,294,제4차 지속가능발전 기본계획,,,,,FALSE,TRUE,제4차 지속가능발전 기본계획 p.294 · 최초 산출 필요,78
15-1-1,15-1,육상 및 담수 생물다양성을 위해 보호구역으로 지정된 지역의 비율,,,%,up,2020,16.6,2030,17,2040,,17.0%,안정적 유지,정량,305,제4차 지속가능발전 기본계획,,,환경부·산림청,,TRUE,TRUE,제4차 지속가능발전 기본계획 p.305,79
15-1-2,15-1,총 육지면적 중 산림면적 비율,,,%,up,2015,63.7,2030,,2040,,지속 확대,지속 확대,정성,305,제4차 지속가능발전 기본계획,,,환경부·산림청,,FALSE,TRUE,제4차 지속가능발전 기본계획 p.305,80
15-2-1,15-2,국가 산림경영 지표 확장,,,%,down,2014,66.67,2030,54,2040,,54개,안정적 관리,정량,307,제4차 지속가능발전 기본계획,,,산림청,,TRUE,TRUE,제4차 지속가능발전 기본계획 p.307,81
15-3-1,15-3,총 토지면적 중 황폐화된 토지 비율,최초 산출 필요,,,down,,,2030,,2040,,지속 감소,지속 감소,정성,308,제4차 지속가능발전 기본계획,,,환경부·국토교통부·산림청,,FALSE,TRUE,제4차 지속가능발전 기본계획 p.308 · 최초 산출 필요,82
15-4-1,15-4,멸종위기에 처한 동식물,,,종,up,2019,320,2030,400,2040,500,400종 지정,500종 지정,정량,313,제4차 지속가능발전 기본계획,,,환경부·산림청·문화재청,,FALSE,TRUE,제4차 지속가능발전 기본계획 p.313,83
15-4-2,15-4,주요 멸종위기종 복원율,,,,up,,,2030,,,,지속 증가,,정성,313,제4차 지속가능발전 기본계획,,,환경부·산림청·문화재청,,FALSE,TRUE,제4차 지속가능발전 기본계획 p.313,84
15-4-3,15-4,산악지역녹색피복지수,,,%,down,2018,99.86,2030,99,2040,99,99% 유지,99% 유지,정량,313,제4차 지속가능발전 기본계획,,,환경부·산림청·문화재청,,FALSE,TRUE,제4차 지속가능발전 기본계획 p.313,85
15-4-4,15-4,종보호지수,,,%,up,2020,90.12,2030,95,2040,100,95.0%,100.0%,정량,313,제4차 지속가능발전 기본계획,,,환경부·산림청·문화재청,,FALSE,TRUE,제4차 지속가능발전 기본계획 p.313,86
15-4-5,15-4,전국 야생동물 통합 모니터링 시스템 구축에 필요한 스테 이션의 수(1000) 대비 설치 및 운영되고 있는 스테이션의 비율,,,%,up,2020,0,2030,100,2040,100,100%,100% 유지,정량,313,제4차 지속가능발전 기본계획,,,환경부·산림청·문화재청,,FALSE,TRUE,제4차 지속가능발전 기본계획 p.313,87
15-5-1,15-5,야생동물 밀렵밀거래 단속실적,,,,up,2018,4719,2030,,2040,,지속 확대,지속 확대,정성,319,제4차 지속가능발전 기본계획,,,환경부·기획재정부·문화재청,,FALSE,TRUE,제4차 지속가능발전 기본계획 p.319,88
15-5-2,15-5,관리제도가 필요한 야생동물･ 가축･인간 사이 고위험 접촉점 대비 관리제도가 확립된 접촉점 수의 비율,,,%,up,2020,0,2030,,2040,100,지속 확대,100%,정량,319,제4차 지속가능발전 기본계획,,,환경부·기획재정부·문화재청,,FALSE,TRUE,제4차 지속가능발전 기본계획 p.319,89
15-6-1,15-6,외래생물 관리 대상종수,,,종,up,2018,330,2030,900,2040,1500,900종,"1,500종",정량,321,제4차 지속가능발전 기본계획,,,환경부·농림축산식품부·산림청·농촌진흥청,,FALSE,TRUE,제4차 지속가능발전 기본계획 p.321,90
15-6-2,15-6,산림병해충에 의한 연간 산림피해 면적,,,ha,down,2020,81791,2030,10000,2040,,"10,000 ha",지속 감소,정량,321,제4차 지속가능발전 기본계획,,,환경부·농림축산식품부·산림청·농촌진흥청,,FALSE,TRUE,제4차 지속가능발전 기본계획 p.321,91
15-7-1,15-7,백두대간 등 산림복원 면적,,,ha,up,2017,315,2030,1812,2040,3000,"1,812ha","3,000ha",정량,325,제4차 지속가능발전 기본계획,,,,,FALSE,TRUE,제4차 지속가능발전 기본계획 p.325,92
15-7-2,15-7,도심/생활권 복원,,,ha,up,2022,379,2030,,2040,,지속 확대,지속 확대,정성,325,제4차 지속가능발전 기본계획,,,,,FALSE,TRUE,제4차 지속가능발전 기본계획 p.325,93
16-1-1,16-1,"범죄율 (살인, 강도, 폭력, 성범죄)",,,만,down,2018,10,2030,,2040,,지속 감소,지속 감소,정성,338,제4차 지속가능발전 기본계획,,,경찰청·교육부,,FALSE,TRUE,제4차 지속가능발전 기본계획 p.338,94
16-1-2,16-1,학교폭력 피해 경험,,,천,down,2019,1,2030,,2040,,지속 감소,지속 감소,정성,338,제4차 지속가능발전 기본계획,,,경찰청·교육부,,FALSE,TRUE,제4차 지속가능발전 기본계획 p.338,95
16-10-1,16-10,ODA 중 개도국 내 폭력 예방 및 테러･범죄 방지를 위한 국가기관 역량강화 지원 비중,추후보완,,,up,,,2030,,2040,,지속 증가,지속 증가,정성,355,제4차 지속가능발전 기본계획,,,,,FALSE,TRUE,제4차 지속가능발전 기본계획 p.355 · 추후보완,96
16-11-1,16-11,개별 및 포괄적 차별금지법 존재 여부와 이행,,,,up,2020,,,,2040,,,제도 도입,정성,356,제4차 지속가능발전 기본계획,,,국가인권위원회,,FALSE,TRUE,제4차 지속가능발전 기본계획 p.356,97
16-11-2,16-11,차별 경험 비율,,,%,down,2019,28.2,2030,,2040,,지속 감소,지속 감소,정성,356,제4차 지속가능발전 기본계획,,,국가인권위원회,,FALSE,TRUE,제4차 지속가능발전 기본계획 p.356,98
16-12-1,16-12,사이버 침해 범죄 발생 대비 검거율,,,%,up,2019,73.4,2030,,2040,,지속 증가,지속 증가,정성,359,제4차 지속가능발전 기본계획,,,국가인권위원회·법무부·경찰청,,FALSE,TRUE,제4차 지속가능발전 기본계획 p.359,99
16-12-2,16-12,디지털 정보격차 감소율,최초 산출 필요,,,up,,,2030,,2040,,지속 증가,지속 증가,정성,359,제4차 지속가능발전 기본계획,,,국가인권위원회·법무부·경찰청,,FALSE,TRUE,제4차 지속가능발전 기본계획 p.359 · 최초 산출 필요,100
16-2-1,16-2,아동학대피해아동 발견율,,,%,up,2018,2.98,2030,,2040,,지속 증가,지속 증가,정성,340,제4차 지속가능발전 기본계획,,,경찰청·보건복지부,,FALSE,TRUE,제4차 지속가능발전 기본계획 p.340,101
16-2-2,16-2,실종아동 미발견 건수,,,건,down,2019,99,2030,,2040,,지속 감소,지속 감소,정성,340,제4차 지속가능발전 기본계획,,,경찰청·보건복지부,,FALSE,TRUE,제4차 지속가능발전 기본계획 p.340,102
16-3-1,16-3,법률구조건수 증감률,,,%,up,2019,7.1,2030,,2040,,지속 증가,지속 증가,정성,341,제4차 지속가능발전 기본계획,,,법무부·경찰청·행정안전부·국가인권위원회,,FALSE,TRUE,제4차 지속가능발전 기본계획 p.341,103
16-4-1,16-4,범죄은닉자산 환수보전 평균액,최초 산출 필요,,,up,,,2030,,2040,,지속 증가,지속 증가,정성,343,제4차 지속가능발전 기본계획,,,,,FALSE,TRUE,제4차 지속가능발전 기본계획 p.343 · 최초 산출 필요,104
16-4-2,16-4,마약범죄건수,경찰범죄통계를 활용하여 산출 필요,,,down,,,2030,,2040,,지속 감소,지속 감소,정성,343,제4차 지속가능발전 기본계획,,,,,FALSE,TRUE,제4차 지속가능발전 기본계획 p.343 · 경찰범죄통계를 활용하여 산출 필요,105
16-5-1,16-5,부패경험지수,,,,down,2019,1.085,2030,,2040,,지속 감소,지속 감소,정성,345,제4차 지속가능발전 기본계획,,,국민권익위원회,,FALSE,TRUE,제4차 지속가능발전 기본계획 p.345,106
16-6-1,16-6,정부 기관 업무수행에 대한 국민 신뢰도,한국행정연구원 사회 통합실태조사를 활용 하여 통계치 산출 필요,,,up,,,2030,,2040,,지속 증가,지속 증가,정성,349,제4차 지속가능발전 기본계획,,,전부처,,FALSE,TRUE,제4차 지속가능발전 기본계획 p.349 · 한국행정연구원 사회 통합실태조사를 활용 하여 통계치 산출 필요,107
16-7-1,16-7,국민의 정치적 효능감 수준,한국행정연구원 사회통합 실태조사를 활용하여 통계치 산출 필요,,,up,,,2030,,2040,,지속 증가,지속 증가,정성,351,제4차 지속가능발전 기본계획,,,전부처,,FALSE,TRUE,제4차 지속가능발전 기본계획 p.351 · 한국행정연구원 사회통합 실태조사를 활용하여 통계치 산출 필요,108
16-8-1,16-8,보편적 출생등록제도 존재 여부,,,,up,2020,,2030,,2040,,제도 도입,제도 도입,정성,352,제4차 지속가능발전 기본계획,,,보건복지부·법무부,,FALSE,TRUE,제4차 지속가능발전 기본계획 p.352,109
16-9-1,16-9,정보공개 청구 및 공개건수,,,,up,,,2030,,2040,,지속 증가,지속 증가,정성,354,제4차 지속가능발전 기본계획,,,전부처,,FALSE,TRUE,제4차 지속가능발전 기본계획 p.354,110
16-9-2,16-9,기본적 자유 침해 경험 비율,,,%,up,2019,8.2,,,,,,,모니터링,354,제4차 지속가능발전 기본계획,,,전부처,,FALSE,TRUE,제4차 지속가능발전 기본계획 p.354,111
17-1-1,17-1,ODA/GNI 비율(%),,,,up,,,2030,,2040,,지속 증가,지속 증가,정성,367,제4차 지속가능발전 기본계획,,,외교부·기획재정부·국무조정실,,FALSE,TRUE,제4차 지속가능발전 기본계획 p.367,112
17-2-1,17-2,개발도상국과의 교역비중,,,%,up,2015,55.24,2030,,2040,,지속 증가,지속 증가,정성,368,제4차 지속가능발전 기본계획,,,기획재정부·지속가능발전위원회,,FALSE,TRUE,제4차 지속가능발전 기본계획 p.368,113
17-2-2,17-2,개발도상국에 대한 투자규모,,,%,up,2017,22.1,2030,,2040,,지속 증가,지속 증가,정성,368,제4차 지속가능발전 기본계획,,,기획재정부·지속가능발전위원회,,FALSE,TRUE,제4차 지속가능발전 기본계획 p.368,114
17-3-1,17-3,개도국의 과학기술혁신 지원 내용이 포함된 ODA 전략･ 정책 건수,데이터 필요,,,up,,,2030,,2040,,지속 증가,지속 증가,정성,369,제4차 지속가능발전 기본계획,,,외교부·기획재정부·지속가능발전위원회,,FALSE,TRUE,제4차 지속가능발전 기본계획 p.369 · 데이터 필요,115
17-4-1,17-4,"신남방, 신북방 등과 같은 주요 대외정책과 연계된 ODA 사업 비율",데이터 필요,,,up,,,2030,,2040,,지속 증가,지속 증가,정성,370,제4차 지속가능발전 기본계획,,,외교부·기획재정부·국무조정실,,FALSE,TRUE,제4차 지속가능발전 기본계획 p.370 · 데이터 필요,116
17-5-1,17-5,"PCSD 원칙의 전략적.입법적 명시, SDG 목표와 국가예산의 연계, SDG 이행을 위한 정책 조정기구 등 정책일관성 강화를 위한 제도적 기반 구축 여부",,,점,up,2020,0,2030,,2040,,증가,증가,정성,372,제4차 지속가능발전 기본계획,,,지속가능발전위원회,,FALSE,TRUE,제4차 지속가능발전 기본계획 p.372,117
17-5-2,17-5,전년 대비 개선된 K-SDGs 지표 비율,최초 산출 필요,,,up,,,2030,,2040,,증가,증가,정성,372,제4차 지속가능발전 기본계획,,,지속가능발전위원회,,FALSE,TRUE,제4차 지속가능발전 기본계획 p.372 · 최초 산출 필요,118
17-6-1,17-6,다자간 국제협력협의체 운영 및 다자간 협력대화 건수 -,,,,up,,,2030,,2040,,지속 증가,지속 증가,정성,373,제4차 지속가능발전 기본계획,,,외교부·지속가능발전위원회,,FALSE,TRUE,제4차 지속가능발전 기본계획 p.373,119
17-7-1,17-7,SDGs 이행을 위한 민관협의체 참여기관 및 정례회의 건수,,,건,up,2015,4,2030,,2040,,지속 증가,지속 증가,정성,375,제4차 지속가능발전 기본계획,,,외교부·지속가능발전위원회·백만원·이행지원,,FALSE,TRUE,제4차 지속가능발전 기본계획 p.375,120
17-7-2,17-7,ODA 민관협력 재원의 비율,,,%,up,2020,2.7,2030,,2040,,지속 증가,지속 증가,정성,375,제4차 지속가능발전 기본계획,,,외교부·지속가능발전위원회·백만원·이행지원,,FALSE,TRUE,제4차 지속가능발전 기본계획 p.375,121
2-1-1,2-1,소득수준 하위가구 식품안정성 확보가구,,,%,up,2018,88.5,2030,,2040,,지속확대,지속확대,정성,26,제4차 지속가능발전 기본계획,,,농림축산식품부,,FALSE,TRUE,제4차 지속가능발전 기본계획 p.26,122
2-2-1,2-2,농가소득,,,천원,up,2019,42870,2030,,2040,,농가소득 증대,지속 확대,정성,27,제4차 지속가능발전 기본계획,,,농림축산식품부,,FALSE,TRUE,제4차 지속가능발전 기본계획 p.27,123
2-2-2,2-2,농작물 재해보험 가입률,,,%,up,2019,38.8,2030,45,2040,,45.0%,지속 확대,정량,27,제4차 지속가능발전 기본계획,,,농림축산식품부,,TRUE,TRUE,제4차 지속가능발전 기본계획 p.27,124
2-3-1,2-3,유기농업 인증면적 비율,,,%,up,2019,1.9,2030,3.4,2040,,3.4%,지속 확대,정량,29,제4차 지속가능발전 기본계획,,,농림축산식품부·농촌진흥청,,TRUE,TRUE,제4차 지속가능발전 기본계획 p.29,125
2-3-2,2-3,농경지 토양유기물 함량,,,g/Kg,up,2017,23,2030,24,2040,25,24g/Kg,25g/Kg,정량,29,제4차 지속가능발전 기본계획,,,농림축산식품부·농촌진흥청,,FALSE,TRUE,제4차 지속가능발전 기본계획 p.29,126
2-3-3,2-3,밭토양 산도,,,pH,up,2017,6.3,2030,6.4,2040,6.5,6.4pH,6.5pH,정량,29,제4차 지속가능발전 기본계획,,,농림축산식품부·농촌진흥청,,FALSE,TRUE,제4차 지속가능발전 기본계획 p.29,127
2-4-1,2-4,중장기 보존시설에 확보된 식물유전자원 점수,,,천점,up,2017,249,2030,280,2040,290,280천점,290천점,정량,31,제4차 지속가능발전 기본계획,,,농촌진흥청,,FALSE,TRUE,제4차 지속가능발전 기본계획 p.31,128
2-4-2,2-4,중장기 보존시설에 확보된 동물유전자원 점수,,,천점,up,2020,280,2030,340,2040,370,340천점,370천점,정량,31,제4차 지속가능발전 기본계획,,,농촌진흥청,,FALSE,TRUE,제4차 지속가능발전 기본계획 p.31,129
2-4-3,2-4,기후변화에 대응하여 개발된 품종 수,,,종,up,2019,266,2030,400,2040,500,400종,500종,정량,31,제4차 지속가능발전 기본계획,,,농촌진흥청,,FALSE,TRUE,제4차 지속가능발전 기본계획 p.31,130
2-5-1,2-5,정부비축미 평균재고량,,,천톤,down,2018,1442,2030,800,2040,800,800천톤,800천톤,정량,32,제4차 지속가능발전 기본계획,,,농림축산식품부,,FALSE,TRUE,제4차 지속가능발전 기본계획 p.32,131
3-1-1,3-1,"심혈관질환, 암, 당뇨, 만성 호흡기 질환으로 인한 사망률 (30~70세)",,,명,down,2016,7.8,2030,4,2040,2.4,4.0명,2.4명,정량,40,제4차 지속가능발전 기본계획,,,보건복지부,,TRUE,TRUE,제4차 지속가능발전 기본계획 p.40,132
3-1-2,3-1,당뇨병 조절률,,,%,up,,,2030,36,2040,38.5,36.0%,38.5%,정량,40,제4차 지속가능발전 기본계획,,,보건복지부,,FALSE,TRUE,제4차 지속가능발전 기본계획 p.40,133
3-1-3,3-1,성인 흡연율,,,%,down,2018,22.4,2030,16.5,2040,12.7,16.5%,12.7%,정량,40,제4차 지속가능발전 기본계획,,,보건복지부,,TRUE,TRUE,제4차 지속가능발전 기본계획 p.40,134
3-1-4,3-1,장애인 만성질환유병률,,,%,down,2017,84.3,2030,80,2040,75,80.0%,75.0%,정량,40,제4차 지속가능발전 기본계획,,,보건복지부,,FALSE,TRUE,제4차 지속가능발전 기본계획 p.40,135
3-2-1,3-2,인구 십만 명당 자살률,,,,down,2018,26.6,2030,,2040,,(청소년) 4.1명,지속 감소,정성,44,제4차 지속가능발전 기본계획,,,보건복지부,,FALSE,TRUE,제4차 지속가능발전 기본계획 p.44,136
3-2-2,3-2,15세 이상 인구 일인당 알코올 섭취량,,,L,down,2018,8.477,2030,7.2,2040,,7.2 L,지속 감소,정량,44,제4차 지속가능발전 기본계획,,,보건복지부,,FALSE,TRUE,제4차 지속가능발전 기본계획 p.44,137
3-3-1,3-3,인구 천 명당 교통사고 사망자수,,,명,down,2018,6.7,2030,2.7,2040,1.2,2.7명,1.2명,정량,45,제4차 지속가능발전 기본계획,,,국토교통부,,FALSE,TRUE,제4차 지속가능발전 기본계획 p.45,138
3-4-1,3-4,인구 십만 명당 결핵신고 신환자율,,,명,down,2019,46.4,2030,40,2040,,40명,지속 감소,정량,48,제4차 지속가능발전 기본계획,,,보건복지부·질병관리청,,FALSE,TRUE,제4차 지속가능발전 기본계획 p.48,139
3-4-2,3-4,인구 십만 명당 말라리아 발생률,,,건,down,2019,1.08,2030,0,2040,,0건 유지,말라리아 퇴치,정량,48,제4차 지속가능발전 기본계획,,,보건복지부·질병관리청,,FALSE,TRUE,제4차 지속가능발전 기본계획 p.48,140
3-5-1,3-5,출생아 십만 명당 모성사망자 수,,,명,down,2018,11.3,2030,7.7,2040,6,7.7명,6명,정량,50,제4차 지속가능발전 기본계획,,,보건복지부,,FALSE,TRUE,제4차 지속가능발전 기본계획 p.50,141
3-6-1,3-6,출생아 1천 명당 신생아 사망률,,,명,down,2018,1.5,2030,,2040,1,지속 감소,1명,정량,50,제4차 지속가능발전 기본계획,,,보건복지부,,FALSE,TRUE,제4차 지속가능발전 기본계획 p.50,142
3-6-2,3-6,영유아건강검진 수검률,,,%,up,2018,74.5,2030,,2040,85,추후 보완,85.0%,정량,50,제4차 지속가능발전 기본계획,,,보건복지부,,FALSE,TRUE,제4차 지속가능발전 기본계획 p.50,143
3-6-3,3-6,아동･청소년 비만 유병률,,,,down,,,2030,,2040,,지속 감소,지속 감소,정성,50,제4차 지속가능발전 기본계획,,,보건복지부,,FALSE,TRUE,제4차 지속가능발전 기본계획 p.50,144
3-7-1,3-7,인구가중 초미세먼지 (PM2.5) 농도,,,㎍/㎥,down,2017,25.1,2030,,2040,,지속 감소,지속 감소,정성,53,제4차 지속가능발전 기본계획,,,환경부·보건복지부·질병관리청,,FALSE,TRUE,제4차 지속가능발전 기본계획 p.53,145
3-7-2,3-7,인체 내 환경유해물질 농도 수준 제3기(2015-17),납: (중고등학생) 0.80 (성인) 1.60 · 수은: (중고등학생) 1.37 (성인) 2.75 · 요중 카드뮴: (영유아) 0.11 (초등학생) 0.23 (중고등학생) 0.29 (성인) 0.36,,,down,,,2030,,2040,,지속 감소,지속 감소,정성,53,제4차 지속가능발전 기본계획,,,환경부·보건복지부·질병관리청,,FALSE,TRUE,제4차 지속가능발전 기본계획 p.53 · 납: (중고등학생) 0.80 (성인) 1.60 · 수은: (중고등학생) 1.37 (성인) 2.75 · 요중 카드뮴: (영유아) 0.11 (초등학생) 0.23 (중고등학생) 0.29 (성인) 0.36,146
3-8-1,3-8,영아사망률,,,%,down,2017,2.8,2030,2.5,2040,2.1,2.5%,2.1%,정량,54,제4차 지속가능발전 기본계획,,,보건복지부,,FALSE,TRUE,제4차 지속가능발전 기본계획 p.54,147
3-8-2,3-8,OECD 더 나은 삶의 질 지수,,,,up,2018,6.1,2030,7,2040,8,7.0,8.0,정량,54,제4차 지속가능발전 기본계획,,,보건복지부,,FALSE,TRUE,제4차 지속가능발전 기본계획 p.54,148
3-8-3,3-8,치매안심센터의 치매환자등록･ 관리율,,,%,up,2019,56.7,2030,82,2040,85,82%,85%,정량,54,제4차 지속가능발전 기본계획,,,보건복지부,,FALSE,TRUE,제4차 지속가능발전 기본계획 p.54,149
3-8-4,3-8,기능제한 없는 노인인구 비율,,,%,down,2017,74.7,2030,74,2040,75,74.0%,75.0%,정량,54,제4차 지속가능발전 기본계획,,,보건복지부,,FALSE,TRUE,제4차 지속가능발전 기본계획 p.54,150
3-9-1,3-9,인구 1천 명당 공공병상 수,,,개,up,2018,1.24,2030,1.54,2040,3.07,1.54개,3.07개,정량,57,제4차 지속가능발전 기본계획,,,보건복지부,,FALSE,TRUE,제4차 지속가능발전 기본계획 p.57,151
4-1-1,4-1,취학률 유치원 50.6 초등학교 97.4 중학교 97.9 고등학교 92.4 고등교육기관 67.6,,,,up,,,2030,,2040,,지속 증가,지속 증가,정성,67,제4차 지속가능발전 기본계획,,,교육부,,FALSE,TRUE,제4차 지속가능발전 기본계획 p.67,152
4-1-2,4-1,국제 학업성취도평가 (PISA 2~6수준 학생 비율),,,,up,2019,,2030,,2040,,"PISA 85.6,",지속 증가,정성,67,제4차 지속가능발전 기본계획,,,교육부,,FALSE,TRUE,제4차 지속가능발전 기본계획 p.67,153
4-1-3,4-1,국가수준 학습성과지표 산출,현재 산출된 통계 없음,,,up,,,2030,,,,지속 증가,,정성,67,제4차 지속가능발전 기본계획,,,교육부,,FALSE,TRUE,제4차 지속가능발전 기본계획 p.67 · 현재 산출된 통계 없음,154
4-10-1,4-10,교사 1인당 학생 수,,,,down,,,2030,,2040,,지속 감소,지속 감소,정성,83,제4차 지속가능발전 기본계획,,,교육부,,FALSE,TRUE,제4차 지속가능발전 기본계획 p.83,155
4-10-2,4-10,보육교사 중 전문학사 이상 학위소지자 비율,,,%,up,2018,76.3,2030,,2040,,지속 증가,지속 증가,정성,83,제4차 지속가능발전 기본계획,,,교육부,,FALSE,TRUE,제4차 지속가능발전 기본계획 p.83,156
4-10-3,4-10,특수교사 일인당 특수학생 수,,,명,down,2020,4,2030,,2040,,지속 감소,지속 감소,정성,83,제4차 지속가능발전 기본계획,,,교육부,,FALSE,TRUE,제4차 지속가능발전 기본계획 p.83,157
4-10-4,4-10,초･중등 전문상담교사 배치 비율,,,%,up,,,2030,100,2040,100,100%,100% 유지,정량,83,제4차 지속가능발전 기본계획,,,교육부,,FALSE,TRUE,제4차 지속가능발전 기본계획 p.83,158
4-2-1,4-2,"신체적 건강, 학습, 심리사회적 안녕(well- being) 측면에서 발달정도가 정상적인 5세 이하 여아와 남아 비율",,,%,up,2015,99.4,2030,,2040,,지속 증가,지속 증가,정성,69,제4차 지속가능발전 기본계획,,,교육부,,FALSE,TRUE,제4차 지속가능발전 기본계획 p.69,159
4-2-2,4-2,초등학교 취학 전 체계적인 유아교육과 보육 서비스 이용률,,,%,up,2017,58,2030,75,2040,,75.0%,지속 증가,정량,69,제4차 지속가능발전 기본계획,,,교육부,,TRUE,TRUE,제4차 지속가능발전 기본계획 p.69,160
4-2-3,4-2,국공립 유치원과 어린이집 이용률,,,%,up,2017,24,2030,44,2040,,44.0%,지속 증가,정량,69,제4차 지속가능발전 기본계획,,,교육부,,TRUE,TRUE,제4차 지속가능발전 기본계획 p.69,161
4-2-4,4-2,긍정적인 가정학습 및 양육 환경을 경험하는 영유아 비율,최초 조사 시행 필요 · 목표치 설정 불가 (통계 미구축),,,up,,,,,,,,,통계미구축,69,제4차 지속가능발전 기본계획,,,교육부,,FALSE,TRUE,제4차 지속가능발전 기본계획 p.69 · 최초 조사 시행 필요 · 목표치 설정 불가 (통계 미구축),162
4-3-1,4-3,고등교육 이수율,,,%,up,2018,49,,,,,,,모니터링,71,제4차 지속가능발전 기본계획,,,교육부,,FALSE,TRUE,제4차 지속가능발전 기본계획 p.71,163
4-3-2,4-3,학생 1인당 국가장학금 수혜 금액,,,,up,,,2030,,2040,,지속 증가,지속 증가,정성,71,제4차 지속가능발전 기본계획,,,교육부,,FALSE,TRUE,제4차 지속가능발전 기본계획 p.71,164
4-3-3,4-3,고등교육기관에서 성인 학습자의 비학위 교육과정 참여율,,,%,up,2017,35.8,2030,,2040,,지속 증가,지속 증가,정성,71,제4차 지속가능발전 기본계획,,,교육부,,FALSE,TRUE,제4차 지속가능발전 기본계획 p.71,165
4-4-1,4-4,평생학습 참여율,,,%,up,2019,43.4,2030,50,2040,,50.0%,지속 확대,정량,73,제4차 지속가능발전 기본계획,,,교육부,,FALSE,TRUE,제4차 지속가능발전 기본계획 p.73,166
4-4-2,4-4,직업교육훈련 경험 비율,,,%,up,2017,16.1,2030,40,2040,,40.0%,지속 확대,정량,73,제4차 지속가능발전 기본계획,,,교육부,,FALSE,TRUE,제4차 지속가능발전 기본계획 p.73,167
4-4-3,4-4,청소년 및 성인의 ICT 역량 수준,통계 구축 필요 · 통계 구축 후 확정,,,up,,,,,,,,,통계미구축,73,제4차 지속가능발전 기본계획,,,교육부,,FALSE,TRUE,제4차 지속가능발전 기본계획 p.73 · 통계 구축 필요 · 통계 구축 후 확정,168
4-5-1,4-5,"모든 지표에 성별, 장애, 취약계층별 분리통계 도입",,,유지,up,2015,0.9,2030,1,2040,1,1.0,1.0 유지,정량,75,제4차 지속가능발전 기본계획,,,교육부,,FALSE,TRUE,제4차 지속가능발전 기본계획 p.75,169
4-6-1,4-6,활용 가능한 언어역량과 수리역량의 측면에서 일정 수준의 숙련도를 달성한 특정 연령 인구 비율(PIAAC) (청소년 대상),,,,up,,,,,2040,,,추후 보완,정성,77,제4차 지속가능발전 기본계획,,,교육부,,FALSE,TRUE,제4차 지속가능발전 기본계획 p.77,170
4-6-2,4-6,성인 문해율,,,,up,2017,,2030,,2040,,성인문해능력,추후 보완,정성,77,제4차 지속가능발전 기본계획,,,교육부,,FALSE,TRUE,제4차 지속가능발전 기본계획 p.77,171
4-7-1,4-7,"세계시민교육 및 지속가능발전 교육의 주류화 정도 (교육정책, 교육과정, 교사교육, 학생평가)",목표치 설정 불가 (통계 미구축),,,up,2020,,,,,,,,모니터링,79,제4차 지속가능발전 기본계획,,,교육부·외교부,,FALSE,TRUE,제4차 지속가능발전 기본계획 p.79 · 목표치 설정 불가 (통계 미구축),172
4-7-2,4-7,세계시민교육 및 지속가능발전 교육 관련 교육정책 사업 비율,목표치 설정 불가 (통계 미구축),,,up,2020,,,,,,,,모니터링,79,제4차 지속가능발전 기본계획,,,교육부·외교부,,FALSE,TRUE,제4차 지속가능발전 기본계획 p.79 · 목표치 설정 불가 (통계 미구축),173
4-7-3,4-7,교육과정 내 세계시민교육 및 지속가능발전교육 관련 요소 반영 비율,목표치 설정 불가 (통계 미구축),,,up,2020,,,,,,,,모니터링,79,제4차 지속가능발전 기본계획,,,교육부·외교부,,FALSE,TRUE,제4차 지속가능발전 기본계획 p.79 · 목표치 설정 불가 (통계 미구축),174
4-7-4,4-7,교원 중 세계시민교육 및 지속 가능발전교육 경험자 비율,목표치 설정 불가 (통계 미구축),,,up,2020,,,,,,,,모니터링,79,제4차 지속가능발전 기본계획,,,교육부·외교부,,FALSE,TRUE,제4차 지속가능발전 기본계획 p.79 · 목표치 설정 불가 (통계 미구축),175
4-8-1,4-8,일반학교 특수학급 설치율,,,%,up,2020,64.5,2030,,,,지속 증가,,정성,81,제4차 지속가능발전 기본계획,,,교육부,,FALSE,TRUE,제4차 지속가능발전 기본계획 p.81,176
4-8-2,4-8,학교 내진보강률,,,%,up,2018,36.7,2030,100,2040,100,100%,100% 유지,정량,81,제4차 지속가능발전 기본계획,,,교육부,,FALSE,TRUE,제4차 지속가능발전 기본계획 p.81,177
4-8-3,4-8,Wee 클래스 설치 비율,,,%,up,,,2030,100,2040,100,100%,100% 유지,정량,81,제4차 지속가능발전 기본계획,,,교육부,,FALSE,TRUE,제4차 지속가능발전 기본계획 p.81,178
4-9-1,4-9,교육단계별 GDP 대비 공교육비 정부부담 비율,,,%,up,2016,0.7,2030,,2040,,OECD 평균,OECD 평균,정성,82,제4차 지속가능발전 기본계획,,,교육부,,FALSE,TRUE,제4차 지속가능발전 기본계획 p.82,179
5-1-1,5-1,성별영향평가 정책개선 이행률,,,%,up,2019,41.7,2030,58.2,2040,73.2,58.2%,73.2%,정량,93,제4차 지속가능발전 기본계획,,,여성가족부,,TRUE,TRUE,제4차 지속가능발전 기본계획 p.93,180
5-2-1,5-2,가정폭력 실신고건수 및 대응률,,,%,up,2017,13.8,2030,,2040,,지속 증가,지속 증가,정성,95,제4차 지속가능발전 기본계획,,,여성가족부,,FALSE,TRUE,제4차 지속가능발전 기본계획 p.95,181
5-2-2,5-2,성폭력 발생사건 및 미검거율,,,%,down,2018,3.6,2030,,2040,,지속 저감,지속 저감,정성,95,제4차 지속가능발전 기본계획,,,여성가족부,,FALSE,TRUE,제4차 지속가능발전 기본계획 p.95,182
5-2-3,5-2,디지털 성폭력 범죄 발생 건수 및 미검거율,,,%,down,2018,9.2,2030,,2040,,지속 저감,지속 저감,정성,95,제4차 지속가능발전 기본계획,,,여성가족부,,FALSE,TRUE,제4차 지속가능발전 기본계획 p.95,183
5-3-1,5-3,맞벌이가구 여성대비 남성의 가정 내 무보수 가사노동 및 돌봄노동 시간 비율,,,%,up,2019,28.9,2030,35,2040,40,35.0%,40.0%,정량,98,제4차 지속가능발전 기본계획,,,여성가족부·고용노동부,,TRUE,TRUE,제4차 지속가능발전 기본계획 p.98,184
5-4-1,5-4,의회와 지방의회의 여성 비율,,,%,up,2020,19,2030,,2040,,지속 증가,지속 증가,정성,100,제4차 지속가능발전 기본계획,,,여성가족부,,FALSE,TRUE,제4차 지속가능발전 기본계획 p.100,185
5-4-2,5-4,공공부문 여성대표성 제고계획 과제 목표 달성률,,,%,up,,,2030,100,2040,100,100%,100% 유지,정량,100,제4차 지속가능발전 기본계획,,,여성가족부,,FALSE,TRUE,제4차 지속가능발전 기본계획 p.100,186
5-4-3,5-4,민간부문 여성 관리자 비율,,,%,up,2019,19.76,2030,32.4,2040,,32.4%,지속 확대,정량,100,제4차 지속가능발전 기본계획,,,여성가족부,,FALSE,TRUE,제4차 지속가능발전 기본계획 p.100,187
5-5-1,5-5,성･재생산권과 건강 관련 정보제공 및 교육을 보장하는 제도마련 여부,수치 없음,,,up,,,2030,,2040,,제도 수립,제도 수립,정성,102,제4차 지속가능발전 기본계획,,,여성가족부,,FALSE,TRUE,제4차 지속가능발전 기본계획 p.102 · 수치 없음,188
5-5-2,5-5,초･중･고등학교에서 성교육을 수행한 비율,수치 없음 (통계 구축 필요),,%,up,,,2030,100,2040,100,100%,100%,정량,102,제4차 지속가능발전 기본계획,,,여성가족부,,FALSE,TRUE,제4차 지속가능발전 기본계획 p.102 · 수치 없음 (통계 구축 필요),189
5-5-3,5-5,피임 실천율,,,%,up,2018,82.3,2030,,2040,,지속 증가,지속 증가,정성,102,제4차 지속가능발전 기본계획,,,여성가족부,,FALSE,TRUE,제4차 지속가능발전 기본계획 p.102,190
5-6-1,5-6,성별 스마트폰 보유율,,,,up,2019,,2030,,2040,,지속 확대,지속 확대,정성,103,제4차 지속가능발전 기본계획,,,여성가족부,,FALSE,TRUE,제4차 지속가능발전 기본계획 p.103,191
5-6-2,5-6,대학교 여성과학기술인력 졸업 현황,,,%,up,2018,19.3,,,2040,,,지속 확대,정성,103,제4차 지속가능발전 기본계획,,,여성가족부,,FALSE,TRUE,제4차 지속가능발전 기본계획 p.103,192
5-7-1,5-7,성별영향평가 정책개선의견 수용률,,,%,up,2019,85.2,2030,87.1,2040,89.1,87.1%,89.1%,정량,104,제4차 지속가능발전 기본계획,,,여성가족부,,FALSE,TRUE,제4차 지속가능발전 기본계획 p.104,193
6-1-1,6-1,수돗물 만족도,,,%,up,2017,46.6,2030,,2040,,지속 증가,지속 증가,정성,237,제4차 지속가능발전 기본계획,,,환경부,,FALSE,TRUE,제4차 지속가능발전 기본계획 p.237,194
6-1-2,6-1,농어촌지역 상수도 보급률,,,%,up,2018,77,2030,,2040,,지속 증가,지속 증가,정성,237,제4차 지속가능발전 기본계획,,,환경부,,FALSE,TRUE,제4차 지속가능발전 기본계획 p.237,195
6-2-1,6-2,농어촌 하수도 보급률,,,%,up,2017,70.1,2030,85,2040,90,85.0%,90.0%,정량,238,제4차 지속가능발전 기본계획,,,환경부,,TRUE,TRUE,제4차 지속가능발전 기본계획 p.238,196
6-2-2,6-2,하수도 정비중점관리지역 정비대책수립 개소수,,,개소,up,2019,12,2030,150,2040,200,150개소,200개소,정량,238,제4차 지속가능발전 기본계획,,,환경부,,TRUE,TRUE,제4차 지속가능발전 기본계획 p.238,197
6-3-1,6-3,유역별 물순환율,통계 구축 필요,,%,up,,,2030,,2040,90,통계 구축,90.0%,정량,240,제4차 지속가능발전 기본계획,,,환경부,,FALSE,TRUE,제4차 지속가능발전 기본계획 p.240 · 통계 구축 필요,198
6-3-2,6-3,수질목표기준 달성도 (TOC 기준),,,%,up,2019,41,,,,,,,모니터링,240,제4차 지속가능발전 기본계획,,,환경부,,FALSE,TRUE,제4차 지속가능발전 기본계획 p.240,199
6-3-3,6-3,신규 오염물질 관리 항목 수,,,종,down,2019,56,,,,,,,모니터링,240,제4차 지속가능발전 기본계획,,,환경부,,FALSE,TRUE,제4차 지속가능발전 기본계획 p.240,200
6-4-1,6-4,상수도 누수율,,,%,down,2018,10.8,2030,9,2040,8,9.0%,8.0%,정량,242,제4차 지속가능발전 기본계획,,,환경부,,FALSE,TRUE,제4차 지속가능발전 기본계획 p.242,201
6-4-2,6-4,지방상수도 자급률,,,%,up,2018,53.9,2030,,2040,,지속 증가,지속 증가,정성,242,제4차 지속가능발전 기본계획,,,환경부,,FALSE,TRUE,제4차 지속가능발전 기본계획 p.242,202
6-4-3,6-4,하수처리수 재이용율,,,%,up,2018,15.5,2030,20.5,2040,25.5,20.5%,25.5%,정량,242,제4차 지속가능발전 기본계획,,,환경부,,FALSE,TRUE,제4차 지속가능발전 기본계획 p.242,203
6-5-1,6-5,서식 및 수변환경 평가지수 (HRI),,,,up,2017,,2030,,2040,,전체평균 B등급,전체평균 B등급,정성,243,제4차 지속가능발전 기본계획,,,환경부,,FALSE,TRUE,제4차 지속가능발전 기본계획 p.243,204
6-5-2,6-5,어류건강성 평가지수 (FAI),,,,up,2018,,2030,,2040,,전체평균 B등급,전체평균 B등급,정성,243,제4차 지속가능발전 기본계획,,,환경부,,FALSE,TRUE,제4차 지속가능발전 기본계획 p.243,205
6-5-3,6-5,습지와 습지보호지역 면적 증감,,,㎢,up,2020,3106,2030,,2040,,면적 지속 확대,면적 지속 확대,정성,243,제4차 지속가능발전 기본계획,,,환경부,,FALSE,TRUE,제4차 지속가능발전 기본계획 p.243,206
6-6-1,6-6,물 관련 행정기관위원회 운영 실적,,,회,up,2019,13.7,2030,,2040,,지속 확대,지속 확대,정성,244,제4차 지속가능발전 기본계획,,,환경부,,FALSE,TRUE,제4차 지속가능발전 기본계획 p.244,207
6-6-2,6-6,수질보전활동지원 예산 반영 비율,통계치 산출 필요,,%,up,,,2030,5,2040,,5.0%,지속 확대,정량,244,제4차 지속가능발전 기본계획,,,환경부,,FALSE,TRUE,제4차 지속가능발전 기본계획 p.244 · 통계치 산출 필요,208
7-1-1,7-1,에너지바우처 수급가구 수,,,%,up,2019,6.2,2030,100,2040,200,100만 가구,200만 가구,정량,250,제4차 지속가능발전 기본계획,,,산업통상자원부,,TRUE,TRUE,제4차 지속가능발전 기본계획 p.250,209
7-2-1,7-2,신･재생에너지 발전 비중,,,%,up,2018,8.88,2030,30,2040,35,30%,35.0%,정량,252,제4차 지속가능발전 기본계획,,,산업통상자원부,,TRUE,TRUE,제4차 지속가능발전 기본계획 p.252,210
7-2-2,7-2,1차 에너지 대비 신･재생에너지 비중,,,%,up,2018,5.8,2030,12,2040,17.6,12.0%,17.6%,정량,252,제4차 지속가능발전 기본계획,,,산업통상자원부,,FALSE,TRUE,제4차 지속가능발전 기본계획 p.252,211
7-3-1,7-3,국가에너지효율지표,,,toe/,up,2018,0.0979,2030,,2040,,추후 보완,추후 보완,정성,254,제4차 지속가능발전 기본계획,,,산업통상자원부·국토교통부,,FALSE,TRUE,제4차 지속가능발전 기본계획 p.254,212
7-3-2,7-3,건물에너지효율지표,현재 국내 통계로 산출 가능,,,down,,,2030,,2040,,2017년 대비 14.4% 저감,지속 저감,정성,254,제4차 지속가능발전 기본계획,,,산업통상자원부·국토교통부,,FALSE,TRUE,제4차 지속가능발전 기본계획 p.254 · 현재 국내 통계로 산출 가능,213
7-4-1,7-4,친환경차 확대 수,,,만대,up,2019,4.8,2030,300,2040,,300만대(누적),안정적 유지,정량,256,제4차 지속가능발전 기본계획,,,환경부·산업통상자원부·국토교통부·해양수산부,,FALSE,TRUE,제4차 지속가능발전 기본계획 p.256,214
7-4-2,7-4,운송부문 에너지 총소비량,,,,down,2018,42959,2030,,2040,,2017년 대비 14.4% 저감,2030년 대비 50.0% 저감,정성,256,제4차 지속가능발전 기본계획,,,환경부·산업통상자원부·국토교통부·해양수산부,,FALSE,TRUE,제4차 지속가능발전 기본계획 p.256,215
8-1-1,8-1,연간 1인당 실질 GDP 성장률,,,%,up,2019,2,2030,,2040,,지속 확대,지속 확대,정성,137,제4차 지속가능발전 기본계획,,,기획재정부,,FALSE,TRUE,제4차 지속가능발전 기본계획 p.137,216
8-2-1,8-2,"인구집단별 고용률 (성별, 연령별, 장애여부별)",,,,up,,,2030,,2040,,지속 확대,지속 확대,정성,139,제4차 지속가능발전 기본계획,,,고용노동부,,FALSE,TRUE,제4차 지속가능발전 기본계획 p.139,217
8-2-2,8-2,정규직 대비 비정규직 비율,,,%,down,2019,36.4,2030,,2040,,지속 감소,지속 감소,정성,139,제4차 지속가능발전 기본계획,,,고용노동부,,FALSE,TRUE,제4차 지속가능발전 기본계획 p.139,218
8-3-1,8-3,중소기업 및 소상공인 취업자 수,전국사업체조사(경제 총조사)를 활용하여 산출 기준 확정 필요,,,up,,,2030,,2040,,안정적 유지,안정적 유지,정성,143,제4차 지속가능발전 기본계획,,,중소벤처기업부,,FALSE,TRUE,제4차 지속가능발전 기본계획 p.143 · 전국사업체조사(경제 총조사)를 활용하여 산출 기준 확정 필요,219
8-3-2,8-3,창업기업 수,,,,up,2019,1285259,2030,,2040,,안정적 유지,안정적 유지,정성,143,제4차 지속가능발전 기본계획,,,중소벤처기업부,,FALSE,TRUE,제4차 지속가능발전 기본계획 p.143,220
8-4-1,8-4,남녀 임금격차,,,%,up,2018,67.8,2030,85.5,2040,,85.5%,지속 증가,정량,145,제4차 지속가능발전 기본계획,,,고용노동부·여성가족부,,TRUE,TRUE,제4차 지속가능발전 기본계획 p.145,221
8-5-1,8-5,이주노동자 고용 비율,,,,up,,,2030,,2040,,안정적 유지,안정적 유지,정성,148,제4차 지속가능발전 기본계획,,,고용노동부·법무부,,FALSE,TRUE,제4차 지속가능발전 기본계획 p.148,222
8-5-2,8-5,연소근로자 고용 비율,통계산출식 개발 필요,,,down,,,2030,,2040,,지속 감소,지속 감소,정성,148,제4차 지속가능발전 기본계획,,,고용노동부·법무부,,FALSE,TRUE,제4차 지속가능발전 기본계획 p.148 · 통계산출식 개발 필요,223
8-6-1,8-6,사고사망만인율,,,%,down,2019,0.46,2030,0.22,2040,,0.22%,지속 감소,정량,152,제4차 지속가능발전 기본계획,,,고용노동부,,TRUE,TRUE,제4차 지속가능발전 기본계획 p.152,224
8-6-2,8-6,전체 재해율,,,,down,,,2030,,2040,,지속 감소,지속 감소,정성,152,제4차 지속가능발전 기본계획,,,고용노동부,,FALSE,TRUE,제4차 지속가능발전 기본계획 p.152,225
9-1-1,9-1,도로 보급률,,,,up,2019,1.5,2030,,2040,,지속 증가,지속 증가,정성,160,제4차 지속가능발전 기본계획,,,국토교통부·통계청,,FALSE,TRUE,제4차 지속가능발전 기본계획 p.160,226
9-1-2,9-1,일반국민대비 취약계층의 디지털 정보화 수준,,,%,up,2019,69.9,2030,,2040,,지속 증가,지속 증가,정성,160,제4차 지속가능발전 기본계획,,,국토교통부·통계청,,FALSE,TRUE,제4차 지속가능발전 기본계획 p.160,227
9-2-1,9-2,부채가 있거나 신용대출을 이용하는 소규모 산업 비율,현재 통계 미구축 · 목표치 설정 불가 (통계 미구축),,,up,,,,,,,,,통계미구축,164,제4차 지속가능발전 기본계획,,,중소벤처기업부·금융위원회·산업통상자원부,,FALSE,TRUE,제4차 지속가능발전 기본계획 p.164 · 현재 통계 미구축 · 목표치 설정 불가 (통계 미구축),228
9-2-2,9-2,데이터산업 시장 규모,,,억원,up,2019,168693,,,,,,,모니터링,164,제4차 지속가능발전 기본계획,,,중소벤처기업부·금융위원회·산업통상자원부,,FALSE,TRUE,제4차 지속가능발전 기본계획 p.164,229
9-2-3,9-2,산업집중도,,,%,up,2015,50,,,,,,,모니터링,164,제4차 지속가능발전 기본계획,,,중소벤처기업부·금융위원회·산업통상자원부,,FALSE,TRUE,제4차 지속가능발전 기본계획 p.164,230
9-3-1,9-3,WEF 세계경쟁력보고서 혁신 역량부문 10개 지표의 점수,,,위,up,2019,13,,,,,,,모니터링,168,제4차 지속가능발전 기본계획,,,산업통상자원부·중소벤처기업부,,FALSE,TRUE,제4차 지속가능발전 기본계획 p.168,231
9-3-2,9-3,세계혁신지수(GII)의 종합점수 또는 혁신산출점수,,,위,up,2019,11,,,,,,,모니터링,168,제4차 지속가능발전 기본계획,,,산업통상자원부·중소벤처기업부,,FALSE,TRUE,제4차 지속가능발전 기본계획 p.168,232
9-4-1,9-4,GDP 대비 연구개발비,,,,up,2018,,,,,,,,모니터링,171,제4차 지속가능발전 기본계획,,,산업통상자원부,,FALSE,TRUE,제4차 지속가능발전 기본계획 p.171,233
9-4-2,9-4,경제활동 천 명당 (전일제) 연구자 수,,,명,up,2018,14.7,,,,,,,모니터링,171,제4차 지속가능발전 기본계획,,,산업통상자원부,,FALSE,TRUE,제4차 지속가능발전 기본계획 p.171,234
9-5-1,9-5,부가가치 단위당 이산화탄소 배출량,,,톤CO2eq./,down,2017,455.7,2030,,2040,,지속 감소,지속 감소,정성,175,제4차 지속가능발전 기본계획,,,산업통상자원부·환경부,,FALSE,TRUE,제4차 지속가능발전 기본계획 p.175,235
9-5-2,9-5,사업장배출시설계폐기물 재활용 비율,,,%,down,2018,81.63,2030,,2040,,지속 상승,지속 상승,정성,175,제4차 지속가능발전 기본계획,,,산업통상자원부·환경부,,FALSE,TRUE,제4차 지속가능발전 기본계획 p.175,236
