indicator_id,page_code,page_name,url,match,score,order
1-1-2,IDXN-1525,GDP 대비 공교육비 비율,https://www.index.go.kr/unify/idx-info.do?idxCd=1525,context,30,1
1-1-2,IDXN-4207,수출입비율(GDP 대비),https://www.index.go.kr/unify/idx-info.do?idxCd=4207,context,27,2
1-2-2,IDXN-1507,고용보험 적용 및 징수 현황,https://www.index.go.kr/unify/idx-info.do?idxCd=1507,exact,60,1
1-2-2,IDXN-1508,고용보험 지출현황,https://www.index.go.kr/unify/idx-info.do?idxCd=1508,near,55,2
1-2-2,IDXN-1506,"고용보험 피보험자(상실자, 취득자)현황",https://www.index.go.kr/unify/idx-info.do?idxCd=1506,near,40,3
1-2-3,IDXN-2709,국민연금 수급자 현황,https://www.index.go.kr/unify/idx-info.do?idxCd=2709,near,51,1
1-2-3,IDXN-2764,국민연금 재정현황,https://www.index.go.kr/unify/idx-info.do?idxCd=2764,near,47,2
1-3-1,IDXN-1316,어업 생산액 및 GDP 대비 부가가치 비중,https://www.index.go.kr/unify/idx-info.do?idxCd=1316,context,37,1
1-3-1,IDXN-1525,GDP 대비 공교육비 비율,https://www.index.go.kr/unify/idx-info.do?idxCd=1525,context,32,2
1-3-1,IDXN-4207,수출입비율(GDP 대비),https://www.index.go.kr/unify/idx-info.do?idxCd=4207,context,29,3
1-3-1,IDXN-4209,국가채무비율(GDP 대비),https://www.index.go.kr/unify/idx-info.do?idxCd=4209,context,27,4
1-3-1,IDXN-4210,대외채무비율(GDP 대비),https://www.index.go.kr/unify/idx-info.do?idxCd=4210,context,27,5
1-3-2,IDXN-1053,서비스업 동향,https://www.index.go.kr/unify/idx-info.do?idxCd=1053,near,46,1
1-3-2,IDXN-2759,사회복지 지출규모,https://www.index.go.kr/unify/idx-info.do?idxCd=2759,near,40,2
1-4-2,IDXN-2711,아동 안전사고 현황,https://www.index.go.kr/unify/idx-info.do?idxCd=2711,context,33,1
10-2-2,IDXN-2696,내년 가구의 재정상태,https://www.index.go.kr/unify/idx-info.do?idxCd=2696,context,26,1
10-3-1,IDXN-4212,고용률,https://www.index.go.kr/unify/idx-info.do?idxCd=4212,near,48,1
10-4-1,IDXN-1525,GDP 대비 공교육비 비율,https://www.index.go.kr/unify/idx-info.do?idxCd=1525,context,33,1
10-4-1,IDXN-4207,수출입비율(GDP 대비),https://www.index.go.kr/unify/idx-info.do?idxCd=4207,context,30,2
10-4-1,IDXN-4209,국가채무비율(GDP 대비),https://www.index.go.kr/unify/idx-info.do?idxCd=4209,context,27,3
10-4-1,IDXN-4210,대외채무비율(GDP 대비),https://www.index.go.kr/unify/idx-info.do?idxCd=4210,context,27,4
10-4-1,IDXN-4280,환경산업비율(GDP 대비),https://www.index.go.kr/unify/idx-info.do?idxCd=4280,context,27,5
10-5-2,IDXN-1046,지방자치단체 채무,https://www.index.go.kr/unify/idx-info.do?idxCd=1046,near,55,1
10-5-2,IDXN-1047,지방자치단체 기금,https://www.index.go.kr/unify/idx-info.do?idxCd=1047,near,55,2
10-5-2,IDXN-1042,지방자치단체 공무원 정원,https://www.index.go.kr/unify/idx-info.do?idxCd=1042,near,50,3
10-5-2,IDXN-1762,지방자치단체 여성공무원,https://www.index.go.kr/unify/idx-info.do?idxCd=1762,near,48,4
10-5-2,IDXN-2458,지방자치단체 재정자립도,https://www.index.go.kr/unify/idx-info.do?idxCd=2458,near,48,5
10-5-4,IDXN-1042,지방자치단체 공무원 정원,https://www.index.go.kr/unify/idx-info.do?idxCd=1042,exact,68,1
10-5-4,IDXN-1046,지방자치단체 채무,https://www.index.go.kr/unify/idx-info.do?idxCd=1046,near,55,2
10-5-4,IDXN-1047,지방자치단체 기금,https://www.index.go.kr/unify/idx-info.do?idxCd=1047,near,55,3
10-5-4,IDXN-1762,지방자치단체 여성공무원,https://www.index.go.kr/unify/idx-info.do?idxCd=1762,near,48,4
10-5-4,IDXN-2458,지방자치단체 재정자립도,https://www.index.go.kr/unify/idx-info.do?idxCd=2458,near,48,5
11-2-2,IDXN-1481,하수도 보급률 변화추이,https://www.index.go.kr/unify/idx-info.do?idxCd=1481,context,33,1
11-2-2,IDXN-1345,가구 인터넷 보급률 및 컴퓨터 보유율,https://www.index.go.kr/unify/idx-info.do?idxCd=1345,context,28,2
11-2-2,IDXN-1297,농촌지역 생활인프라 보급률,https://www.index.go.kr/unify/idx-info.do?idxCd=1297,context,28,3
11-6-1,IDXN-4275,미세먼지(PM2.5)농도,https://www.index.go.kr/unify/idx-info.do?idxCd=4275,near,50,1
11-6-1,IDXN-5092,미세먼지(PM10)농도,https://www.index.go.kr/unify/idx-info.do?idxCd=5092,near,46,2
11-6-2,IDXN-1399,CO2 연평균 농도 변화 추이,https://www.index.go.kr/unify/idx-info.do?idxCd=1399,near,46,1
11-6-2,IDXN-1398,에어로졸 PM10 연평균 농도 변화 추이,https://www.index.go.kr/unify/idx-info.do?idxCd=1398,context,35,2
11-7-1,IDXN-1205,"도시공원, 녹지, 유원지",https://www.index.go.kr/unify/idx-info.do?idxCd=1205,near,50,1
11-7-1,IDXN-1521,교원 1인당 학생 수,https://www.index.go.kr/unify/idx-info.do?idxCd=1521,near,39,2
11-7-1,IDXN-4257,1인당 주거면적,https://www.index.go.kr/unify/idx-info.do?idxCd=4257,context,36,3
11-7-1,IDXN-4287,1인당 물사용량,https://www.index.go.kr/unify/idx-info.do?idxCd=4287,context,36,4
11-7-1,IDXN-5073,1인당 문화재정,https://www.index.go.kr/unify/idx-info.do?idxCd=5073,context,36,5
12-11-1,IDXN-1525,GDP 대비 공교육비 비율,https://www.index.go.kr/unify/idx-info.do?idxCd=1525,context,33,1
12-11-1,IDXN-4207,수출입비율(GDP 대비),https://www.index.go.kr/unify/idx-info.do?idxCd=4207,context,30,2
12-11-1,IDXN-4209,국가채무비율(GDP 대비),https://www.index.go.kr/unify/idx-info.do?idxCd=4209,context,27,3
12-11-1,IDXN-4210,대외채무비율(GDP 대비),https://www.index.go.kr/unify/idx-info.do?idxCd=4210,context,27,4
12-11-1,IDXN-4280,환경산업비율(GDP 대비),https://www.index.go.kr/unify/idx-info.do?idxCd=4280,context,27,5
12-2-1,IDXN-1521,교원 1인당 학생 수,https://www.index.go.kr/unify/idx-info.do?idxCd=1521,context,35,1
12-2-1,IDXN-4257,1인당 주거면적,https://www.index.go.kr/unify/idx-info.do?idxCd=4257,context,32,2
12-2-1,IDXN-4287,1인당 물사용량,https://www.index.go.kr/unify/idx-info.do?idxCd=4287,context,32,3
12-2-1,IDXN-5073,1인당 문화재정,https://www.index.go.kr/unify/idx-info.do?idxCd=5073,context,32,4
12-2-1,IDXN-4246,교원 1인당 학생수,https://www.index.go.kr/unify/idx-info.do?idxCd=4246,context,32,5
12-3-2,IDXN-1521,교원 1인당 학생 수,https://www.index.go.kr/unify/idx-info.do?idxCd=1521,context,32,1
12-3-2,IDXN-4257,1인당 주거면적,https://www.index.go.kr/unify/idx-info.do?idxCd=4257,context,30,2
12-3-2,IDXN-4287,1인당 물사용량,https://www.index.go.kr/unify/idx-info.do?idxCd=4287,context,30,3
12-3-2,IDXN-5073,1인당 문화재정,https://www.index.go.kr/unify/idx-info.do?idxCd=5073,context,30,4
12-3-2,IDXN-4246,교원 1인당 학생수,https://www.index.go.kr/unify/idx-info.do?idxCd=4246,context,30,5
12-4-2,IDXN-2791,화학물질 배출량 및 통계 조사,https://www.index.go.kr/unify/idx-info.do?idxCd=2791,near,46,1
12-4-3,IDXN-1521,교원 1인당 학생 수,https://www.index.go.kr/unify/idx-info.do?idxCd=1521,context,32,1
12-4-3,IDXN-4257,1인당 주거면적,https://www.index.go.kr/unify/idx-info.do?idxCd=4257,context,30,2
12-4-3,IDXN-4287,1인당 물사용량,https://www.index.go.kr/unify/idx-info.do?idxCd=4287,context,30,3
12-4-3,IDXN-5073,1인당 문화재정,https://www.index.go.kr/unify/idx-info.do?idxCd=5073,context,30,4
12-4-3,IDXN-4246,교원 1인당 학생수,https://www.index.go.kr/unify/idx-info.do?idxCd=4246,context,30,5
12-7-1,IDXN-1046,지방자치단체 채무,https://www.index.go.kr/unify/idx-info.do?idxCd=1046,near,55,1
12-7-1,IDXN-1047,지방자치단체 기금,https://www.index.go.kr/unify/idx-info.do?idxCd=1047,near,55,2
12-7-1,IDXN-1042,지방자치단체 공무원 정원,https://www.index.go.kr/unify/idx-info.do?idxCd=1042,near,50,3
12-7-1,IDXN-1762,지방자치단체 여성공무원,https://www.index.go.kr/unify/idx-info.do?idxCd=1762,near,48,4
12-7-1,IDXN-2458,지방자치단체 재정자립도,https://www.index.go.kr/unify/idx-info.do?idxCd=2458,near,48,5
12-8-2,IDXN-1679,우리 국민의 국제기구 진출 현황,https://www.index.go.kr/unify/idx-info.do?idxCd=1679,context,30,1
12-9-1,IDXN-1317,수산물 소비량(연간 1인당)과 자급률,https://www.index.go.kr/unify/idx-info.do?idxCd=1317,near,49,1
12-9-1,IDXN-1521,교원 1인당 학생 수,https://www.index.go.kr/unify/idx-info.do?idxCd=1521,context,36,2
12-9-1,IDXN-4257,1인당 주거면적,https://www.index.go.kr/unify/idx-info.do?idxCd=4257,context,33,3
12-9-1,IDXN-4287,1인당 물사용량,https://www.index.go.kr/unify/idx-info.do?idxCd=4287,context,33,4
12-9-1,IDXN-5073,1인당 문화재정,https://www.index.go.kr/unify/idx-info.do?idxCd=5073,context,33,5
13-2-2,IDXN-2781,에너지 수급현황,https://www.index.go.kr/unify/idx-info.do?idxCd=2781,context,28,1
13-3-1,IDXN-1033,공공기관 청렴도,https://www.index.go.kr/unify/idx-info.do?idxCd=1033,near,46,1
13-3-1,IDXN-1099,공공기관 임직원 현황,https://www.index.go.kr/unify/idx-info.do?idxCd=1099,near,46,2
13-3-1,IDXN-1038,공공기관 정보공개,https://www.index.go.kr/unify/idx-info.do?idxCd=1038,near,42,3
13-3-1,IDXN-2855,공공기관 CCTV 설치 및 운영,https://www.index.go.kr/unify/idx-info.do?idxCd=2855,context,37,4
13-3-1,IDXN-1103,공공기관 고객만족도 결과,https://www.index.go.kr/unify/idx-info.do?idxCd=1103,context,37,5
13-4-1,IDXN-1464,국가 온실가스 배출현황,https://www.index.go.kr/unify/idx-info.do?idxCd=1464,near,55,1
13-4-1,IDXN-2791,화학물질 배출량 및 통계 조사,https://www.index.go.kr/unify/idx-info.do?idxCd=2791,context,32,2
13-4-1,IDXN-1037,대기오염물질 배출량,https://www.index.go.kr/unify/idx-info.do?idxCd=1037,context,31,3
13-4-1,IDXN-1474,폐수배출시설 및 배출량 현황,https://www.index.go.kr/unify/idx-info.do?idxCd=1474,context,31,4
14-5-1,IDXN-3056,해양보호구역 지정 현황,https://www.index.go.kr/unify/idx-info.do?idxCd=3056,exact,93,1
16-1-1,IDXN-4262,범죄율,https://www.index.go.kr/unify/idx-info.do?idxCd=4262,near,43,1
16-7-1,IDXN-1679,우리 국민의 국제기구 진출 현황,https://www.index.go.kr/unify/idx-info.do?idxCd=1679,context,30,1
16-9-1,IDXN-1038,공공기관 정보공개,https://www.index.go.kr/unify/idx-info.do?idxCd=1038,near,46,1
17-1-1,IDXN-1687,ODA 원조규모,https://www.index.go.kr/unify/idx-info.do?idxCd=1687,near,44,1
17-1-1,IDXN-1688,GNI대비 및 1인당 ODA 추이,https://www.index.go.kr/unify/idx-info.do?idxCd=1688,context,33,2
17-7-2,IDXN-1687,ODA 원조규모,https://www.index.go.kr/unify/idx-info.do?idxCd=1687,context,33,1
17-7-2,IDXN-1688,GNI대비 및 1인당 ODA 추이,https://www.index.go.kr/unify/idx-info.do?idxCd=1688,context,26,2
3-1-3,IDXN-2829,"청소년 현재 흡연율, 청소년 현재 음주율",https://www.index.go.kr/unify/idx-info.do?idxCd=2829,near,39,1
3-1-3,IDXN-2718,자원봉사 참여(성인),https://www.index.go.kr/unify/idx-info.do?idxCd=2718,context,26,2
3-1-4,IDXN-2768,장애인 현황,https://www.index.go.kr/unify/idx-info.do?idxCd=2768,context,36,1
3-1-4,IDXN-1498,장애인 의무고용 현황,https://www.index.go.kr/unify/idx-info.do?idxCd=1498,context,28,2
3-1-4,IDXN-1545,장애인 편의시설 현황,https://www.index.go.kr/unify/idx-info.do?idxCd=1545,context,28,3
3-2-1,IDXN-5091,자살률,https://www.index.go.kr/unify/idx-info.do?idxCd=5091,exact,65,1
3-3-1,IDXN-1614,"교통사고 현황(사망, 부상)",https://www.index.go.kr/unify/idx-info.do?idxCd=1614,near,49,1
3-6-1,IDXN-1012,사망원인별 사망률 추이,https://www.index.go.kr/unify/idx-info.do?idxCd=1012,context,28,1
3-6-2,IDXN-1440,국가 암검진 수검률,https://www.index.go.kr/unify/idx-info.do?idxCd=1440,context,30,1
3-6-3,IDXN-2705,비만 유병률,https://www.index.go.kr/unify/idx-info.do?idxCd=2705,exact,67,1
3-6-3,IDXN-1597,청소년 인구 및 구성비,https://www.index.go.kr/unify/idx-info.do?idxCd=1597,near,39,2
3-6-3,IDXN-1441,정신장애 유병률,https://www.index.go.kr/unify/idx-info.do?idxCd=1441,context,36,3
3-6-3,IDXN-1604,청소년 가출실태,https://www.index.go.kr/unify/idx-info.do?idxCd=1604,context,36,4
3-6-3,IDXN-2774,청소년 상담사/지도사 현황,https://www.index.go.kr/unify/idx-info.do?idxCd=2774,context,33,5
3-7-1,IDXN-4275,미세먼지(PM2.5)농도,https://www.index.go.kr/unify/idx-info.do?idxCd=4275,context,37,1
3-8-2,IDXN-1528,OECD 학업성취도(PISA) 순위,https://www.index.go.kr/unify/idx-info.do?idxCd=1528,context,34,1
4-1-1,IDXN-1551,고등교육기관 졸업자 취업률,https://www.index.go.kr/unify/idx-info.do?idxCd=1551,context,36,1
4-10-1,IDXN-1521,교원 1인당 학생 수,https://www.index.go.kr/unify/idx-info.do?idxCd=1521,exact,74,1
4-10-1,IDXN-1523,학생 1인당 공교육비,https://www.index.go.kr/unify/idx-info.do?idxCd=1523,exact,60,2
4-10-1,IDXN-4243,학생 1인당 공교육비,https://www.index.go.kr/unify/idx-info.do?idxCd=4243,exact,60,3
4-10-1,IDXN-4244,학생 1인당 사교육비,https://www.index.go.kr/unify/idx-info.do?idxCd=4244,exact,60,4
4-10-1,IDXN-4257,1인당 주거면적,https://www.index.go.kr/unify/idx-info.do?idxCd=4257,near,43,5
4-2-3,IDXN-1584,어린이집 시설 종사자 현황,https://www.index.go.kr/unify/idx-info.do?idxCd=1584,context,38,1
4-2-3,IDXN-1583,어린이집 시설수 및 아동수 현황,https://www.index.go.kr/unify/idx-info.do?idxCd=1583,context,36,2
4-2-3,IDXN-1585,"장애아전문,통합 어린이집 현황",https://www.index.go.kr/unify/idx-info.do?idxCd=1585,context,33,3
4-3-1,IDXN-1548,고등교육 규모,https://www.index.go.kr/unify/idx-info.do?idxCd=1548,exact,67,1
4-3-2,IDXN-1521,교원 1인당 학생 수,https://www.index.go.kr/unify/idx-info.do?idxCd=1521,near,45,1
4-3-2,IDXN-1523,학생 1인당 공교육비,https://www.index.go.kr/unify/idx-info.do?idxCd=1523,near,39,2
4-3-2,IDXN-4243,학생 1인당 공교육비,https://www.index.go.kr/unify/idx-info.do?idxCd=4243,near,39,3
4-3-2,IDXN-4244,학생 1인당 사교육비,https://www.index.go.kr/unify/idx-info.do?idxCd=4244,near,39,4
4-3-2,IDXN-4257,1인당 주거면적,https://www.index.go.kr/unify/idx-info.do?idxCd=4257,context,27,5
4-4-1,IDXN-1555,평생학습 참여율,https://www.index.go.kr/unify/idx-info.do?idxCd=1555,exact,100,1
4-4-3,IDXN-1597,청소년 인구 및 구성비,https://www.index.go.kr/unify/idx-info.do?idxCd=1597,context,36,1
4-4-3,IDXN-1352,ICT 생산통계,https://www.index.go.kr/unify/idx-info.do?idxCd=1352,context,33,2
4-4-3,IDXN-1604,청소년 가출실태,https://www.index.go.kr/unify/idx-info.do?idxCd=1604,context,33,3
4-4-3,IDXN-2782,ICT 수출입 동향,https://www.index.go.kr/unify/idx-info.do?idxCd=2782,context,33,4
4-4-3,IDXN-2774,청소년 상담사/지도사 현황,https://www.index.go.kr/unify/idx-info.do?idxCd=2774,context,31,5
4-6-2,IDXN-2718,자원봉사 참여(성인),https://www.index.go.kr/unify/idx-info.do?idxCd=2718,context,26,1
4-9-1,IDXN-1525,GDP 대비 공교육비 비율,https://www.index.go.kr/unify/idx-info.do?idxCd=1525,near,58,1
4-9-1,IDXN-1523,학생 1인당 공교육비,https://www.index.go.kr/unify/idx-info.do?idxCd=1523,context,33,2
4-9-1,IDXN-4243,학생 1인당 공교육비,https://www.index.go.kr/unify/idx-info.do?idxCd=4243,context,33,3
5-3-1,IDXN-3037,맞벌이가구 비율,https://www.index.go.kr/unify/idx-info.do?idxCd=3037,context,36,1
5-6-1,IDXN-3061,스마트폰 과의존 현황,https://www.index.go.kr/unify/idx-info.do?idxCd=3061,near,55,1
5-6-1,IDXN-1345,가구 인터넷 보급률 및 컴퓨터 보유율,https://www.index.go.kr/unify/idx-info.do?idxCd=1345,context,26,2
6-1-1,IDXN-4274,삶의 만족도,https://www.index.go.kr/unify/idx-info.do?idxCd=4274,near,56,1
6-1-2,IDXN-1481,하수도 보급률 변화추이,https://www.index.go.kr/unify/idx-info.do?idxCd=1481,context,26,1
6-2-1,IDXN-1481,하수도 보급률 변화추이,https://www.index.go.kr/unify/idx-info.do?idxCd=1481,exact,61,1
6-2-1,IDXN-1345,가구 인터넷 보급률 및 컴퓨터 보유율,https://www.index.go.kr/unify/idx-info.do?idxCd=1345,context,27,2
6-2-1,IDXN-1297,농촌지역 생활인프라 보급률,https://www.index.go.kr/unify/idx-info.do?idxCd=1297,context,26,3
6-4-1,IDXN-1480,상수도 급수현황(보급 및 급수량),https://www.index.go.kr/unify/idx-info.do?idxCd=1480,context,33,1
7-2-2,IDXN-2781,에너지 수급현황,https://www.index.go.kr/unify/idx-info.do?idxCd=2781,context,29,1
7-4-2,IDXN-2781,에너지 수급현황,https://www.index.go.kr/unify/idx-info.do?idxCd=2781,context,30,1
8-1-1,IDXN-1317,수산물 소비량(연간 1인당)과 자급률,https://www.index.go.kr/unify/idx-info.do?idxCd=1317,context,36,1
8-1-1,IDXN-1521,교원 1인당 학생 수,https://www.index.go.kr/unify/idx-info.do?idxCd=1521,context,32,2
8-1-1,IDXN-1525,GDP 대비 공교육비 비율,https://www.index.go.kr/unify/idx-info.do?idxCd=1525,context,30,3
8-1-1,IDXN-4257,1인당 주거면적,https://www.index.go.kr/unify/idx-info.do?idxCd=4257,context,30,4
8-1-1,IDXN-4287,1인당 물사용량,https://www.index.go.kr/unify/idx-info.do?idxCd=4287,context,30,5
8-2-2,IDXN-2477,비정규직 고용동향,https://www.index.go.kr/unify/idx-info.do?idxCd=2477,near,55,1
8-3-1,IDXN-2778,혁신형 중소기업 현황,https://www.index.go.kr/unify/idx-info.do?idxCd=2778,near,47,1
8-3-1,IDXN-1181,중소기업 일반현황,https://www.index.go.kr/unify/idx-info.do?idxCd=1181,near,43,2
8-3-1,IDXN-2780,중소기업 금융지원 현황,https://www.index.go.kr/unify/idx-info.do?idxCd=2780,near,43,3
8-3-1,IDXN-1063,취업자 수/실업률 추이,https://www.index.go.kr/unify/idx-info.do?idxCd=1063,context,33,4
8-3-2,IDXN-1182,창업기업 동향,https://www.index.go.kr/unify/idx-info.do?idxCd=1182,exact,85,1
9-1-1,IDXN-1481,하수도 보급률 변화추이,https://www.index.go.kr/unify/idx-info.do?idxCd=1481,near,39,1
9-1-1,IDXN-1345,가구 인터넷 보급률 및 컴퓨터 보유율,https://www.index.go.kr/unify/idx-info.do?idxCd=1345,context,33,2
9-1-1,IDXN-1297,농촌지역 생활인프라 보급률,https://www.index.go.kr/unify/idx-info.do?idxCd=1297,context,32,3
9-4-1,IDXN-1325,총 연구개발비,https://www.index.go.kr/unify/idx-info.do?idxCd=1325,exact,81,1
9-4-1,IDXN-1326,기관별 연구개발비,https://www.index.go.kr/unify/idx-info.do?idxCd=1326,exact,68,2
9-4-1,IDXN-1329,지역별 연구개발비,https://www.index.go.kr/unify/idx-info.do?idxCd=1329,exact,68,3
9-4-1,IDXN-1328,민간기업 연구개발비 현황,https://www.index.go.kr/unify/idx-info.do?idxCd=1328,exact,63,4
9-4-1,IDXN-1327,연구개발 단계별 연구개발비,https://www.index.go.kr/unify/idx-info.do?idxCd=1327,near,55,5
9-5-1,IDXN-1316,어업 생산액 및 GDP 대비 부가가치 비중,https://www.index.go.kr/unify/idx-info.do?idxCd=1316,context,30,1
