seq,kind,plan_name,law,article,edition,period,cycle,ministry,confidence,has_doc,doc_file,doc_size,doc_note,remark,source_url,note,display,order
1,본번,구조ㆍ구급 기본계획,「119구조ㆍ구급에 관한 법률」,제6조제1항,차수없음,,5년,소방청,참고,TRUE,/plans/구조ㆍ구급 기본계획.pdf,903477,,차수를 붙이지 않는 계획,https://upload.wikimedia.org/wikipedia/commons/5/50/2018년_소방청_주요업무계획.pdf,2018.1 기본계획 수립 확인. 차수·계획기간 표기 미확인. 5년 주기,TRUE,1
2,본번,가족친화 사회환경 조성 기본계획,「가족친화 사회환경의 조성 촉진에 관한 법률」,제5조제1항,,,5년,여성가족부,미확인,TRUE,/plans/가족친화 사회환경 조성 기본계획.pdf,527784,,,,5년 주기. 차수 미확인,TRUE,2
3,본번,가축분뇨의 관리에 관한 기본계획,「가축분뇨의 관리 및 이용에 관한 법률」,제5조제1항,제2차,2026~2035,10년,환경부(기후에너지환경부),확인,TRUE,/plans/가축분뇨의 관리에 관한 기본계획_제2차.pdf,61050,,,https://www.me.go.kr/home/web/board/read.do?boardId=1727570,"시·도지사 수립, 10년 주기",TRUE,3
4,본번,감염병의 예방 및 관리에 관한 기본계획,「감염병의 예방 및 관리에 관한 법률」,제7조제1항,제3차,2023~2027,5년,질병관리청,확인,TRUE,/plans/감염병의 예방 및 관리에 관한 기본계획_제3차.pdf,1283269,,,https://www.kdca.go.kr/kdca/3243/subview.do,,TRUE,4
5,본번,갯벌등의 관리 및 복원에 관한 기본계획,「갯벌 및 그 주변지역의 지속가능한 관리와 복원에 관한 법률」,제7조제1항,제2차,2026~2030,5년,해양수산부,확인,TRUE,/plans/갯벌등의 관리 및 복원에 관한 기본계획_제2차.pdf,2969681,,,https://www.mof.go.kr/doc/ko/selectDoc.do?docSeq=65968,,TRUE,5
6,본번,건강가정기본계획,「건강가정기본법」,제15조제1항,제5차,2026~2030,5년,성평등가족부(구 여성가족부),확인,TRUE,/plans/건강가정기본계획_제5차.pdf,6628403,,,https://www.newspim.com/news/view/20260609000675,2026.6.9 확정. 직전 제4차(2021~2025),TRUE,6
7,본번,건설기술진흥 기본계획,「건설기술 진흥법」,제3조제1항,제7차,2023~2027,5년,국토교통부,확인,TRUE,/plans/건설기술진흥 기본계획_제7차.pdf,1278007,,,https://www.codil.or.kr/filebank/files/202401/helpdesk/BBS_202401021259086030.pdf,,TRUE,7
8,본번,건설산업진흥 기본계획,「건설산업기본법」,제6조제1항,제6차,2023~2027,5년,국토교통부,확인,FALSE,,,,,https://www.molit.go.kr/portal/common/download/DownloadMltm2.jsp,,TRUE,8
9,본번,건축정책에 관한 기본계획,「건축기본법」,제10조제1항,제3차,2021~2025,5년,국토교통부·국가건축정책위원회,확인,TRUE,/plans/건축정책에 관한 기본계획_제3차.pdf,6138004,,계획기간 만료(2025년) — 후속 차수 미확인,https://pcap.go.kr/board/B0023.cs?act=read&bwrId=1624,제4차 발표 여부 재확인 필요,TRUE,9
10,본번,검역관리 기본계획,「검역법」,제4조의2제1항,제1차,2023~2027,5년,질병관리청,확인,TRUE,/plans/검역관리 기본계획_제1차.pdf,3595640,,,https://nqs.kdca.go.kr/nqs/quaInfo.do?gubun=law&subGubun=law,검역법 제4조의2. 5년 주기,TRUE,10
11,본번,경제자유구역기본계획,「경제자유구역의 지정 및 운영에 관한 특별법」,제3조의2제1항,제3차,2023~2032,5년,산업통상자원부,확인,FALSE,,,,,https://motie.go.kr,2023.12.29 고시,TRUE,11
12,본번,고령자의 고용촉진에 관한 기본계획,「고용상 연령차별금지 및 고령자고용촉진에 관한 법률」,제4조의3제1항,제4차,2023~2027,5년,고용노동부,확인,TRUE,/plans/고령자의 고용촉진에 관한 기본계획_제4차.pdf,1840825,,,https://www.moel.go.kr/policy/policydata/view.do?bbs_seq=20230200265,,TRUE,12
13,본번,국가의 고용정책에 관한 기본계획,「고용정책 기본법」,제8조제1항,제5차,2023~2027,5년,고용노동부,확인,FALSE,,,,,https://www.korea.kr/briefing/pressReleaseView.do?newsId=156549834,,TRUE,13
14,본번,공공보건의료 기본계획,「공공보건의료에 관한 법률」,제4조제1항,제2차,2021~2025,5년,보건복지부,참고,TRUE,/plans/공공보건의료 기본계획_제2차.pdf,4411163,,계획기간 만료(2025년) — 후속 차수 미확인 · 확정본 미확인,https://www.mohw.go.kr/board.es?mid=a10401000000,제3차(2026~2030)는 2025.5 기초연구 단계 - 확정 미확인,TRUE,14
15,본번,공공외교 기본계획,「공공외교법」,제6조제1항,제3차,2026~2030,5년,외교부,확인,TRUE,/plans/공공외교 기본계획_제3차.pdf,447561,,,https://nsp.nanet.go.kr/plan/subject/detail.do?nationalPlanControlNo=PLAN0000057611,2025.11.13 확정,TRUE,15
16,본번,공공폐자원관리시설의 설치 및 운영 기본계획,「공공폐자원관리시설의 설치ㆍ운영 및 주민지원 등에 관한 특별법」,제5조제1항,제1차,2021~,미확인,환경부,참고,FALSE,,,,법령에 수립주기 규정 없음,https://me.go.kr/home/web/board/read.do?boardId=1461130,"2021.6 수립, 차수 표기 없음",TRUE,16
17,본번,공유수면매립 기본계획,「공유수면 관리 및 매립에 관한 법률」,제22조제1항,제4차,2021~2030,10년,해양수산부,확인,TRUE,/plans/공유수면매립 기본계획_제4차.pdf,475927,,,https://www.mof.go.kr/doc/ko/selectDoc.do?docSeq=36314,10년 주기. 2025.6 변경계획,TRUE,17
18,본번,과학기술기본계획,「과학기술기본법」,제7조제2항,제5차,2023~2027,5년,과학기술정보통신부,확인,TRUE,/plans/과학기술기본계획_제5차.pdf,986619,,,https://www.korea.kr/briefing/pressReleaseView.do?newsId=156542589,,TRUE,18
19,본번,관광진흥에 관한 기본계획,「관광기본법」,제3조제1항,제6차,2023~2027,5년,문화체육관광부,확인,TRUE,/plans/관광진흥에 관한 기본계획_제6차.pdf,222796,,,https://www.korea.kr/briefing/policyBriefingView.do?newsId=156541994,2022.12 제7차 국가관광전략회의 의결. 관광진흥기본계획,TRUE,19
20,본번,관광개발기본계획,「관광진흥법」,제49조제1항,제4차,2022~2031,10년,문화체육관광부,확인,TRUE,/plans/관광개발기본계획_제4차.pdf,1020269,,수립 후 5년마다 타당성 검토 규정,https://www.aurum.re.kr/Legal/LegalSub.aspx?pcode=G02,,TRUE,20
21,본번,광업에 대한 기본계획,「광업법」,제85조,,,5년,산업통상자원부,미확인,TRUE,/plans/광업에 대한 기본계획.pdf,2275316,,,,광업법상 임의규정('수립할 수 있다'). 최근 수립 근거 못 찾음,TRUE,21
22,본번,교육시설기본계획,「교육시설 등의 안전 및 유지관리 등에 관한 법률」,제5조제1항,제1차,2022~2026,5년,교육부,확인,FALSE,,,,,https://www.moe.go.kr,제2차(2027~2031) 발표됨 - 현행은 제1차,TRUE,22
23,본번,교육환경보호기본계획,「교육환경 보호에 관한 법률」,제4조제1항,제2차,2023~2027,5년,교육부,확인,FALSE,,,,,https://www.schoolkeepa.or.kr/cop/bbs/selectArticleList.do?bbsId=BBSMSTR_000000000021,직전 제1차(2018~2022),TRUE,23
24,본번,교통안전에 관한 기본계획,「교통안전법」,제15조제1항,제9차,2022~2026,5년,국토교통부,확인,TRUE,/plans/교통안전에 관한 기본계획_제9차.pdf,87371195,,,https://www.codil.or.kr/viewDtlConRpt.do?pMetaCode=OTKCRK230415,국가교통안전기본계획,TRUE,24
25,본번,구직자 취업지원 기본계획,「구직자 취업촉진 및 생활안정지원에 관한 법률」,제5조제1항,제1차,2022~2026,5년,고용노동부,확인,TRUE,/plans/구직자 취업지원 기본계획_제1차.pdf,5754162,,,https://www.moel.go.kr/news/enews/report/enewsView.do?news_seq=13661,제1차 국민취업지원 기본계획. 2022.6.22 고용정책심의회 의결,TRUE,25
26,본번,국가공간정보정책 기본계획,「국가공간정보 기본법」,제6조제1항,제7차,2023~2027,5년,국토교통부,확인,TRUE,/plans/국가공간정보정책 기본계획_제7차.pdf,2321912,,,https://www.molit.go.kr/USR/I0204/m_45/dtl.jsp?idx=17839,,TRUE,26
27,본번,이공계 인력 육성ㆍ지원 기본계획,「국가과학기술 경쟁력 강화를 위한 이공계지원 특별법」,제4조제1항,제4차,2021~2025,5년,과학기술정보통신부,확인,TRUE,/plans/이공계 인력 육성ㆍ지원 기본계획_제4차.pdf,2318939,,계획기간 만료(2025년) — 후속 차수 미확인,https://www.kistep.re.kr/board.es?mid=a10305080000&bid=0002&act=view&list_no=34616,제4차 과학기술인재 육성·지원 기본계획,TRUE,27
28,본번,지방시대 종합계획,「지방자치분권 및 지역균형발전에 관한 특별법」,제6조제1항,제1차,2023~2027,5년,지방시대위원회,확인,TRUE,/plans/지방시대 종합계획_제1차.pdf,39372780,,,https://nsp.nanet.go.kr/plan/subject/detail.do?nationalPlanControlNo=PLAN0000041560,2023.10.30 국무회의,TRUE,28
29,본번,국가기간교통망에 관한 계획,「국가통합교통체계효율화법」,제4조제1항,제2차,2021~2040,20년,국토교통부,확인,TRUE,/plans/국가기간교통망에 관한 계획_제2차.pdf,10444846,,수립 후 5년마다 타당성 검토 규정,https://www.codil.or.kr/viewDtlConRpt.do?pMetaCode=OTKCRK230529,20년 단위,TRUE,29
30,본번,지능형 교통체계에 관한 국가 차원의 기본계획,「국가통합교통체계효율화법」,제73조제1항,차수없음,2021~2030,10년,국토교통부,확인,FALSE,,,,차수를 붙이지 않는 계획 · 수립 후 5년마다 타당성 검토 규정,https://www.molit.go.kr/USR/I0204/m_45/dtl.jsp?idx=17082,「지능형교통체계 기본계획 2030」 - 차수 대신 목표연도로 표기하는 계획,TRUE,30
31,본번,국가표준기본계획,「국가표준기본법」,제7조제1항,제5차,2021~2025,5년,산업통상자원부,확인,TRUE,/plans/국가표준기본계획_제5차.pdf,1164132,,계획기간 만료(2025년) — 후속 차수 미확인,https://www.pacst.go.kr,제6차 여부 재확인 필요,TRUE,31
32,본번,안전교육기본계획,「국민 안전교육 진흥 기본법」,제5조제1항,제2차,2023~2027,5년,행정안전부,확인,FALSE,,,,,https://www.mois.go.kr,"제2차 국민 안전교육 기본계획. 26개 부처 합동, 중앙안전관리위 심의",TRUE,32
33,본번,직업능력개발기본계획,「국민 평생 직업능력 개발법」,제5조제1항,제4차,2023~2027,5년,고용노동부,확인,FALSE,,,,,https://www.moel.go.kr/policy/policydata/view.do?bbs_seq=20240401675,,TRUE,33
34,본번,국민건강증진종합계획,「국민건강증진법」,제4조제1항,제5차,2021~2030,5년,보건복지부,확인,TRUE,/plans/국민건강증진종합계획_제5차.pdf,5876861,,,https://www.mohw.go.kr/board.es?mid=a10401000000&bid=0008&act=view&list_no=365340,Health Plan 2030(HP2030),TRUE,34
35,본번,기초생활보장 기본계획,「국민기초생활 보장법」,제20조의2제1항,제3차,2024~2026,3년,보건복지부,확인,TRUE,/plans/기초생활보장 기본계획_제3차.pdf,4848221,,,https://www.mohw.go.kr/board.es?mid=a10107010100&bid=0038&act=view&list_no=1479416,3년 주기,TRUE,35
36,본번,국제개발협력 종합기본계획,「국제개발협력기본법」,제11조제1항,제4차,2026~2030,5년,국무조정실,확인,TRUE,/plans/국제개발협력 종합기본계획_제4차.pdf,1015694,,,https://www.opm.go.kr/opm/news/press-release.do?articleNo=161091,2026.3 확정,TRUE,36
37,본번,국제과학비즈니스벨트 기본계획,「국제과학비즈니스벨트 조성 및 지원에 관한 특별법」,제8조제1항,제2차,2022~2030,미확인,과학기술정보통신부,확인,TRUE,/plans/국제과학비즈니스벨트 기본계획_제2차.pdf,1611435,,법령에 수립주기 규정 없음,https://fliphtml5.com/lukuo/lsox/,2022.3 과학벨트위원회 확정,TRUE,37
38,본번,국토종합계획,「국토기본법」,제9조제1항,제5차,2020~2040,20년,국토교통부,확인,TRUE,/plans/국토종합계획_제5차.pdf,11164514,,,https://www.codil.or.kr/viewDtlConRpt.do?pMetaCode=OTKCRK200443,실천계획 2021~2025 별도,TRUE,38
39,본번,광역도시계획,「국토의 계획 및 이용에 관한 법률」,제11조제1항,,,5년,시·도지사,해당없음,TRUE,/plans/광역도시계획.pdf,388861,,국가계획이 아니라 지자체가 개별 수립,,대도시권별로 개별 수립하는 지자체 계획 - 단일 국가계획 아님,TRUE,39
40,본번,소음대책지역 소음 방지 및 소음피해 보상에 관한 기본계획,「군용비행장ㆍ군사격장 소음 방지 및 피해 보상에 관한 법률」,제7조제1항,제1차,2021~2025,5년,국방부,확인,TRUE,/plans/소음대책지역 소음 방지 및 소음피해 보상에 관한 기본계획_제1차.pdf,1706906,,계획기간 만료(2025년) — 후속 차수 미확인,https://www.korea.kr/briefing/pressReleaseView.do?newsId=156419276,제2차 여부 재확인 필요,TRUE,40
41,본번,국가 탄소중립 녹색성장 기본계획,「기후위기 대응을 위한 탄소중립ㆍ녹색성장 기본법」,제10조제1항,제1차,2023~2042,5년,2050탄소중립녹색성장위원회,확인,TRUE,/plans/국가 탄소중립 녹색성장 기본계획_제1차.pdf,4035192,,,https://me.go.kr/home/web/policy_data/read.do?menuId=10259&seq=8084,"20년 계획, 5년마다 갱신",TRUE,41
42,본번,근로복지증진에 관한 기본계획,「근로복지기본법」,제9조제1항,제5차,2022~2026,5년,고용노동부,확인,TRUE,/plans/근로복지증진에 관한 기본계획_제5차.pdf,11314474,,,https://eiec.kdi.re.kr/policy/materialView.do?num=231496,,TRUE,42
43,본번,수변구역관리기본계획,「금강수계 물관리 및 주민지원 등에 관한 법률」,제4조의2제1항,,,5년,환경부,미확인,FALSE,,,,동일 명칭 계획이 수계별로 존재,,금강수계. 5년 주기,TRUE,43
44,본번,수변구역관리기본계획,「낙동강수계 물관리 및 주민지원 등에 관한 법률」,제4조의2제1항,,,5년,환경부,미확인,FALSE,,,,동일 명칭 계획이 수계별로 존재,,낙동강수계. 5년 주기,TRUE,44
45,본번,남녀고용평등 실현과 일ㆍ가정 양립에 관한 기본계획,「남녀고용평등과 일ㆍ가정 양립 지원에 관한 법률」,제6조의2제1항,제7차,2023~2027,5년,고용노동부,확인,FALSE,,,,,https://www.moel.go.kr/news/notice/noticeView.do?bbs_seq=20240800778,2024.8 발표,TRUE,45
46,본번,남북관계발전에 관한 기본계획,「남북관계 발전에 관한 법률」,제13조제1항,제4차,2023~2027,5년,통일부,확인,TRUE,/plans/남북관계발전에 관한 기본계획_제4차.pdf,364580,,,https://www.unikorea.go.kr/web/unikorea/bbs/bbs_0000000000000019/54332,통일부고시 2023-159,TRUE,46
47,본번,장기요양기본계획,「노인장기요양보험법」,제6조제1항,제3차,2023~2027,3년,보건복지부,확인,TRUE,/plans/장기요양기본계획_제3차.pdf,2424491,,,https://nsp.nanet.go.kr/plan/subject/detail.do?nationalPlanControlNo=PLAN0000039850,,TRUE,47
48,본번,노후준비 지원에 관한 기본계획,「노후준비 지원법」,제5조제1항,제3차,2026~2030,5년,보건복지부,참고,FALSE,,,,확정본 미확인,https://www.korea.kr/news/policyNewsView.do?newsId=148943610,2025.12 확정 예정 발표. 확정본 보도 미확인,TRUE,48
49,본번,녹색건축물 기본계획,「녹색건축물 조성 지원법」,제6조제1항,제3차,2025~2029,5년,국토교통부,확인,TRUE,/plans/녹색건축물 기본계획_제3차.pdf,375213,,,https://eiec.kdi.re.kr/policy/materialView.do?num=261958,2024.12.31 고시,TRUE,49
50,본번,녹색융합클러스터 기본계획,「녹색융합클러스터의 조성 및 육성에 관한 법률」,제6조제1항,제1차,2023~2027,5년,환경부,확인,TRUE,/plans/녹색융합클러스터 기본계획_제1차.pdf,1065554,,,https://nsp.nanet.go.kr/plan/subject/detail.do?nationalPlanControlNo=PLAN0000039063,,TRUE,50
51,본번,녹색제품의 구매촉진을 위한 기본계획,「녹색제품 구매촉진에 관한 법률」,제4조제1항,제4차,2021~2025,5년,환경부,확인,TRUE,/plans/녹색제품의 구매촉진을 위한 기본계획_제4차.pdf,14390133,,계획기간 만료(2025년) — 후속 차수 미확인,http://www.kwaste.or.kr/bbs/board.php?bo_table=board17&wr_id=137,제5차 여부 재확인 필요,TRUE,51
52,본번,농어업인 삶의 질 향상 및 농어촌 지역개발 기본계획,「농어업인 삶의 질 향상 및 농어촌지역 개발촉진에 관한 특별법」,제5조제1항,제5차,2025~2029,5년,농림축산식품부,확인,TRUE,/plans/농어업인 삶의 질 향상 및 농어촌 지역개발 기본계획_제5차.pdf,294699,,,https://epts.kdi.re.kr/polcTmsesSrvc/them?SEARCH_CTE_SEQ=79447,,TRUE,52
53,본번,농어촌 정비 종합계획,「농어촌정비법」,제4조제1항,,,미확인,농림축산식품부,미확인,TRUE,/plans/농어촌 정비 종합계획.pdf,5119926,,수립 후 10년마다 타당성 검토 규정 · 법령에 수립주기 규정 없음,,농어촌정비법 제4조,TRUE,53
54,본번,농어촌용수 이용 합리화계획,「농어촌정비법」,제15조제1항,차수없음,2015~2024,미확인,농림축산식품부,참고,FALSE,,,,계획기간 만료(2024년) — 후속 차수 미확인 · 차수를 붙이지 않는 계획 · 수립 후 5년마다 타당성 검토 규정 · 법령에 수립주기 규정 없음,https://library.krihs.re.kr/login/10110/contents/5913582,농어촌용수이용합리화계획(2015~2024) 확인. 후속 계획 미확인,TRUE,54
55,본번,농어촌보건복지 기본계획,「농어촌주민의 보건복지 증진을 위한 특별법」,제7조제1항,제5차,2025~2029,5년,보건복지부,확인,TRUE,/plans/농어촌보건복지 기본계획_제5차.pdf,1182502,,,https://www.mohw.go.kr/board.es?bid=0038&list_no=1486260&mid=a10107010100,,TRUE,55
56,본번,농업ㆍ농촌 및 식품산업 발전계획,「농업ㆍ농촌 및 식품산업 기본법」,제14조제1항,제4차,2023~2027,5년,농림축산식품부,확인,TRUE,/plans/농업ㆍ농촌 및 식품산업 발전계획_제4차.pdf,4484814,,,https://nsp.nanet.go.kr/plan/subject/detail.do?nationalPlanControlNo=PLAN0000037416,2023.4.6 발표,TRUE,56
57,본번,농업생명자원의 보존ㆍ관리 및 이용에 관한 기본계획,「농업생명자원의 보존ㆍ관리 및 이용에 관한 법률」,제5조제1항,제3차,2019~2023,5년,농림축산식품부,참고,FALSE,,,,계획기간 만료(2023년) — 후속 차수 미확인,http://www.wonyesanup.co.kr/news/articleView.html?idxno=28641,제4차 미확인 - 계획기간 만료,TRUE,57
58,본번,다문화가족정책에 관한 기본계획,「다문화가족지원법」,제3조의2제1항,제4차,2023~2027,5년,여성가족부,확인,TRUE,/plans/다문화가족정책에 관한 기본계획_제4차.pdf,156316,,,https://www.korea.kr/briefing/policyBriefingView.do?newsId=156565060,2023.4.27 다문화가족정책위원회 의결,TRUE,58
59,본번,다중이용업소의 안전관리기본계획,「다중이용업소의 안전관리에 관한 특별법」,제5조제1항,제4차,2024~2028,5년,소방청,확인,TRUE,/plans/다중이용업소의 안전관리기본계획_제4차.pdf,4358195,,,https://www.nfa.go.kr/nfa/news/notice/?boardId=bbs_0000000000000009&mode=view&cntId=528,,TRUE,59
60,본번,대기환경관리 기본계획,「대기관리권역의 대기환경개선에 관한 특별법」,제9조제1항,제2차,2025~2029,5년,환경부,확인,TRUE,/plans/대기환경관리 기본계획_제2차.pdf,4206332,,권역별로 각각 수립,https://me.go.kr/mamo/web/board/read.do?boardId=1717150,수도권 권역 기준. 수도권·중부·남부·동남권 4개 권역별로 각각 수립,TRUE,60
61,본번,대기환경개선 종합계획,「대기환경보전법」,제11조제1항,제3차,2023~2032,10년,환경부,확인,TRUE,/plans/대기환경개선 종합계획_제3차.pdf,2604239,,,https://nsp.nanet.go.kr/plan/subject/detail.do?nationalPlanControlNo=PLAN0000042506,2022.12.27 발표,TRUE,61
62,본번,장거리이동대기오염물질피해방지 종합대책,「대기환경보전법」,제13조제1항,제1차,2018~2022,미확인,환경부,참고,TRUE,/plans/장거리이동대기오염물질피해방지 종합대책_제1차.pdf,46708124,,계획기간 만료(2022년) — 후속 차수 미확인 · 법령에 수립주기 규정 없음,http://www.me.go.kr/home/web/policy_data/read.do?menuId=10259&seq=7120,제2차 이후 확인 못함,TRUE,62
63,본번,대도시권 광역교통기본계획,「대도시권 광역교통 관리에 관한 특별법」,제3조제1항,제2차,2021~2040,20년,국토교통부(대광위),확인,TRUE,/plans/대도시권 광역교통기본계획_제2차.pdf,19682689,,,https://www.koti.re.kr/user/bbs/pmediaView.do?bbs_no=56383,20년 단위,TRUE,63
64,본번,대중교통기본계획,「대중교통의 육성 및 이용촉진에 관한 법률」,제5조제1항,제4차,2022~2026,5년,국토교통부,확인,TRUE,/plans/대중교통기본계획_제4차.pdf,28890392,,,https://www.korea.kr/briefing/pressReleaseView.do?newsId=156492732,,TRUE,64
65,본번,댐관리기본계획,「댐건설 및 주변지역지원 등에 관한 법률」,제4조제1항,제1차,,10년,환경부,확인,FALSE,,,,수립 후 5년마다 타당성 검토 규정,https://me.go.kr/home/web/board/read.do?boardId=1658445,댐건설관리법 개정(2021.6) 후 최초 수립,TRUE,65
66,본번,도로건설ㆍ관리계획,「도로법」,제6조제1항,,,5년,도로관리청,해당없음,FALSE,,,,국가계획이 아니라 지자체가 개별 수립,https://www.molit.go.kr/USR/policyData/m_34681/dtl.jsp?id=4579,도로관리청별 수립. 상위계획은 제2차 국가도로망종합계획(2021~2030),TRUE,66
67,본번,도시ㆍ주거환경정비 기본계획,「도시 및 주거환경정비법」,제4조제1항,,,10년,시장·군수,해당없음,TRUE,/plans/도시ㆍ주거환경정비 기본계획.pdf,5999806,,국가계획이 아니라 지자체가 개별 수립 · 수립 후 5년마다 타당성 검토 규정,,도시 및 주거환경정비법상 지자체 수립,TRUE,67
68,본번,공원녹지기본계획,「도시공원 및 녹지 등에 관한 법률」,제9조제1항,,,5년,시장,해당없음,FALSE,,,,국가계획이 아니라 지자체가 개별 수립,https://www.law.go.kr/LSW/admRulInfoP.do?admRulSeq=2100000023942,지자체가 10년 단위로 수립,TRUE,68
69,본번,도시교통정비 기본계획,「도시교통정비 촉진법」,제5조제1항,,,20년,시장·군수,해당없음,TRUE,/plans/도시교통정비 기본계획.pdf,4437722,,국가계획이 아니라 지자체가 개별 수립,,도시교통정비 촉진법상 지자체 수립,TRUE,69
70,본번,도시숲등 기본계획,「도시숲 등의 조성 및 관리에 관한 법률」,제5조제1항,제2차,2018~2027,10년,산림청,참고,FALSE,,,,계획 명칭이 별표 표기와 다름,https://forest.go.kr/kfsweb/cop/bbs/selectBoardArticle.do?nttId=3126049,도시숲법(2021 시행) 이전 '도시림 기본계획' 명칭으로 수립. 법 개정 후 차수 재확인 필요,TRUE,70
71,본번,특정도서보전 기본계획,「독도 등 도서지역의 생태계보전에 관한 특별법」,제5조제1항,제2차,2015~2024,10년,환경부,참고,TRUE,/plans/특정도서보전 기본계획_제2차.pdf,1048996,,계획기간 만료(2024년) — 후속 차수 미확인,https://www.korea.kr/archive/expDocView.do?docId=36104,제3차 여부 재확인 필요,TRUE,71
72,본번,모자보건사업에 관한 기본계획,「모자보건법」,제5조제1항,,,미확인,보건복지부,미확인,FALSE,,,,법령에 수립주기 규정 없음,,모자보건법 제5조. 차수 표기 없음,TRUE,72
73,본번,문화유산기본계획,「문화유산의 보존 및 활용에 관한 법률」,제6조제1항,,,5년,국가유산청,참고,FALSE,,,,후속 계획 수립 진행 중,https://www.korea.kr/news/policyNewsView.do?newsId=148939039,국가유산기본법(2024) 체제에서 문화유산 기본계획 신규 수립 중,TRUE,73
73의2,가지번호,자연유산 보호계획,「자연유산의 보존 및 활용에 관한 법률」,제6조제1항,제1차,2025~2029,5년,국가유산청,확인,FALSE,,,,별표 가지번호 항목,https://www.khs.go.kr,자연유산 보호계획 - 자연유산 분야 최초 법정계획,TRUE,74
73의3,가지번호,무형유산기본계획,「무형유산의 보전 및 진흥에 관한 법률」,제7조제1항,제2차,2022~2026,5년,국가유산청,확인,TRUE,/plans/무형유산기본계획_제2차.pdf,3100860,,별표 가지번호 항목,https://www.khs.go.kr/gosi/selectGosiView.do?id=1401,문화재청 고시 2022-9 (무형문화재 보전 및 진흥 기본계획),TRUE,75
74,본번,국가물관리기본계획,「물관리기본법」,제27조제1항,제1차,2021~2030,10년,환경부,확인,TRUE,/plans/국가물관리기본계획_제1차.pdf,22310417,,수립 후 5년마다 타당성 검토 규정,https://nsp.nanet.go.kr/plan/subject/detail.do?nationalPlanControlNo=PLAN0000029802,2021.6.8 국가물관리위원회 확정,TRUE,76
75,본번,국가물류기본계획,「물류정책기본법」,제11조제1항,제6차,2026~2035,5년,국토교통부·해양수산부,참고,FALSE,,,,,https://www.koti.re.kr/user/bbs/eventView.do?bbs_no=71338,2025.12.10 공청회 → 2026.1 국가물류정책위 확정·고시 예정. 확정 보도 미확인,TRUE,77
76,본번,물의 재이용 촉진에 관한 종합적인 기본계획,「물의 재이용 촉진 및 지원에 관한 법률」,제5조제1항,제2차,2021~2030,10년,환경부,확인,TRUE,/plans/물의 재이용 촉진에 관한 종합적인 기본계획_제2차.pdf,7598637,,,https://www.me.go.kr/home/web/policy_data/read.do?menuId=92&seq=7664,10년 주기,TRUE,78
77,본번,국가 물환경관리기본계획,「물환경보전법」,제23조의2제1항,제2차,2016~2025,10년,환경부,확인,FALSE,,,,계획기간 만료(2025년) — 후속 차수 미확인,https://repository.kei.re.kr/handle/2017.oak/20499,10년 주기. 제3차(2026~) 여부 재확인 필요,TRUE,79
78,본번,오염총량관리기본계획,「물환경보전법」,제4조의3제1항,,,미확인,시·도지사,해당없음,TRUE,/plans/오염총량관리기본계획.pdf,6186371,,국가계획이 아니라 지자체가 개별 수립 · 법령에 수립주기 규정 없음,,물환경보전법상 오염총량관리 대상 지자체가 수립,TRUE,80
79,본번,방사성폐기물 관리에 관한 기본계획,「방사성폐기물 관리법」,제6조제1항,제3차,2026~2030,5년,산업통상자원부,확인,TRUE,/plans/방사성폐기물 관리에 관한 기본계획_제3차.pdf,263053,,,https://www.korea.kr/briefing/pressReleaseView.do?newsId=156750347,"중·저준위 방사성폐기물 대상(고준위는 별도 계획). 2026.3.23 제12차 원자력진흥위 의결, 2054년 목표",TRUE,81
80,본번,백두대간보호 기본계획,「백두대간 보호에 관한 법률」,제4조제1항,제3차,2026~2035,10년,산림청,확인,TRUE,/plans/백두대간보호 기본계획_제3차.pdf,506301,,,https://www.etnews.com/20260114000141,2026.1 발표. 10년 주기,TRUE,82
81,본번,범죄피해자 보호ㆍ지원에 관한 기본계획,「범죄피해자 보호법」,제12조제1항,제4차,2022~2026,5년,법무부,확인,TRUE,/plans/범죄피해자 보호ㆍ지원에 관한 기본계획_제4차.pdf,563437,,,https://www.moj.go.kr/cvs/2698/subview.do,"제1차 2007~2011, 2차 2012~2016, 3차 2017~2021",TRUE,83
82,본번,국가보행안전 및 편의증진 기본계획,「보행안전 및 편의증진에 관한 법률」,제7조제1항,제1차,2022~2026,5년,행정안전부,확인,TRUE,/plans/국가보행안전 및 편의증진 기본계획_제1차.pdf,343493,,,https://nsp.nanet.go.kr/plan/subject/detail.do?nationalPlanControlNo=PLAN0000039099,2022.8.26 발표,TRUE,84
83,본번,부정경쟁방지등에 관한 기본계획,「부정경쟁방지 및 영업비밀보호에 관한 법률」,제2조의2제1항,제1차,2022~2026,5년,특허청,확인,TRUE,/plans/부정경쟁방지등에 관한 기본계획_제1차.pdf,1105787,,,https://www.kipo.go.kr/ko/kpoBultnFileDown.do?ntatcSeq=19056,2021.12.23 발표,TRUE,85
84,본번,뿌리산업 진흥 기본계획,「뿌리산업 진흥과 첨단화에 관한 법률」,제5조제1항,제3차,2023~2027,5년,산업통상자원부,확인,TRUE,/plans/뿌리산업 진흥 기본계획_제3차.pdf,848764,,,https://biz.katech.re.kr/core/?cid=24&uid=115&role=view,2023.5.30,TRUE,86
85,본번,사방사업 기본계획,「사방사업법」,제3조의2제1항,,,5년,산림청,미확인,TRUE,/plans/사방사업 기본계획.pdf,43079319,,,,,TRUE,87
86,본번,사회보장에 관한 기본계획,「사회보장기본법」,제16조제1항,제3차,2024~2028,5년,보건복지부,확인,TRUE,/plans/사회보장에 관한 기본계획_제3차.pdf,2208094,,,https://www.mohw.go.kr/board.es?mid=a10401000000&bid=0008&act=view&list_no=1481747,2023.12.19 국무회의,TRUE,88
87,본번,산림기본계획,「산림기본법」,제11조제1항,제6차,2018~2037,20년,산림청,확인,TRUE,/plans/산림기본계획_제6차.pdf,21689779,,,https://www.forest.go.kr/kfsweb/kfi/kfs/cms/cmsView.do?mn=NKFS_02_13_01&cmsId=FC_000388,"2018년 수립분의 변경계획. 10년 주기, 20년 계획",TRUE,89
88,본번,산림유전자원보호구역 관리기본계획,「산림보호법」,제10조의3제1항,제3차,2023~2027,5년,산림청,확인,FALSE,,,,,https://www.asiae.co.kr/article/2023080210135078354,"2023.8.2 발표, 5년 주기",TRUE,90
89,본번,산림복원 기본계획,「산림자원의 조성 및 관리에 관한 법률」,제42조의3제1항,제1차,2020~2029,10년,산림청,확인,TRUE,/plans/산림복원 기본계획_제1차.pdf,5832087,,,https://www.forest.go.kr/kfsweb/cop/bbs/selectBoardArticle.do?nttId=3141484,10년 주기,TRUE,91
90,본번,산업교육 및 산학연협력 기본계획,「산업교육진흥 및 산학연협력촉진에 관한 법률」,제5조제1항,제2차,2024~2028,5년,교육부,확인,TRUE,/plans/산업교육 및 산학연협력 기본계획_제2차.pdf,2963242,,,https://www.khrd.co.kr/m/view.php?idx=+5054752,2024.1 수립,TRUE,92
91,본번,지속가능경영 종합시책,「산업발전법」,제19조제1항,차수없음,2026~2030,5년,산업통상자원부,확인,TRUE,/plans/지속가능경영 종합시책.pdf,1036184,,차수를 붙이지 않는 계획,https://motir.go.kr/kor/article/ATCL3f49a5a8c/171631/view,지속가능경영 종합시책,TRUE,93
92,본번,산업재해 예방에 관한 기본계획,「산업안전보건법」,제7조제1항,,,미확인,고용노동부,미확인,TRUE,/plans/산업재해 예방에 관한 기본계획.pdf,782342,,법령에 수립주기 규정 없음,,산재예방 5개년 계획. 현행 차수 확인 못함,TRUE,94
93,본번,산업융합발전 기본계획,「산업융합 촉진법」,제5조제1항,제2차,2019~2023,5년,산업통상자원부,참고,TRUE,/plans/산업융합발전 기본계획_제2차.pdf,1042080,,계획기간 만료(2023년) — 후속 차수 미확인,https://www.law.go.kr/LSW/admRulLsInfoP.do?admRulSeq=2100000180002,산업부고시 2019-103. 제3차 확인 못함,TRUE,95
94,본번,산업집적활성화 기본계획,「산업집적활성화 및 공장설립에 관한 법률」,제3조제1항,제5차,,5년,산업통상자원부,확인,FALSE,,,,,https://www.motir.go.kr/kor/article/ATCLf724eb567/211745/view,산업부 고시 2025-004(2025.1.24). 계획기간 미확인,TRUE,96
95,본번,산지관리기본계획,「산지관리법」,제3조의2제1항,제2차,2018~2027,10년,산림청,확인,FALSE,,,,,https://www.kfca.re.kr/sub010402,2018.12 수립. 10년 주기,TRUE,97
96,본번,생명공학육성기본계획,「생명공학육성법」,제5조제2항,제4차,2023~2032,5년,과학기술정보통신부,확인,FALSE,,,,,https://gerc.kr/bbs/board.php?bo_table=m02_02&wr_id=22,2023.6.7 생명공학종합정책심의회 확정,TRUE,98
97,본번,생명연구자원 관리 기본계획,「생명연구자원의 확보ㆍ관리 및 활용에 관한 법률」,제7조제1항,제4차,2026~2030,5년,과학기술정보통신부,확인,TRUE,/plans/생명연구자원 관리 기본계획_제4차.pdf,4999658,,,https://www.pacst.go.kr/jsp/council/councilArchiveView.jsp?archive_id=1414,2025.12.30 국가과학기술자문회의 의결,TRUE,99
98,본번,소재ㆍ부품ㆍ장비산업 경쟁력강화 기본계획,「소재ㆍ부품ㆍ장비산업 경쟁력 강화 및 공급망 안정화를 위한 특별조치법」,제5조제1항,제2차,2026~2030,미확인,산업통상자원부,확인,TRUE,/plans/소재ㆍ부품ㆍ장비산업 경쟁력강화 기본계획_제2차.pdf,40505036,,법령에 수립주기 규정 없음,https://www.motir.go.kr/kor/article/ATCL0c554f816/64944/view,2025.10.23 소부장경쟁력위 의결,TRUE,100
99,본번,수도권정비계획,「수도권정비계획법」,제4조제1항,제4차,2021~2040,미확인,국토교통부,확인,TRUE,/plans/수도권정비계획_제4차.pdf,30942578,,수립 후 5년마다 타당성 검토 규정 · 법령에 수립주기 규정 없음,https://www.molit.go.kr/USR/NEWS/m_71/dtl.jsp?id=95084993,국토부고시 2020-1119,TRUE,101
100,본번,국가수도기본계획,「수도법」,제4조제1항,차수없음,2022~2031,10년,환경부,확인,TRUE,/plans/국가수도기본계획.pdf,301760,,차수를 붙이지 않는 계획,https://www.korea.kr/briefing/pressReleaseView.do?newsId=156529059,2021.10.5 고시. 전국수도종합계획+수도정비기본계획 통합,TRUE,102
101,본번,수도정비계획,「수도법」,제5조제1항,,,10년,시장·군수,해당없음,FALSE,,,,국가계획이 아니라 지자체가 개별 수립,,수도법상 일반수도사업자(지자체) 수립,TRUE,103
102,본번,수산물 유통발전 기본계획,「수산물 유통의 관리 및 지원에 관한 법률」,제5조제1항,제1차,2018~2022,5년,해양수산부,참고,TRUE,/plans/수산물 유통발전 기본계획_제1차.pdf,2541623,,계획기간 만료(2022년) — 후속 차수 미확인,https://www.mof.go.kr/doc/ko/selectDoc.do?docSeq=36333,제2차 확인 못함,TRUE,104
103,본번,수산부산물 재활용 기본계획,「수산부산물 재활용 촉진에 관한 법률」,제5조제1항,제1차,2023~2027,5년,해양수산부,확인,TRUE,/plans/수산부산물 재활용 기본계획_제1차.pdf,185626,,,https://www.korea.kr/briefing/stateCouncilView.do?newsId=156547554,,TRUE,105
104,본번,수산업ㆍ어촌 발전 기본계획,「수산업ㆍ어촌 발전 기본법」,제7조제1항,제3차,2026~2030,5년,해양수산부,확인,TRUE,/plans/수산업ㆍ어촌 발전 기본계획_제3차.pdf,292852,,,https://www.korea.kr/briefing/pressReleaseView.do?newsId=156742051,2026.1.29 발표,TRUE,106
105,본번,수산자원관리기본계획,「수산자원관리법」,제7조제1항,제4차,2026~2030,5년,해양수산부,확인,TRUE,/plans/수산자원관리기본계획_제4차.hwpx,503887,,,https://www.korea.kr/news/policyNewsView.do?newsId=148960377,,TRUE,107
106,본번,수난대비기본계획,「수상에서의 수색ㆍ구조 등에 관한 법률」,제4조제1항,,,5년,해양경찰청,미확인,FALSE,,,,,,,TRUE,108
107,본번,수소경제 이행 기본계획,「수소경제 육성 및 수소 안전관리에 관한 법률」,제5조제1항,제1차,2021~,미확인,산업통상자원부,확인,TRUE,/plans/수소경제 이행 기본계획_제1차.pdf,104827948,,법령에 수립주기 규정 없음 · 후속 계획 미수립,https://www.opm.go.kr,2021.11.26 제4차 수소경제위원회 발표. 계획기간 표기 없음. 제2차 미수립,TRUE,109
108,본번,수자원장기종합계획,「수자원의 조사ㆍ계획 및 관리에 관한 법률」,제17조제1항,제4차,2001~2020,20년,환경부,참고,TRUE,/plans/수자원장기종합계획_제4차.pdf,1038871,,계획기간 만료(2020년) — 후속 차수 미확인 · 수립 후 5년마다 타당성 검토 규정,https://me.go.kr/home/web/board/read.do?boardId=869610,제3차 수정계획(2016~2020)까지 반영. 물관리기본법 체제로 전환 - 하천유역수자원관리계획이 대체,TRUE,110
109,본번,하천유역수자원관리계획,「수자원의 조사ㆍ계획 및 관리에 관한 법률」,제18조제1항,제1차,,10년,환경부,확인,FALSE,,,,수립 후 5년마다 타당성 검토 규정,https://www.hankyung.com/article/2024112644851,한강·낙동강·금강·영산강·섬진강 5대권역. 2024.11 국가수자원관리위 의결,TRUE,111
110,본번,신ㆍ재생에너지의 기술개발 및 이용ㆍ보급을 촉진하기 위한 기본계획,「신에너지 및 재생에너지 개발ㆍ이용ㆍ보급 촉진법」,제5조제1항,제5차,2020~2034,5년,산업통상자원부,확인,TRUE,/plans/신ㆍ재생에너지의 기술개발 및 이용ㆍ보급을 촉진하기 위한 기본계획_제5차.pdf,711358,,,https://www.korea.kr/briefing/pressReleaseView.do?newsId=156429610,,TRUE,112
111,본번,실내공기질 관리에 필요한 기본계획,「실내공기질 관리법」,제4조의3제1항,제5차,2025~2029,5년,환경부,확인,TRUE,/plans/실내공기질 관리에 필요한 기본계획_제5차.pdf,679631,,,https://epts.kdi.re.kr/polcTmsesSrvc/them?SEARCH_CTE_SEQ=78551,2024.11.25 제9차 사회관계장관회의 발표,TRUE,113
112,본번,습지보전기본계획,「습지보전법」,제5조제1항,제4차,2023~2027,5년,환경부,확인,TRUE,/plans/습지보전기본계획_제4차.pdf,21875902,,,https://epts.kdi.re.kr/share?cte_seq=74685&dvs=them,2022.12.29 공개,TRUE,114
113,본번,아동정책기본계획,「아동복지법」,제7조제1항,제3차,2025~2029,5년,보건복지부,확인,TRUE,/plans/아동정책기본계획_제3차.pdf,1388058,,,https://www.mohw.go.kr/board.es?mid=a10401000000&bid=0008&act=view&list_no=1488418,,TRUE,115
114,본번,빈곤아동의 복지ㆍ교육ㆍ문화 등 지원에 관한 기본계획,「아동의 빈곤예방 및 지원 등에 관한 법률」,제6조제1항,,,5년,보건복지부,미확인,TRUE,/plans/빈곤아동의 복지ㆍ교육ㆍ문화 등 지원에 관한 기본계획.pdf,2420659,,,,아동빈곤예방법 제6조. 5년 주기,TRUE,116
115,본번,아이돌봄 지원을 위한 기본계획,「아이돌봄 지원법」,제4조의2제1항,제1차,2023~2026,5년,여성가족부,참고,TRUE,/plans/아이돌봄 지원을 위한 기본계획_제1차.pdf,164765,,,https://www.mogef.go.kr/sp/fam/sp_fam_f005.do,아이돌봄지원법상 건강가정기본계획에 포함 가능 - 독립 차수 표기 불명확,TRUE,117
116,본번,야생동물 질병관리 기본계획,「야생생물 보호 및 관리에 관한 법률」,제34조의3제1항,제2차,2021~2025,5년,환경부,확인,TRUE,/plans/야생동물 질병관리 기본계획_제2차.pdf,1790427,,계획기간 만료(2025년) — 후속 차수 미확인,https://www.korea.kr/briefing/pressReleaseView.do?newsId=156428520,제3차 여부 재확인 필요,TRUE,118
117,본번,야생생물 보호 기본계획,「야생생물 보호 및 관리에 관한 법률」,제5조제1항,제4차,2021~2025,5년,환경부,확인,TRUE,/plans/야생생물 보호 기본계획_제4차.pdf,1462543,,계획기간 만료(2025년) — 후속 차수 미확인,https://www.me.go.kr/home/web/policy_data/read.do?menuId=10259&seq=7625,2020.12.28 확정. 제5차 여부 재확인 필요,TRUE,119
118,본번,양성평등정책 기본계획,「양성평등기본법」,제7조제1항,제3차,2023~2027,5년,여성가족부,확인,TRUE,/plans/양성평등정책 기본계획_제3차.pdf,276922,,,https://www.mogef.go.kr/mp/pcd/mp_pcd_s001d.do?mid=plc500&bbtSn=704946,,TRUE,120
119,본번,양식산업발전기본계획,「양식산업발전법」,제6조제1항,제5차,2024~2028,5년,해양수산부,확인,TRUE,/plans/양식산업발전기본계획_제5차.pdf,1491885,,,https://www.mof.go.kr/doc/ko/selectDoc.do?docSeq=54783,,TRUE,121
120,본번,어장관리 기본계획,「어장관리법」,제3조제1항,제4차,2022~2026,5년,해양수산부,확인,TRUE,/plans/어장관리 기본계획_제4차.pdf,1595863,,,https://www.mof.go.kr/doc/ko/selectDoc.do?docSeq=45561,어장관리 기본계획,TRUE,122
121,본번,어촌ㆍ어항발전기본계획,「어촌ㆍ어항법」,제4조제1항,제4차,2026~2035,10년,해양수산부,확인,TRUE,/plans/어촌ㆍ어항발전기본계획_제4차.pdf,93864609,,수립 후 5년마다 타당성 검토 규정,https://epts.kdi.re.kr/share?cte_seq=81984&dvs=them,2025.12.24 제8회 국가정책조정회의 확정. 10년 주기,TRUE,123
122,본번,에너지기술개발계획,「에너지법」,제11조제1항,제5차,2024~2033,5년,산업통상자원부,확인,TRUE,/plans/에너지기술개발계획_제5차.pdf,1076985,,,https://www.korea.kr/news/policyNewsView.do?newsId=148937651,2024.12 국가과학기술자문회의 확정,TRUE,124
123,본번,에너지이용 합리화에 관한 기본계획,「에너지이용 합리화법」,제4조제1항,제7차,2025~2029,5년,기후에너지환경부,확인,TRUE,/plans/에너지이용 합리화에 관한 기본계획_제7차.pdf,923442,,,https://epts.kdi.re.kr/share?cte_seq=81602&dvs=them,2025.11.5 제36차 에너지위원회 의결,TRUE,125
124,본번,여성의 경제활동 촉진과 경력단절 예방에 관한 기본계획,「여성의 경제활동 촉진과 경력단절 예방법」,제5조제1항,제4차,2025~2029,5년,여성가족부,확인,TRUE,/plans/여성의 경제활동 촉진과 경력단절 예방에 관한 기본계획_제4차.pdf,918516,,,https://www.mogef.go.kr,여성경제활동 촉진과 경력단절 예방 기본계획,TRUE,126
125,본번,여성폭력방지 및 피해자 보호ㆍ지원정책 기본계획,「여성폭력방지기본법」,제7조제1항,제2차,2025~2029,5년,여성가족부,확인,FALSE,,,,,https://www.mogef.go.kr/mp/pcd/mp_pcd_s001d.do?mid=plc504&bbtSn=704443,여성폭력방지정책 기본계획,TRUE,127
126,본번,역사문화권 정비기본계획,「역사문화권 정비 등에 관한 특별법」,제9조제1항,제1차,2022~2026,5년,국가유산청,확인,TRUE,/plans/역사문화권 정비기본계획_제1차.pdf,2402217,,,https://www.cha.go.kr/gosi/selectGosiView.do?id=1420,,TRUE,128
127,본번,연안정비기본계획,「연안관리법」,제21조제1항,제3차,2020~2029,10년,해양수산부,확인,TRUE,/plans/연안정비기본계획_제3차.pdf,3645113,,,https://www.mof.go.kr/doc/ko/selectDoc.do?docSeq=32554,"2020.6.3 고시, 2025.12 변경 고시",TRUE,129
128,본번,연안사고 예방 기본계획,「연안사고 예방에 관한 법률」,제5조제1항,,,5년,해양경찰청,미확인,TRUE,/plans/연안사고 예방 기본계획.pdf,4514067,,,,,TRUE,130
129,본번,수변구역관리기본계획,「영산강ㆍ섬진강수계 물관리 및 주민지원 등에 관한 법률」,제4조의2제1항,,,5년,환경부,미확인,FALSE,,,,동일 명칭 계획이 수계별로 존재,,영산강·섬진강수계. 5년 주기,TRUE,131
130,본번,보육계획,「영유아보육법」,제11조제1항,제4차,2023~2027,5년,보건복지부,확인,TRUE,/plans/보육계획_제4차.pdf,2802375,,,https://www.mohw.go.kr/board.es?mid=a10107010100&bid=0040&act=view&list_no=376853,중장기 보육 기본계획,TRUE,132
131,본번,배출권거래제 기본계획,「온실가스 배출권의 할당 및 거래에 관한 법률」,제4조제1항,제4차,2026~2035,5년,환경부,확인,TRUE,/plans/배출권거래제 기본계획_제4차.pdf,394906,,,https://me.go.kr/m/mob/board/read.do?boardId=1819080,2024.12 확정. 10년 계획,TRUE,133
132,본번,우주개발진흥 기본계획,「우주개발 진흥법」,제5조제1항,제4차,2023~2027,5년,우주항공청,확인,TRUE,/plans/우주개발진흥 기본계획_제4차.pdf,11583084,,,https://nsp.nanet.go.kr/plan/subject/detail.do?nationalPlanControlNo=PLAN0000046077,2025.11 국가우주위원회 수정계획 확정,TRUE,134
133,본번,유아교육발전기본계획,「유아교육법」,제3조의2제1항,제3차,2023~2027,5년,교육부,확인,TRUE,/plans/유아교육발전기본계획_제3차.pdf,1853569,,,https://www.moe.go.kr/boardCnts/viewRenew.do?boardID=312&boardSeq=94625,,TRUE,135
134,본번,유전자변형생물체 안전관리계획,「유전자변형생물체의 국가간 이동 등에 관한 법률」,제7조제1항,제4차,2023~2027,5년,산업통상자원부,확인,TRUE,/plans/유전자변형생물체 안전관리계획_제4차.pdf,3123300,,,https://event-us.kr/kbch/event/63533,농식품부·식약처·환경부 등 공동,TRUE,136
135,본번,응급의료기본계획,「응급의료에 관한 법률」,제13조의2제1항,제4차,2023~2027,5년,보건복지부,확인,TRUE,/plans/응급의료기본계획_제4차.pdf,741062,,,https://www.korea.kr/briefing/policyBriefingView.do?newsId=156558324,2023.3.21 발표,TRUE,137
136,본번,인적자원개발기본계획,「인적자원개발 기본법」,제5조제1항,,,5년,교육부,미확인,FALSE,,,,,,,TRUE,138
137,본번,인체적용제품의 위해성평가에 관한 기본계획,「인체적용제품의 위해성평가에 관한 법률」,제6조제1항,제1차,2023~2027,5년,식품의약품안전처,확인,TRUE,/plans/인체적용제품의 위해성평가에 관한 기본계획_제1차.pdf,730384,,,https://www.mfds.go.kr/wpge/m_1122/de010703l0001.do,유해물질 52종 통합위해성평가,TRUE,139
138,본번,자동차관련서비스산업복합단지 개발에 관한 국가 기본계획,「자동차관리법」,제68조의9제1항,,,5년,국토교통부,미확인,FALSE,,,,,,자동차관리법상 자동차서비스복합단지 국가 기본계획,TRUE,140
139,본번,자살예방기본계획,「자살예방 및 생명존중문화 조성을 위한 법률」,제7조제1항,제5차,2023~2027,5년,보건복지부,확인,TRUE,/plans/자살예방기본계획_제5차.pdf,277719,,,https://www.korea.kr/briefing/stateCouncilView.do?newsId=156562783,,TRUE,141
140,본번,공원기본계획,「자연공원법」,제11조제1항,제3차,2023~2032,10년,환경부,확인,FALSE,,,,,https://me.go.kr/home/web/board/read.do?boardId=1569300,자연공원기본계획. 10년 주기,TRUE,142
141,본번,자연환경보전기본계획,「자연환경보전법」,제8조제1항,제4차,2026~2035,10년,환경부,참고,FALSE,,,,확정본 미확인,https://kei.re.kr/board.es?act=view&bid=0028&list_no=59024,수립 기초연구 단계 - 확정본 확인 필요,TRUE,143
142,본번,생태ㆍ경관보전지역관리기본계획,「자연환경보전법」,제14조,,,미확인,환경부,미확인,TRUE,/plans/생태ㆍ경관보전지역관리기본계획.pdf,23307503,,법령에 수립주기 규정 없음,,자연환경보전법상 생태·경관보전지역별 수립,TRUE,144
143,본번,순환경제기본계획,「순환경제사회 전환 촉진법」,제10조제1항,제1차,2027~2036,10년,기후에너지환경부,참고,FALSE,,,,,https://news.nate.com/view/20260126n15575,2026 하반기 수립 예정,TRUE,145
144,본번,자율주행 교통물류 기본계획,「자율주행자동차 상용화 촉진 및 지원에 관한 법률」,제4조제1항,제1차,2021~2025,5년,국토교통부,참고,TRUE,/plans/자율주행 교통물류 기본계획_제1차.pdf,10288403,,계획기간 만료(2025년) — 후속 차수 미확인,https://eiec.kdi.re.kr/policy/callDownload.do?num=215476,제2차 확인 못함,TRUE,146
145,본번,잔류성오염물질관리기본계획,「잔류성오염물질 관리법」,제5조제1항,제3차,2021~2025,5년,환경부,확인,FALSE,,,,계획기간 만료(2025년) — 후속 차수 미확인,https://www.korea.kr/briefing/pressReleaseView.do?newsId=156433944,제4차 여부 재확인 필요,TRUE,147
146,본번,입주자 삶의 질 향상을 위한 기본계획,「장기공공임대주택 입주자 삶의 질 향상 지원법」,제3조제1항,제2차,,5년,국토교통부,참고,TRUE,/plans/입주자 삶의 질 향상을 위한 기본계획_제2차.pdf,4993871,,,https://www.molit.go.kr,2023.10 발표. 계획기간 표기 미확인,TRUE,148
147,본번,장애인 고용촉진 및 직업재활을 위한 기본계획,「장애인고용촉진 및 직업재활법」,제7조제1항,제6차,2023~2027,5년,고용노동부,확인,TRUE,/plans/장애인 고용촉진 및 직업재활을 위한 기본계획_제6차.pdf,246734,,,https://www.korea.kr/news/policyNewsView.do?newsId=156569436,2023.5.14 발표,TRUE,149
148,본번,국가의 재난 및 안전관리업무에 관한 기본계획,「재난 및 안전관리 기본법」,제22조제1항,제5차,2025~2029,5년,행정안전부,확인,TRUE,/plans/국가의 재난 및 안전관리업무에 관한 기본계획_제5차.pdf,560845,,,https://www.mois.go.kr/frt/bbs/type010/commonSelectBoardArticle.do?bbsId=BBSMSTR_000000000008&nttId=110478,2024.6.28 중앙안전관리위 확정,TRUE,150
149,본번,재난안전통신망의 구축 및 운영에 관한 기본계획,「재난안전통신망법」,제4조제1항,제1차,2022~2026,5년,행정안전부,확인,TRUE,/plans/재난안전통신망의 구축 및 운영에 관한 기본계획_제1차.pdf,6914256,,,https://www.mois.go.kr/frt/sub/a06/b11/policyBriefingView_4/screen.do,2022.7.6 중앙안전관리위 의결,TRUE,151
150,본번,외국인정책에 관한 기본계획,「재한외국인 처우 기본법」,제5조제1항,제4차,2023~2027,5년,법무부,확인,TRUE,/plans/외국인정책에 관한 기본계획_제4차.pdf,6537954,,,https://www.immigration.go.kr/bbs/immigration/226/578947/artclView.do,2023.12.27 확정,TRUE,152
151,본번,저출산ㆍ고령사회기본계획,「저출산ㆍ고령사회기본법」,제20조제1항,제5차,2026~2030,5년,저출산고령사회위원회,참고,TRUE,/plans/저출산ㆍ고령사회기본계획_제5차.pdf,2836805,,,https://www.betterfuture.go.kr/front/notificationSpace/pressReleaseDetail.do?articleId=474,수립 진행 중. 직전 제4차(2021~2025),TRUE,153
152,본번,전력수급기본계획,「전기사업법」,제25조제1항,제11차,2024~2038,2년,산업통상자원부,확인,TRUE,/plans/전력수급기본계획_제11차.pdf,890733,,,https://www.korea.kr/briefing/pressReleaseView.do?newsId=156675471,2025.2.21 전력정책심의회 확정. 2년 주기,TRUE,154
153,본번,전기안전관리에 관한 기본계획,「전기안전관리법」,제5조제1항,제1차,2025~2029,5년,기후에너지환경부(구 산업부),확인,FALSE,,,,,https://epts.kdi.re.kr/polcTmsesSrvc/them?SEARCH_CTE_SEQ=82958,,TRUE,155
154,본번,점자발전기본계획,「점자법」,제7조제1항,제2차,2024~2028,5년,문화체육관광부,확인,TRUE,/plans/점자발전기본계획_제2차.pdf,9895419,,,https://www.mcst.go.kr/kor/s_policy/subPolicy/cultureart/cultureart22.jsp,,TRUE,156
155,본번,조경진흥기본계획,「조경진흥법」,제5조제1항,제2차,2022~2026,5년,국토교통부,확인,TRUE,/plans/조경진흥기본계획_제2차.pdf,61527,,,http://ksla.or.kr/uploaded_files/10001/2022/05/제2차조경진흥기본계획(2022-2026).pdf,5년 주기,TRUE,157
156,본번,주거종합계획,「주거기본법」,제5조제1항,제3차,2023~2032,10년,국토교통부,확인,TRUE,/plans/주거종합계획_제3차.pdf,1216093,,수립 후 5년마다 타당성 검토 규정,https://www.korea.kr/news/policyNewsView.do?newsId=148933266,장기 주거종합계획,TRUE,158
157,본번,리모델링 기본계획,「주택법」,제71조제1항,,,10년,시장·군수,해당없음,TRUE,/plans/리모델링 기본계획.pdf,1322871,,국가계획이 아니라 지자체가 개별 수립,,주택법상 지자체 수립,TRUE,159
158,본번,중견기업 성장촉진 기본계획,「중견기업 성장촉진 및 경쟁력 강화에 관한 특별법」,제5조제1항,제2차,2020~2024,5년,산업통상자원부,참고,TRUE,/plans/중견기업 성장촉진 기본계획_제2차.pdf,1307461,,계획기간 만료(2024년) — 후속 차수 미확인,https://eiec.kdi.re.kr/policy/materialView.do?num=197966,제3차 확인 못함,TRUE,160
159,본번,중소기업 인력지원 기본계획,「중소기업 인력지원 특별법」,제5조제1항,,,5년,중소벤처기업부,미확인,FALSE,,,,,https://www.mss.go.kr,5년 주기 종합계획 운영 확인되나 차수·기간 미확인,TRUE,161
160,본번,지능형 로봇의 개발 등의 기본계획,「지능형 로봇 개발 및 보급 촉진법」,제5조제1항,제4차,2024~2028,5년,산업통상자원부,확인,TRUE,/plans/지능형 로봇의 개발 등의 기본계획_제4차.pdf,3719112,,,https://nsp.nanet.go.kr/plan/subject/detail.do?nationalPlanControlNo=PLAN0000043368,지능형 로봇 기본계획,TRUE,162
161,본번,지속가능 국가교통물류발전 기본계획,「지속가능 교통물류 발전법」,제7조제1항,제2차,2021~2030,10년,국토교통부,확인,TRUE,/plans/지속가능 국가교통물류발전 기본계획_제2차.pdf,2554438,,,https://www.codil.or.kr/filebank/original/RK/OTKCRK230534/OTKCRK230534.pdf,지속가능 국가교통물류발전 기본계획,TRUE,163
162,본번,기반시설 관리에 관한 기본계획,「지속가능한 기반시설 관리 기본법」,제8조제1항,제1차,2020~2025,5년,국토교통부,확인,TRUE,/plans/기반시설 관리에 관한 기본계획_제1차.pdf,3434233,,계획기간 만료(2025년) — 후속 차수 미확인,https://www.codil.or.kr/viewDtlConRpt.do?pMetaCode=OTKCRK200496,제2차 여부 재확인 필요,TRUE,164
163,본번,지역문화진흥기본계획,「지역문화진흥법」,제6조제1항,제2차,2020~2024,5년,문화체육관광부,참고,FALSE,,,,계획기간 만료(2024년) — 후속 차수 미확인 · 후속 계획 미수립,https://www.kyeongin.com/article/1767424,"제3차(2025~2029) 미수립 상태 지속. 2026.7 제5기 지역문화협력위 구성, 수립 준비 중",TRUE,165
164,본번,기존시설물 내진보강기본계획,「지진ㆍ화산재해대책법」,제15조제1항,제3단계,2021~2025,5년,행정안전부,확인,TRUE,/plans/기존시설물 내진보강기본계획_제3단계.pdf,18142669,,계획기간 만료(2025년) — 후속 차수 미확인,https://www.korea.kr/news/policyNewsView.do?newsId=148911711,기존 공공시설물 내진보강 기본계획. 5년 주기,TRUE,166
165,본번,지하수관리기본계획,「지하수법」,제6조제1항,제4차,2022~2031,10년,환경부,확인,TRUE,/plans/지하수관리기본계획_제4차.pdf,471860,,수립 후 5년마다 타당성 검토 규정,https://www.korea.kr/briefing/pressReleaseView.do?newsId=156527848,2023.6.23 공고. 10년 주기,TRUE,167
166,본번,국가의 지하안전관리에 관한 기본계획,「지하안전관리에 관한 특별법」,제6조제1항,제2차,2025~2029,5년,국토교통부,확인,FALSE,,,,,https://www.molit.go.kr/USR/NEWS/m_71/dtl.jsp?id=95090544,국가지하안전관리 기본계획,TRUE,168
167,본번,직업교육훈련 기본계획,「직업교육훈련 촉진법」,제4조제1항,제1차,2022~,5년,교육부·고용노동부 등 11개 부처,확인,TRUE,/plans/직업교육훈련 기본계획_제1차.pdf,1164132,,,https://www.krivet.re.kr,평생직업교육훈련 혁신방안(2022). 5대 전략·20대 과제·65개 세부과제. 계획기간 표기 미확인,TRUE,169
168,본번,청년정책에 관한 기본계획,「청년기본법」,제8조제1항,제2차,2026~2030,5년,국무조정실,확인,TRUE,/plans/청년정책에 관한 기본계획_제2차.pdf,2001810,,,https://epts.kdi.re.kr/share?cte_seq=82028&dvs=them,제17차 청년정책조정위 확정. 48개 부처 282개 과제,TRUE,170
169,본번,청소년육성에 관한 기본계획,「청소년 기본법」,제13조제1항,제7차,2023~2027,5년,여성가족부,확인,FALSE,,,,,https://www.mogef.go.kr/mp/pcd/mp_pcd_s001d.do?mid=plc502&bbtSn=704823,청소년정책기본계획,TRUE,171
170,본번,친환경농어업 육성계획,「친환경농어업 육성 및 유기식품 등의 관리ㆍ지원에 관한 법률」,제7조제1항,제6차,2026~2030,5년,농림축산식품부,확인,FALSE,,,,,https://www.korea.kr/news/policyNewsView.do?newsId=148957256,친환경농업 육성 5개년 계획,TRUE,172
171,본번,토양보전에 관한 기본계획,「토양환경보전법」,제4조제1항,제2차,2020~2029,10년,환경부,확인,TRUE,/plans/토양보전에 관한 기본계획_제2차.pdf,4913132,,1차 조사값 정정,https://me.go.kr/home/web/policy_data/read.do?menuId=10263&seq=7478,10년 주기. 직전은 토양보전기본계획(2010~2019). ※1차 조사의 '제5차'는 오기,TRUE,173
172,본번,평생교육진흥기본계획,「평생교육법」,제9조제1항,제5차,2023~2027,5년,교육부,확인,TRUE,/plans/평생교육진흥기본계획_제5차.pdf,183581,,,https://www.korea.kr/briefing/policyBriefingView.do?newsId=156545201,,TRUE,174
173,본번,하수도정비기본계획,「하수도법」,제5조제1항,,,20년,시장·군수,해당없음,TRUE,/plans/하수도정비기본계획.pdf,1522205,,국가계획이 아니라 지자체가 개별 수립,,하수도법상 지자체 수립,TRUE,175
174,본번,학교폭력의 예방 및 대책에 관한 기본계획,「학교폭력예방 및 대책에 관한 법률」,제6조제1항,제5차,2025~2029,5년,교육부,확인,TRUE,/plans/학교폭력의 예방 및 대책에 관한 기본계획_제5차.pdf,3283382,,,https://www.korea.kr/briefing/pressReleaseView.do?newsId=156687044,2025.5.1 발표,TRUE,176
175,본번,한부모가족 정책에 관한 기본계획,「한부모가족지원법」,제5조의5제1항,제1차,2023~2027,5년,여성가족부,확인,TRUE,/plans/한부모가족 정책에 관한 기본계획_제1차.pdf,2686642,,,https://www.mogef.go.kr/mp/pcd/mp_pcd_s001d.do?mid=plc503&bbtSn=704954,,TRUE,177
176,본번,항공우주산업개발기본계획,「항공우주산업개발 촉진법」,제3조제1항,제3차,2021~2030,매년,산업통상자원부,참고,FALSE,,,,,https://www.kari.re.kr/kor/sub04_02_02.do,항공산업발전 기본계획. 제4차 미확인(국토부 제4차 항공정책기본계획(25~29)은 별개 계획),TRUE,178
177,본번,항만기본계획,「항만법」,제5조제1항,제4차,2021~2030,10년,해양수산부,확인,TRUE,/plans/항만기본계획_제4차.pdf,4716199,,,https://www.mof.go.kr/doc/ko/selectDoc.do?docSeq=43953,2020.12.30 고시. 수정계획 진행 중(2025 전략환경영향평가),TRUE,179
178,본번,해양생태계보전ㆍ관리기본계획,「해양생태계의 보전 및 관리에 관한 법률」,제9조제1항,제2차,2019~2028,10년,해양수산부,확인,TRUE,/plans/해양생태계보전ㆍ관리기본계획_제2차.pdf,1599195,,수립 후 5년마다 타당성 검토 규정,https://www.mof.go.kr/jfile/readDownloadFile.do?fileType=MOF_ARTICLE&fileTypeSeq=36321&fileNum=2,10년 주기,TRUE,180
179,본번,해양수산과학기술 육성 기본계획,「해양수산과학기술 육성법」,제5조제1항,제2차,2023~2027,5년,해양수산부,확인,TRUE,/plans/해양수산과학기술 육성 기본계획_제2차.pdf,35809242,,,https://www.mof.go.kr/doc/ko/selectDoc.do?docSeq=49546,2023.2.22 국가과학기술자문회의 확정,TRUE,181
180,본번,해양수산발전기본계획,「해양수산발전 기본법」,제6조제1항,제3차,2021~2030,10년,해양수산부,확인,TRUE,/plans/해양수산발전기본계획_제3차.pdf,15999433,,,https://www.mof.go.kr/doc/ko/selectDoc.do?docSeq=37159,해양수산발전기본계획,TRUE,182
181,본번,해양수산생명자원관리기본계획,「해양수산생명자원의 확보ㆍ관리 및 이용 등에 관한 법률」,제8조제1항,제2차,2024~2028,5년,해양수산부,확인,TRUE,/plans/해양수산생명자원관리기본계획_제2차.pdf,3607086,,,https://www.mof.go.kr/doc/ko/selectDoc.do?docSeq=50647,,TRUE,183
182,본번,해양심층수기본계획,「해양심층수의 개발 및 관리에 관한 법률」,제4조제1항,제4차,,5년,해양수산부,확인,TRUE,/plans/해양심층수기본계획_제4차.pdf,1728577,,,https://www.mof.go.kr/doc/ko/selectDoc.do?docSeq=57094,해수부 공고 2024-801(2024.5.27). 직전 제3차(2019~2023),TRUE,184
183,본번,해양조사기본계획,「해양조사와 해양정보 활용에 관한 법률」,제7조제1항,제3차,2021~2025,5년,해양수산부,확인,TRUE,/plans/해양조사기본계획_제3차.pdf,5291497,,계획기간 만료(2025년) — 후속 차수 미확인,https://www.khoa.go.kr,해양조사와 해양정보 활용에 관한 법률(2021.2 시행) 후 최초. 5년 주기,TRUE,185
184,본번,해양치유자원의 관리 및 활용에 관한 기본계획,「해양치유자원의 관리 및 활용에 관한 법률」,제5조제1항,차수없음,2022~2026,5년,해양수산부,확인,TRUE,/plans/해양치유자원의 관리 및 활용에 관한 기본계획.pdf,2603935,,차수를 붙이지 않는 계획,https://www.mof.go.kr/doc/ko/selectDoc.do?docSeq=44132,2021.12.16 발표,TRUE,186
185,본번,해양폐기물 및 해양오염퇴적물 관리 기본계획,「해양폐기물 및 해양오염퇴적물 관리법」,제5조제1항,제1차,2021~2030,10년,해양수산부,확인,TRUE,/plans/해양폐기물 및 해양오염퇴적물 관리 기본계획_제1차.pdf,11665335,,,https://www.mof.go.kr/doc/ko/selectDoc.do?docSeq=39282,변경계획 수립(2026),TRUE,187
186,본번,해양환경종합계획,「해양환경 보전 및 활용에 관한 법률」,제10조제1항,제5차,2021~2030,10년,해양수산부,확인,TRUE,/plans/해양환경종합계획_제5차.hwp,5226496,,,https://www.mof.go.kr/doc/ko/selectDoc.do?docSeq=36880,해양환경 종합계획. 10년 주기,TRUE,188
187,본번,환경관리해역기본계획,「해양환경관리법」,제16조제1항,제3차,2019~2023,5년,해양수산부,참고,TRUE,/plans/환경관리해역기본계획_제3차.pdf,2685510,,계획기간 만료(2023년) — 후속 차수 미확인,https://www.mof.go.kr/article/view.do?articleKey=26849&boardKey=22,제4차 미확인 - 계획기간 만료,TRUE,189
188,본번,해외자원개발 기본계획,「해외자원개발 사업법」,제4조제1항,제6차,2020~2029,5년,산업통상자원부,확인,TRUE,/plans/해외자원개발 기본계획_제6차.pdf,341109,,,https://nsp.nanet.go.kr/plan/subject/detail.do?nationalPlanControlNo=PLAN0000036594,2020.6.5 수립,TRUE,190
189,본번,핵융합에너지개발진흥기본계획,「핵융합에너지 개발진흥법」,제4조제1항,제4차,2022~2026,5년,과학기술정보통신부,확인,TRUE,/plans/핵융합에너지개발진흥기본계획_제4차.pdf,182714,,후속 계획 수립 착수,https://eiec.kdi.re.kr/policy/materialView.do?num=222246,2021.12.30 제16차 국가핵융합위 확정. 제5차(2027~2031) 2026.5 수립 착수,TRUE,191
190,본번,화재의 예방 및 안전관리 기본계획,「화재의 예방 및 안전관리에 관한 법률」,제4조,제2차,2022~2026,5년,소방청,확인,FALSE,,,,계획 명칭이 별표 표기와 다름,https://www.korea.kr/news/pressReleaseView.do?newsId=156474405,화재예방법(2022 제정) 이전 근거법상 '화재안전정책 기본계획' 명칭. 5년 주기,TRUE,192
191,본번,소방안전 특별관리기본계획,「화재의 예방 및 안전관리에 관한 법률」,제40조제2항,제2차,2022~2026,5년,소방청,확인,FALSE,,,,,https://www.korea.kr/news/pressReleaseView.do?newsId=156474405,소방안전 특별관리기본계획,TRUE,193
192,본번,화학물질의 관리에 관한 기본계획,「화학물질관리법」,제6조제1항,제3차,2026~2030,5년,기후에너지환경부,확인,TRUE,/plans/화학물질의 관리에 관한 기본계획_제3차.pdf,399038,,,https://korea.kr/briefing/pressReleaseView.do?newsId=156737434,2025.12.30 수립,TRUE,194
193,본번,국가환경교육계획,「환경교육의 활성화 및 지원에 관한 법률」,제5조제1항,제4차,2026~2030,5년,기후에너지환경부,확인,FALSE,,,,,https://www.gne.go.kr/user/bbs/BD_selectBbs.do?q_bbsSn=1464,2025.12.16 수립,TRUE,195
194,본번,환경기술 개발 및 환경산업의 육성을 위한 계획,「환경기술 및 환경산업 지원법」,제3조제1항,제5차,2023~2027,5년,환경부,확인,TRUE,/plans/환경기술 개발 및 환경산업의 육성을 위한 계획_제5차.pdf,1204723,,,https://www.pacst.go.kr/jsp/council/councilArchiveView.jsp?archive_id=1072,환경기술·환경산업·환경기술인력 육성계획,TRUE,196
195,본번,국가환경종합계획,「환경정책기본법」,제14조제1항,제5차,2020~2040,20년,환경부,확인,TRUE,/plans/국가환경종합계획_제5차.pdf,9329012,,,http://www.me.go.kr/home/web/policy_data/read.do?menuId=10260&seq=7448,제5차 국가환경종합계획 수정계획안(2026~2040) 공청회 진행(2025.7),TRUE,197
196,본번,환경친화적인 산업구조로의 전환을 촉진하기 위한 종합시책,「환경친화적 산업구조로의 전환촉진에 관한 법률」,제3조제1항,,,5년,산업통상자원부,미확인,FALSE,,,,,,환경친화적 산업구조 전환촉진법상 종합시책,TRUE,198
197,본번,환경친화적 선박의 개발 및 보급을 촉진하기 위한 기본계획,「환경친화적 선박의 개발 및 보급 촉진에 관한 법률」,제3조제1항,제1차,2021~2030,5년,해양수산부·산업통상자원부,확인,FALSE,,,,,https://epts.kdi.re.kr/polcTmsesSrvc/them?SEARCH_CTE_SEQ=71321,2030 그린쉽-K 추진전략,TRUE,199
198,본번,환경친화적 자동차의 개발 및 보급을 촉진하기 위한 기본계획,「환경친화적 자동차의 개발 및 보급 촉진에 관한 법률」,제3조제1항,제4차,2021~2025,5년,산업통상자원부,참고,TRUE,/plans/환경친화적 자동차의 개발 및 보급을 촉진하기 위한 기본계획_제4차.pdf,3621792,,계획기간 만료(2025년) — 후속 차수 미확인,https://biz.katech.re.kr/core/?cid=24&uid=78&role=view,제5차 미확인 - 계획기간 만료,TRUE,200
