code,scenario_code,name,unit,kind,sdg_primary,sdg_secondary,direction,strength,badge,confidence,headline,series_name,series,series_alt,method,order
S01-D1,S01,총인구,만 명,direct,11,"8,10",negative,strong,R,high,"5,167만(2022) → 3,622만(2072)",중위(기본),"[{""y"":2022,""v"":5167,""b"":""R"",""c"":""high""},{""y"":2030,""v"":5131,""b"":""R"",""c"":""high""},{""y"":2040,""v"":5006,""b"":""R"",""c"":""mid""},{""y"":2050,""v"":4711,""b"":""R"",""c"":""mid""},{""y"":2060,""v"":4262,""b"":""R"",""c"":""mid""},{""y"":2072,""v"":3622,""b"":""R"",""c"":""high""}]","[{""name"":""저위"",""points"":[{""y"":2022,""v"":5167},{""y"":2040,""v"":4879},{""y"":2050,""v"":4478},{""y"":2072,""v"":3017}]},{""name"":""고위"",""points"":[{""y"":2022,""v"":5167},{""y"":2040,""v"":5134},{""y"":2050,""v"":4949},{""y"":2072,""v"":4282}]}]","{""definition"":""7월 1일 기준 대한민국 총인구(외국인 포함 상주인구). 단위는 만 명."",""sources"":[{""title"":""장래인구추계: 2022~2072년"",""org"":""통계청"",""year"":2023,""url"":""https://kostat.go.kr/board.es?mid=a10301020600&bid=207&act=view&list_no=428476""},{""title"":""총인구 5000만 2045년 깨진다…2072년 3622만명"",""org"":""뉴스1(보도자료 인용)"",""year"":2023,""url"":""https://www.news1.kr/economy/population-statistics/5261144""}],""steps"":[""통계청 코호트요인법 추계 결과표에서 중위·저위·고위 시나리오의 연도별 총인구를 그대로 옮겼습니다."",""가공·재계산을 하지 않았으므로 모든 시점이 R(보고서 수록) 배지입니다."",""2022·2030·2072년 값은 보도자료 원문에서 직접 확인했고, 2040·2050·2060년 값은 2차 인용 경로로 확인해 신뢰도를 '중'으로 낮췄습니다.""],""assumptions"":[""시나리오별 출생·사망·이동 가정은 통계청 공표 가정을 그대로 적용(별도 조정 없음)""],""limits"":""2023년 12월 공표본입니다. 통계청은 2~3년 주기로 추계를 갱신하므로 차기 추계에서 하향 조정될 가능성이 있습니다. 실제 2024년 합계출산율(0.748)은 중위 가정보다 높게 나와 단기적으로는 추계가 다소 보수적이었습니다."",""badge_reason"":""공식 보도자료의 표 값을 가공 없이 인용했으므로 R. 원문에서 직접 확인한 시점만 신뢰도 '상'.""}",1
S01-D2,S01,65세 이상 인구 비중,%,direct,3,"1,10",negative,strong,R,high,"17.4%(2022) → 47.7%(2072), 인구 절반이 고령자",,"[{""y"":2022,""v"":17.4,""b"":""R"",""c"":""high""},{""y"":2025,""v"":20.3,""b"":""R"",""c"":""high""},{""y"":2030,""v"":25.5,""b"":""R"",""c"":""mid""},{""y"":2040,""v"":34.4,""b"":""R"",""c"":""mid""},{""y"":2050,""v"":40.1,""b"":""R"",""c"":""high""},{""y"":2060,""v"":43.8,""b"":""R"",""c"":""mid""},{""y"":2072,""v"":47.7,""b"":""R"",""c"":""high""}]",,"{""definition"":""총인구 중 65세 이상 인구가 차지하는 비율(%). 20% 초과 시 '초고령사회'로 분류합니다."",""sources"":[{""title"":""장래인구추계: 2022~2072년"",""org"":""통계청"",""year"":2023,""url"":""https://www.korea.kr/briefing/policyBriefingView.do?newsId=156605259""},{""title"":""잠재성장률 전망과 정책적 시사점(고령인구 2025년 20.3%→2050년 40.1%)"",""org"":""KDI"",""year"":2025,""url"":""https://www.kdi.re.kr/research/analysisView?art_no=3671""}],""steps"":[""통계청 추계의 연령구조 표에서 65세 이상 구성비를 인용했습니다."",""2025년 20.3%, 2050년 40.1%는 KDI 보고서가 통계청 추계를 인용해 제시한 값과 교차 확인했습니다.""],""assumptions"":[""기대수명 상승 가정이 유지되고 대규모 이민정책 전환이 없다고 전제""],""limits"":""이 지표는 이미 태어난 세대가 나이드는 결과이므로 출산율 가정 변화에 둔감합니다. 다만 대규모 청년 이민 유입이 현실화되면 분모가 커져 비중이 낮아질 수 있습니다."",""badge_reason"":""공식 추계 표의 구성비를 그대로 인용, R.""}",2
S01-D3,S01,생산연령인구(15~64세),만 명,direct,8,"9,10",negative,strong,R,mid,"2019년 3,763만 정점 → 2072년 1,658만 (−56%)",,"[{""y"":2019,""v"":3763,""b"":""R"",""c"":""high""},{""y"":2022,""v"":3674,""b"":""R"",""c"":""mid""},{""y"":2030,""v"":3417,""b"":""R"",""c"":""mid""},{""y"":2040,""v"":2852,""b"":""R"",""c"":""mid""},{""y"":2050,""v"":2444,""b"":""R"",""c"":""mid""},{""y"":2060,""v"":2005,""b"":""E"",""c"":""low""},{""y"":2072,""v"":1658,""b"":""R"",""c"":""mid""}]",,"{""definition"":""15~64세 인구. 노동공급의 상한을 규정하는 변수로, 잠재성장률(S07) 계산의 노동투입 항목과 직결됩니다."",""sources"":[{""title"":""장래인구추계: 2022~2072년"",""org"":""통계청"",""year"":2023,""url"":""https://kostat.go.kr/board.es?mid=a10301020600&bid=207&act=view&list_no=428476""},{""title"":""잠재성장률 전망과 정책적 시사점(생산연령인구 2019년 3,763만 정점)"",""org"":""KDI"",""year"":2025,""url"":""https://www.kdi.re.kr/research/analysisView?art_no=3671""}],""steps"":[""통계청 추계 연령별 인구표의 15~64세 합계를 인용했습니다."",""2060년 값만 공표 시점을 확인하지 못해, 2050년과 2072년 사이를 지수 보간(M3)해 채우고 E 배지를 부여했습니다."",""보간식: V(2060) = 2444 × (1658/2444)^((2060−2050)/(2072−2050)) = 2,005만 명""],""assumptions"":[""2050~2072년 구간의 감소가 일정한 연평균 변화율을 따른다고 가정(M3)""],""limits"":""실제로는 베이비붐 세대의 은퇴 완료 시점(2030년대 초)에 감소가 계단식으로 빨라지므로, 보간값은 2060년 전후에서 수백만 명 단위 오차가 날 수 있습니다."",""badge_reason"":""공표값은 R, 보간한 2060년만 E. 원문 표를 직접 열람하지 못해 전체 신뢰도는 '중'.""}",3
S01-I1,S01,학령인구(6~21세),만 명,indirect,4,"8,10",negative,strong,R,mid,"750만(2022) → 278만(2072), 63% 감소",,"[{""y"":2022,""v"":750,""b"":""R"",""c"":""high""},{""y"":2030,""v"":594,""b"":""E"",""c"":""low""},{""y"":2040,""v"":413,""b"":""R"",""c"":""high""},{""y"":2050,""v"":350,""b"":""E"",""c"":""low""},{""y"":2060,""v"":312,""b"":""E"",""c"":""low""},{""y"":2072,""v"":278,""b"":""R"",""c"":""high""}]",,"{""definition"":""초등학교~대학교 취학 연령대에 해당하는 6~21세 인구. SDG4(양질의 교육)의 교육 인프라 수요를 규정합니다."",""sources"":[{""title"":""장래인구추계: 2022~2072년 — 학령인구 2022년 750만 명, 2040년까지 337만 명 감소, 2072년 278만 명"",""org"":""통계청"",""year"":2023,""url"":""https://www.korea.kr/briefing/policyBriefingView.do?newsId=156605259""}],""steps"":[""공표된 고정점 3개를 확보했습니다: 2022년 750만, 2040년 750−337=413만, 2072년 278만."",""2030·2050·2060년은 고정점 사이를 지수 보간(M3)했습니다. 예) V(2030)=750×(413/750)^((2030−2022)/(2040−2022))=594만 명."",""보간 구간은 모두 E 배지, 신뢰도 '하'로 표기했습니다.""],""assumptions"":[""구간 내 감소가 일정 연평균 변화율을 따른다고 가정""],""limits"":""학령인구는 출생아 수의 16년 지연 반영이므로 2040년까지는 이미 확정적이지만, 2050년 이후는 출산율 가정에 직접 좌우돼 저위 시나리오에서는 더 급감합니다. 보간값을 학교 통폐합 계획 등 실무에 그대로 쓰면 안 됩니다."",""badge_reason"":""공표 고정점은 R(상), 보간점은 E(하). 지표 전체 대표 배지는 R, 신뢰도는 '중'으로 절충.""}",4
S01-I2,S01,노년부양비,생산연령 100명당 명,indirect,10,"1,8",negative,strong,R,mid,"24.4명(2022) → 104.2명(2072), 일하는 1명이 노인 1명 부양",,"[{""y"":2022,""v"":24.4,""b"":""R"",""c"":""high""},{""y"":2030,""v"":38.6,""b"":""R"",""c"":""mid""},{""y"":2040,""v"":60.5,""b"":""S"",""c"":""mid""},{""y"":2050,""v"":77.3,""b"":""S"",""c"":""mid""},{""y"":2060,""v"":93.1,""b"":""S"",""c"":""low""},{""y"":2072,""v"":104.2,""b"":""R"",""c"":""high""}]",,"{""definition"":""생산연령인구(15~64세) 100명이 부양해야 하는 65세 이상 인구 수. 연금·건강보험 등 사회보험의 지속가능성을 가장 직접적으로 보여주는 지표입니다."",""sources"":[{""title"":""장래인구추계: 2022~2072년(2072년 노년부양비 104.2명)"",""org"":""통계청"",""year"":2023,""url"":""https://www.korea.kr/briefing/policyBriefingView.do?newsId=156605259""}],""steps"":[""2022년(24.4)과 2072년(104.2)은 공표값을 인용했습니다."",""2040·2050·2060년은 같은 추계 내 다른 지표에서 직접 계산했습니다(S 배지): 노년부양비 = (65세 이상 비중 × 총인구) ÷ 생산연령인구 × 100."",""예) 2050년 = (0.401 × 4,711만) ÷ 2,444만 × 100 = 1,889만 ÷ 2,444만 × 100 = 77.3명"",""이 계산은 같은 추계표 내부 값끼리의 연산이므로 외부 가정이 들어가지 않습니다.""],""assumptions"":[""65세 이상 비중과 총인구, 생산연령인구가 모두 동일한 중위 추계에서 나온 값이라는 점(내적 정합성)""],""limits"":""반올림된 구성비(소수 1자리)로 재계산했기 때문에 통계청 공표 노년부양비와 ±1명 내외의 차이가 날 수 있습니다. 2060년은 생산연령인구 자체가 보간값이라 신뢰도가 한 단계 낮습니다."",""badge_reason"":""공표 시점은 R, 내부 값으로 재계산한 시점은 S(계산식 공개).""}",5
S01-I3,S01,65세 이상 건강보험 진료비,조 원(2023년 불변가격),indirect,3,"1,10",negative,strong,E,low,48조 원(2023) → 약 384조 원(2072) 추정 [실질 3% 가정],실질 3% 가정(기본),"[{""y"":2023,""v"":48,""b"":""R"",""c"":""high""},{""y"":2030,""v"":83.9,""b"":""E"",""c"":""low""},{""y"":2040,""v"":148.5,""b"":""E"",""c"":""low""},{""y"":2050,""v"":218.8,""b"":""E"",""c"":""low""},{""y"":2060,""v"":290.7,""b"":""E"",""c"":""low""},{""y"":2072,""v"":383.7,""b"":""E"",""c"":""low""}]","[{""name"":""실질 2% 가정(보수)"",""points"":[{""y"":2023,""v"":48},{""y"":2040,""v"":122},{""y"":2050,""v"":163.1},{""y"":2072,""v"":238.8}]}]","{""definition"":""건강보험 적용 65세 이상 인구의 연간 총 진료비. 인구 고령화가 SDG3(건강)과 재정(S07)에 미치는 압력을 금액으로 환산한 지표입니다."",""sources"":[{""title"":""2023년 건강보험 주요통계 — 총진료비 110조 원, 65세 이상 48조 원(44.1%), 노인 1인당 연평균 진료비 543.4만 원"",""org"":""국민건강보험공단·건강보험심사평가원"",""year"":2024,""url"":""https://www.segye.com/newsView/20241129507513""},{""title"":""장래인구추계 65세 이상 인구 비중"",""org"":""통계청"",""year"":2023,""url"":""https://www.korea.kr/briefing/policyBriefingView.do?newsId=156605259""}],""steps"":[""① 기준연도 원단위 확정: 2023년 노인 1인당 연평균 진료비 543.4만 원(공표값, R)."",""② 미래 65세 이상 인구 산출: 65세 이상 비중(S01-D2) × 총인구(S01-D1). 예) 2050년 = 40.1% × 4,711만 = 1,889만 명."",""③ 건강보험 적용률 96%를 곱해 적용인구로 환산."",""④ 원단위 × 수량법(M1) 적용: 진료비 = 543.4만 원 × 1.03^(t−2023) × 적용인구."",""⑤ 예) 2050년 = 543.4만 × 1.03^27(=2.2213) = 1,207만 원 → 1,207만 원 × 1,813만 명 = 218.8조 원."",""⑥ 검산: 2023년에 같은 식을 적용하면 49.6조 원으로 공표값 48조 원 대비 +3.3% 오차. 이 오차는 전 구간에 동일하게 남습니다.""],""assumptions"":[""1인당 실질 진료비가 연 3.0%씩 증가(2013~2023년 국내 노인 1인당 진료비 실질 증가율 3~5% 구간의 하단을 채택)"",""건강보험 적용률 96% 고정"",""수가체계·본인부담률·비급여 구조에 큰 제도 변화가 없다고 전제""],""limits"":""50년 외삽이라 가정 민감도가 압도적으로 큽니다. 실질 증가율을 2.0%로 낮추면 2072년은 239조 원으로 145조 원(38%)이 줄어듭니다. 이 값은 규모의 자릿수와 증가 방향을 읽는 용도이며, 개별 연도 수치를 인용해서는 안 됩니다. 또한 건강수명 연장으로 고령자 1인당 의료이용이 억제되는 '건강한 고령화' 효과는 반영하지 않아 과대추정 쪽으로 치우칩니다."",""badge_reason"":""기준연도만 R이고 미래 전 구간이 자체 추정이므로 지표 배지는 E, 신뢰도 '하'.""}",6
S01-I4,S01,노인 상대적 빈곤율(66세 이상),%,indirect,1,"10,3",mixed,medium,E,low,"39.7%(2022) → 약 24%(2050) 추정, 그래도 OECD 평균(14.2%)의 1.7배",한국,"[{""y"":2022,""v"":39.7,""b"":""R"",""c"":""high""},{""y"":2030,""v"":34,""b"":""E"",""c"":""low""},{""y"":2040,""v"":28,""b"":""E"",""c"":""low""},{""y"":2050,""v"":24,""b"":""E"",""c"":""low""}]","[{""name"":""OECD 평균(참조선)"",""ref"":true,""points"":[{""y"":2022,""v"":14.2},{""y"":2050,""v"":14.2}]}]","{""definition"":""66세 이상 인구 중 처분가능소득이 중위소득 50% 미만인 사람의 비율. K-SDGs 목표1의 대표 지표이며, 한국은 OECD 회원국 중 지속적으로 최상위권입니다."",""sources"":[{""title"":""가계금융복지조사 — 66세 이상 상대적 빈곤율 39.7%(2022년 소득 기준)"",""org"":""통계청"",""year"":2023,""url"":""https://kostat.go.kr/""},{""title"":""Pensions at a Glance — 노인빈곤율 OECD 평균 약 14%"",""org"":""OECD"",""year"":2023,""url"":""https://www.oecd.org/publications/pensions-at-a-glance/""}],""steps"":[""① 기준값은 통계청 공표 39.7%(R)."",""② 국민연금 수급자 비율과 평균 가입기간이 성숙하면서 빈곤율이 낮아지는 경로를 가정했습니다. 현재 65세 이상 국민연금 수급률은 약 50%, 평균 가입기간 약 19년이며, 2050년경 수급률 80%대·가입기간 25년 이상으로 성숙합니다."",""③ 국제 벤치마크법(M4): 일본·스페인 등 연금제도가 30년 이상 성숙한 뒤 노인빈곤율이 20% 안팎에서 수렴한 사례를 상한 참조로 삼아, 2050년 24% 수준으로 완만히 하락하는 경로를 그렸습니다."",""④ 중간 연도는 두 끝점 사이 선형 보간.""],""assumptions"":[""국민연금 소득대체율·기초연금 수준이 현행 제도에서 크게 후퇴하지 않음"",""고령자 근로소득 비중이 현 수준에서 급락하지 않음"",""중위소득 자체의 성장 속도가 연금액 인상 속도를 크게 앞지르지 않음""],""limits"":""이 값은 통계청·보건복지부의 공식 전망이 아니라 이 대시보드의 추정입니다. 연금개혁 방향(소득대체율·보험료율 조정)에 따라 결과가 크게 달라지며, 반대로 국민연금 기금 소진(S07 참조)이 급여 삭감으로 이어지면 빈곤율은 다시 상승할 수 있습니다. 방향성만 참고하십시오."",""badge_reason"":""기준값 R, 전망 구간은 해외 성숙 사례를 참조한 추정이므로 E이며 OECD 비교선은 B 성격을 겸합니다.""}",7
S02-D1,S02,인구가 전년 대비 감소하는 시도 수,개 시도(전체 17),direct,11,"10,8",negative,strong,R,high,11개(2022) → 2039년부터 세종 제외 16개 전 시도 감소,,"[{""y"":2022,""v"":11,""b"":""R"",""c"":""high""},{""y"":2030,""v"":13,""b"":""E"",""c"":""low""},{""y"":2039,""v"":16,""b"":""R"",""c"":""high""},{""y"":2052,""v"":16,""b"":""R"",""c"":""high""}]",,"{""definition"":""해당 연도에 전년 대비 총인구가 줄어드는 시도의 개수. 인구감소가 특정 지역 문제에서 전국 현상으로 전환되는 시점을 보여줍니다."",""sources"":[{""title"":""장래인구추계(시도편): 2022~2052년 — 2022년 11개 시도 마이너스 성장, 2039년부터 세종 제외 16개 시도 감소"",""org"":""통계청"",""year"":2024,""url"":""https://www.korea.kr/briefing/policyBriefingView.do?newsId=156632807""}],""steps"":[""보도자료 본문에 명시된 2022년(11개)과 2039년 이후(16개)를 고정점으로 인용했습니다."",""2030년 값만 공표되지 않아 두 고정점 사이를 선형 보간(M3)해 13개로 채우고 E 배지를 부여했습니다.""],""assumptions"":[""2022~2039년 사이 감소 시도 수가 단조 증가한다고 가정""],""limits"":""시도 수는 정수 단위 계단 지표라 보간이 물리적 의미를 갖지 않습니다. 2030년 값은 추세 이해용 표시일 뿐입니다."",""badge_reason"":""공표 문장에 직접 기재된 값이므로 R. 보간점만 E.""}",1
S02-D2,S02,부산광역시 인구,만 명,direct,11,"8,10",negative,strong,S,mid,"331만(2022) → 265만 이하(2052), 감소율 20% 이상으로 전국 최대",,"[{""y"":2022,""v"":331.7,""b"":""R"",""c"":""high""},{""y"":2032,""v"":309.3,""b"":""E"",""c"":""low""},{""y"":2042,""v"":286.6,""b"":""E"",""c"":""low""},{""y"":2052,""v"":265.4,""b"":""S"",""c"":""mid""}]",,"{""definition"":""부산광역시 총인구. 광역시급 대도시에서도 인구 급감이 진행된다는 사실을 보여주기 위해 감소율 1위 시도로 선정했습니다."",""sources"":[{""title"":""장래인구추계(시도편): 2022~2052년 — 2052년 부산 인구는 2022년 대비 20% 이상 감소"",""org"":""통계청"",""year"":2024,""url"":""https://www.korea.kr/briefing/policyBriefingView.do?newsId=156632807""},{""title"":""주민등록인구현황 — 2022년 부산 인구 331.7만 명"",""org"":""행정안전부"",""year"":2023,""url"":""https://jumin.mois.go.kr/""}],""steps"":[""① 2022년 값은 실측 인구(R)."",""② 보도자료는 '20% 이상 감소'라고만 밝혔으므로, 정확히 20%를 적용해 보수적 하한을 산출했습니다: 331.7 × 0.80 = 265.4만 명(S)."",""③ 2032·2042년은 두 끝점 사이를 지수 보간(M3)했습니다. 예) V(2042)=331.7×(265.4/331.7)^(20/30)=286.6만 명.""],""assumptions"":[""'20% 이상'의 실제 값이 20%에 가깝다고 가정(실제로는 더 클 수 있음 → 이 값은 하한)"",""구간 내 감소율이 일정하다고 가정""],""limits"":""실제 공표 수치는 20%보다 큰 감소일 수 있으므로 2052년 값은 보수적 상한(인구는 이보다 적을 가능성)입니다. 원 보도자료의 시도별 인구 표를 열람하면 정확한 값으로 대체해야 합니다."",""badge_reason"":""공표된 '20% 이상'이라는 문구로부터 계산했으므로 S(계산식 공개), 보간점은 E.""}",2
S02-D3,S02,인구감소지역 지정 시군구,개,direct,10,"11,1",negative,strong,R,high,"89곳 지정 + 관심지역 18곳, 전국 시군구의 38.9%",,"[{""y"":2021,""v"":89,""b"":""R"",""c"":""high""},{""y"":2024,""v"":89,""b"":""R"",""c"":""high""}]",,"{""definition"":""행정안전부가 연평균인구증감률·인구밀도·고령화비율 등 8개 지표로 산정한 '인구감소지수'에 따라 지정·고시한 시군구. 지방소멸대응기금(연 1조 원 규모) 배분의 근거가 됩니다."",""sources"":[{""title"":""인구감소지역 지정 결과(89개) 및 관심지역(18개)"",""org"":""행정안전부"",""year"":2021,""url"":""https://www.mois.go.kr/frt/sub/a06/b06/populationDecline/screen.do""}],""steps"":[""행안부 고시 목록의 개수를 그대로 인용했습니다."",""비율은 전국 기초자치단체 229개(시75·군82·자치구69) 대비로 계산: 89 ÷ 229 = 38.9%(S).""],""assumptions"":[""2021년 최초 지정 이후 2024년 현재까지 목록 변동 없음""],""limits"":""지정 여부는 정책적 판단이 개입된 행정 구분이며, 지정되지 않았더라도 실질적으로 인구가 급감하는 읍면동은 다수입니다. 시군구 단위로 집계되므로 대도시 내부의 원도심 공동화(예: 관심지역에 포함된 대전 동구, 부산 중구)는 별도로 보아야 합니다."",""badge_reason"":""고시 목록의 개수를 그대로 인용, R.""}",3
S02-I1,S02,수도권 인구 비중,%,indirect,10,"11,8",negative,strong,S,mid,"50.6%(2022) → 약 53.5%(2052), 수도권도 줄지만 지방이 더 빨리 줄어 집중도는 상승",,"[{""y"":2022,""v"":50.6,""b"":""S"",""c"":""high""},{""y"":2032,""v"":51.6,""b"":""E"",""c"":""low""},{""y"":2042,""v"":52.5,""b"":""E"",""c"":""low""},{""y"":2052,""v"":53.5,""b"":""S"",""c"":""mid""}]",,"{""definition"":""전국 총인구 중 서울·인천·경기 합계 인구가 차지하는 비율. 국토 불균형(SDG10)의 대표 요약 지표입니다."",""sources"":[{""title"":""장래인구추계(시도편): 2022~2052년 — 2052년 수도권 인구는 2022년 대비 138만 명 감소"",""org"":""통계청"",""year"":2024,""url"":""https://www.korea.kr/briefing/policyBriefingView.do?newsId=156632807""},{""title"":""장래인구추계: 2022~2072년 — 전국 총인구"",""org"":""통계청"",""year"":2023,""url"":""https://www.korea.kr/briefing/policyBriefingView.do?newsId=156605259""}],""steps"":[""① 2022년 수도권 인구 2,613만 명 ÷ 전국 5,167만 명 = 50.6%(S)."",""② 2052년 수도권 인구 = 2,613 − 138 = 2,475만 명(공표된 감소폭 적용)."",""③ 2052년 전국 총인구는 S01-D1의 2050년(4,711만)과 2060년(4,262만)을 보간해 4,624만 명으로 산출."",""④ 2,475 ÷ 4,624 = 53.5%(S)."",""⑤ 중간 연도는 두 끝점 선형 보간(E).""],""assumptions"":[""2052년 전국 총인구를 S01 중위 추계에서 보간해 사용(시도편과 전국편의 기준시점이 1년 차이 나는 점은 무시)""],""limits"":""분모(전국 총인구)가 보간값이라 소수점 아래 정밀도는 낮습니다. 또한 '수도권 인구도 감소한다'는 사실이 비중 지표에서는 드러나지 않으므로, 절대 인구 감소와 함께 읽어야 합니다."",""badge_reason"":""공표된 두 값(수도권 감소폭, 전국 총인구)을 나눈 계산이므로 S. 보간한 중간 연도는 E.""}",4
S02-I2,S02,전국 빈집 수,만 호,indirect,11,"1,10",negative,medium,E,low,"153만 호(2023, 주택의 7.9%) → 약 260만 호(2040) 추정",,"[{""y"":2015,""v"":106.9,""b"":""R"",""c"":""high""},{""y"":2023,""v"":153.5,""b"":""R"",""c"":""high""},{""y"":2030,""v"":191,""b"":""E"",""c"":""low""},{""y"":2040,""v"":259.9,""b"":""E"",""c"":""low""}]",,"{""definition"":""인구주택총조사 기준 빈집(조사시점에 사람이 살지 않는 주택, 미분양·이사·수리 등 일시적 공가 포함). 주거지 공동화와 지역 자산가치 하락을 보여주는 SDG11 지표입니다."",""sources"":[{""title"":""인구주택총조사 — 2023년 빈집 153만 호, 전체 주택의 7.9%(2015년 6.5%)"",""org"":""통계청"",""year"":2024,""url"":""https://www.newspim.com/news/view/20250306000838""}],""steps"":[""① 공표 실적치 2개를 확보: 2015년 106.9만 호(주택의 6.5%), 2023년 153.5만 호(7.9%)."",""② 8년간 연평균 증가율(CAGR) 산출: (153.5/106.9)^(1/8) − 1 = 4.62%/년."",""③ CAGR 외삽(M3)을 적용하되, 주택 신축이 둔화되는 점을 고려해 증가율을 3.2%/년으로 낮춰 적용했습니다(관측 CAGR의 약 70%)."",""④ 2030년 = 153.5 × 1.032^7 = 191.0만 호, 2040년 = 153.5 × 1.032^17 = 259.9만 호.""],""assumptions"":[""주택 멸실·리모델링 속도가 현재 수준에서 크게 변하지 않음"",""빈집 증가율을 관측치의 70%로 감쇠(신규 주택 공급 둔화 반영)""],""limits"":""빈집 통계는 정의에 따라 값이 크게 달라집니다. 통계청 총조사 기준은 153만 호지만, 한국부동산원의 '실제 방치 빈집' 기준은 4만 호대로 40배 가까이 차이 납니다. 이 지표는 통계청 정의를 따르며, 정책 대상이 되는 '방치 빈집'과는 다른 개념입니다. 외삽 감쇠율 0.7은 임의 선택이므로 미래값은 방향성 참고용입니다."",""badge_reason"":""실적치는 R, 2030년 이후는 자체 외삽이므로 지표 배지 E.""}",5
S02-I3,S02,"인구 1,000명당 빈집 수 지역격차","호/1,000명 (전남 대비 전국 배수)",indirect,10,11,negative,medium,R,high,전남 67.2호 vs 전국 평균 29.9호 — 비수도권 집중이 2.2배,전남,"[{""y"":2023,""v"":67.2,""b"":""R"",""c"":""high""}]","[{""name"":""강원"",""points"":[{""y"":2023,""v"":54}]},{""name"":""충남"",""points"":[{""y"":2023,""v"":53.1}]},{""name"":""전국 평균"",""ref"":true,""points"":[{""y"":2023,""v"":29.9}]}]","{""definition"":""인구 1,000명당 빈집 수. 절대 빈집 수는 경기(18.6%)가 가장 많지만, 인구 대비로 보면 지방이 압도적이라는 점을 드러내기 위한 지표입니다."",""sources"":[{""title"":""인구주택총조사 — 인구 1,000명당 빈집 수 전남 67.2호, 강원 54.0호, 충남 53.1호"",""org"":""통계청"",""year"":2024,""url"":""https://www.newspim.com/news/view/20250306000838""}],""steps"":[""시도별 공표값을 그대로 인용(R)."",""전국 평균은 직접 계산: 153.5만 호 ÷ 5,133만 명 × 1,000 = 29.9호(S).""],""assumptions"":[""2023년 11월 1일 조사기준시점 인구 사용""],""limits"":""단일 시점 값이라 시계열 추세를 보여주지 못합니다. 전국 평균만 계산값이고 시도별 값은 공표치입니다."",""badge_reason"":""시도별 값은 공표 인용 R, 전국 평균만 S.""}",6
S02-I4,S02,지방 의료 접근성 — 응급의료 취약지 거주 인구 비율,%,indirect,3,"10,11",negative,medium,E,low,"약 10%(2023) → 약 14%(2040) 추정, 인구감소지역 집중",,"[{""y"":2023,""v"":10,""b"":""B"",""c"":""mid""},{""y"":2030,""v"":11.6,""b"":""E"",""c"":""low""},{""y"":2040,""v"":14,""b"":""E"",""c"":""low""}]",,"{""definition"":""지역응급의료센터까지 30분 내, 권역응급의료센터까지 1시간 내 도달이 불가능한 지역(응급의료 취약지)에 거주하는 인구의 비율. K-SDGs 목표3의 보편적 의료접근성과 목표10의 지역격차를 잇는 지표입니다."",""sources"":[{""title"":""응급의료 취약지 모니터링 — 취약지 인구 약 500만 명(전 국민의 약 10%)"",""org"":""국립중앙의료원 중앙응급의료센터"",""year"":2023,""url"":""https://www.e-gen.or.kr/""}],""steps"":[""① 기준값: 응급의료 취약지 거주 인구 약 10%를 참조값으로 채택(B — 국내 공식 모니터링 자료를 2차 경로로 확인)."",""② 취약지의 거의 전부가 인구감소지역 89곳에 속한다는 점을 이용해, 인구감소지역의 인구 감소 속도와 의료기관 폐업 속도를 연결했습니다."",""③ 탄력성 계수법(M2): 지역 인구가 10% 감소할 때 해당 지역 응급의료기관 수가 약 6% 감소한다고 가정(ε=0.6). 근거는 2015~2023년 지방 중소병원 폐업 추세로부터의 개략 추정입니다."",""④ 인구감소지역 인구가 2040년까지 약 22% 감소한다고 보면 의료기관은 약 13% 감소 → 취약지 경계가 확장되어 취약지 인구 비율이 10.0% → 14.0%로 상승.""],""assumptions"":[""탄력성 ε=0.6은 관측 자료 없이 설정한 값입니다"",""공공의료 확충 정책(지방의료원 신설, 응급의료 전용헬기 확대)의 효과를 반영하지 않았습니다"",""도로망 개선으로 도달시간이 단축되는 효과도 반영하지 않았습니다""],""limits"":""이 지표는 이 대시보드에서 가장 가정 의존도가 높은 추정 중 하나입니다. 정부 공식 전망이 존재하지 않으며, 탄력성 계수는 정밀 추정이 아닌 개략값입니다. 숫자를 인용하지 말고 '지방 의료접근성이 인구감소보다 빠르게 악화될 수 있다'는 방향으로만 읽어야 합니다."",""badge_reason"":""기준값은 2차 경로 확인이라 B, 전망 구간은 자체 탄력성 가정이므로 E. 신뢰도 '하'.""}",7
S03-D1,S03,남한 연평균기온 상승폭,℃ (현재 대비),direct,13,"11,3",negative,strong,R,high,전반기 +1.3℃ → 후반기 +2.3℃,,"[{""y"":2010,""v"":0,""b"":""R"",""c"":""high""},{""y"":2030,""v"":1.3,""b"":""R"",""c"":""high""},{""y"":2050,""v"":1.8,""b"":""E"",""c"":""low""},{""y"":2090,""v"":2.3,""b"":""R"",""c"":""high""}]",,"{""definition"":""2000~2019년 20년 평균 대비 남한 육상 연평균기온의 상승폭(℃). x축 연도는 각 기간의 중앙값으로 표시했습니다(2030=2021~2040 전반기, 2090=2081~2100 후반기)."",""sources"":[{""title"":""SSP 기반 남한상세 기후변화 시나리오 — 저탄소(SSP1-2.6) 전반기 +1.3℃, 후반기 +2.3℃"",""org"":""기상청"",""year"":2021,""url"":""https://www.kma.go.kr/kma/flexer/html/press/2021/12/23/ATC202112231916073_85b73f4a-2a60-4b89-b007-209beec48ad6.hwp.files/Sections1.html""}],""steps"":[""기상청 보도자료 본문의 남한 평균 전망값을 그대로 인용했습니다(R)."",""21세기 중반기(2041~2060) 값은 이 문서에 남한 평균으로 공표되지 않아, 전반기와 후반기 사이를 선형 보간해 +1.8℃로 채우고 E 배지를 부여했습니다.""],""assumptions"":[""기간 중앙값을 대표 연도로 사용(전반기 2030, 후반기 2090)""],""limits"":""SSP1-2.6은 승온이 세기 중반 이후 정체하는 경로이므로 실제 중반기 값은 선형 보간값보다 높을 가능성이 큽니다(즉 +1.8℃는 과소추정). 원 보고서의 중반기 표를 확인하면 대체해야 합니다."",""badge_reason"":""공표 문장에 명시된 값이므로 R, 보간한 중반기만 E.""}",1
S03-D2,S03,남한 연강수량 변화율,% (현재 대비),direct,6,"13,2",mixed,medium,R,high,전반기 거의 변화 없음 → 후반기 +3%,,"[{""y"":2010,""v"":0,""b"":""R"",""c"":""high""},{""y"":2030,""v"":0,""b"":""R"",""c"":""mid""},{""y"":2090,""v"":3,""b"":""R"",""c"":""high""}]",,"{""definition"":""2000~2019년 평균 대비 남한 연총강수량의 변화율(%)."",""sources"":[{""title"":""SSP 기반 남한상세 기후변화 시나리오 — 저탄소 후반기 강수량 +3%"",""org"":""기상청"",""year"":2021,""url"":""https://www.kma.go.kr/kma/flexer/html/press/2021/12/23/ATC202112231916073_85b73f4a-2a60-4b89-b007-209beec48ad6.hwp.files/Sections1.html""}],""steps"":[""보도자료의 남한 평균 강수량 변화율을 인용했습니다."",""전반기는 '변화 없음'으로 서술되어 0%로 표기하고 신뢰도를 '중'으로 낮췄습니다(정확한 수치가 아닌 정성적 서술이기 때문).""],""assumptions"":[""'변화 없음'을 0%로 수치화""],""limits"":""연총강수량의 평균 변화는 작아 보이지만, 기후변화의 핵심은 총량이 아니라 분포입니다. 같은 총량에서 호우 집중과 무강수 지속일수가 동시에 늘어나 홍수와 가뭄이 함께 심해질 수 있으므로(S09 참조), 이 지표만으로 물 문제를 판단해서는 안 됩니다."",""badge_reason"":""공표값 인용, R.""}",2
S03-D3,S03,폭염일수(수도권 권역),일/년,direct,3,"13,11",negative,strong,R,mid,"7.8일(현재) → 25.0일(21세기 후반), 3.2배",,"[{""y"":2010,""v"":7.8,""b"":""R"",""c"":""mid""},{""y"":2050,""v"":16,""b"":""E"",""c"":""low""},{""y"":2090,""v"":25,""b"":""R"",""c"":""mid""}]",,"{""definition"":""일최고기온이 33℃ 이상인 날의 연간 일수. 기상청 보도자료 부표의 권역별 표 중 수도권 행 값입니다."",""sources"":[{""title"":""SSP 기반 남한상세 기후변화 시나리오 권역별 극한기후지수 표(수도권)"",""org"":""기상청"",""year"":2021,""url"":""https://www.kma.go.kr/kma/flexer/html/press/2021/12/23/ATC202112231916073_85b73f4a-2a60-4b89-b007-209beec48ad6.hwp.files/Sections1.html""}],""steps"":[""원 보도자료에는 극한기후지수가 6개 권역별(수도권·강원권·충청권·전라권·경상권·제주권)로만 제시되어 있고 남한 전체 평균 표가 없습니다. 따라서 인구가 가장 많은 수도권 값을 대표로 채택했습니다."",""현재값 7.8일과 후반기 25.0일은 공표 표 값(R)이며, 중반기는 두 값의 선형 보간(E)입니다.""],""assumptions"":[""수도권 값을 시나리오 대표값으로 사용(전국 평균과 다를 수 있음)""],""limits"":""수도권 기준이므로 남부지방(전라·경상·제주)은 이보다 폭염일수가 많습니다. 전국 평균이 필요하면 원 보고서의 권역별 표를 인구가중 평균해야 합니다. 이 점 때문에 신뢰도를 '중'으로 표기했습니다."",""badge_reason"":""공표 표의 값을 그대로 인용했으므로 R이지만, 공간 대표성 한계로 신뢰도는 '중'.""}",3
S03-I1,S03,열대야일수(수도권 권역),일/년,indirect,11,"3,7",negative,strong,R,mid,"2.8일(현재) → 24.1일(21세기 후반), 8.6배",,"[{""y"":2010,""v"":2.8,""b"":""R"",""c"":""mid""},{""y"":2050,""v"":13.5,""b"":""E"",""c"":""low""},{""y"":2090,""v"":24.1,""b"":""R"",""c"":""mid""}]",,"{""definition"":""일최저기온이 25℃ 이상인 밤의 연간 일수. 야간 열해소 실패는 수면의 질과 냉방 에너지 수요, 취약계층 초과사망에 직접 연결되므로 도시 거주환경(SDG11) 지표로 배치했습니다."",""sources"":[{""title"":""SSP 기반 남한상세 기후변화 시나리오 권역별 극한기후지수 표(수도권)"",""org"":""기상청"",""year"":2021,""url"":""https://www.kma.go.kr/kma/flexer/html/press/2021/12/23/ATC202112231916073_85b73f4a-2a60-4b89-b007-209beec48ad6.hwp.files/Sections1.html""}],""steps"":[""수도권 권역 표에서 현재 2.8일, 21세기 후반 24.1일을 인용(R)."",""중반기는 선형 보간(E).""],""assumptions"":[""도시열섬 효과의 미래 강화는 시나리오에 이미 부분 반영되어 있다고 전제(별도 가산 없음)""],""limits"":""열대야는 폭염보다 증가배수가 훨씬 큽니다(폭염 3.2배 vs 열대야 8.6배). 이는 최저기온이 최고기온보다 빠르게 오르기 때문이며, 적응대책이 낮 시간대 중심으로 설계되어 있다는 점에서 정책 사각지대를 시사합니다. 수도권 기준이라는 공간 한계는 S03-D3과 동일합니다."",""badge_reason"":""공표 표 인용 R, 보간점 E. 공간 대표성 한계로 신뢰도 '중'.""}",4
S03-I2,S03,연간 온열질환자 수,명,indirect,3,"10,13",negative,strong,E,low,"3,261명(2023-24 평균) → 약 6,100명(21세기 후반) 추정",,"[{""y"":2018,""v"":4526,""b"":""R"",""c"":""high""},{""y"":2023,""v"":2818,""b"":""R"",""c"":""high""},{""y"":2024,""v"":3704,""b"":""R"",""c"":""high""},{""y"":2050,""v"":5720,""b"":""E"",""c"":""low""},{""y"":2090,""v"":6132,""b"":""E"",""c"":""low""}]",,"{""definition"":""질병관리청 온열질환 응급실감시체계에 신고된 연간 온열질환자 수. K-SDGs 목표3(건강)의 기후 관련 건강영향 지표입니다."",""sources"":[{""title"":""2024년 여름철 온열질환자 3,704명(사망 34명), 전년(2,818명·32명) 대비 31.4% 증가"",""org"":""질병관리청"",""year"":2024,""url"":""https://www.kdca.go.kr/board/board.es?mid=a20501020000&bid=0015&list_no=726239&act=view""},{""title"":""2018년 온열질환자 4,526명·사망 48명(감시체계 개시 이후 최고치)"",""org"":""질병관리청"",""year"":2018,""url"":""https://kdca.go.kr/""},{""title"":""장래인구추계 65세 이상 비중·총인구"",""org"":""통계청"",""year"":2023,""url"":""https://www.korea.kr/briefing/policyBriefingView.do?newsId=156605259""}],""steps"":[""① 기준 발생률 산출: 2023~2024년 평균 환자 3,261명 ÷ 인구 5,133만 명 × 100만 = 63.5명/100만 명."",""② 폭염 탄력성 추정(M2): 2023년(전국 폭염일수 13.9일, 발생률 54.9) → 2024년(30.1일, 72.2)의 관측 2점으로부터 ε_heat = (+31.5%) ÷ (+116%) = 0.27 ≈ 0.30. 탄력성이 1보다 훨씬 작은 것은 냉방 보급·폭염경보 등 적응효과가 이미 작동하고 있음을 뜻합니다."",""③ 고령화 보정: 온열질환자의 30.4%가 65세 이상이고 고령층 사망 비중은 71%에 달합니다. 고령인구 비중이 1%p 오를 때 발생률이 2% 상승한다고 가정(ε_age = 0.02/%p)."",""④ 21세기 후반 계산: 폭염일수 7.8→25.0일(+220%) → 발생률 63.5 × (1 + 0.30×2.20) = 105.4. 고령비중 17.4%→47.7%(+30.3%p) → ×(1 + 0.02×30.3) = ×1.606 → 169.3명/100만 명."",""⑤ 인구 규모 반영: 169.3 × 36.22(백만 명, 2072년 총인구) = 6,132명."",""⑥ 2050년도 같은 절차: 폭염일수 16.0일, 고령비중 40.1%, 인구 4,711만 → 5,720명.""],""assumptions"":[""폭염 탄력성 0.30은 관측 2개년만으로 추정한 값입니다(표본이 극히 작음)"",""고령화 탄력성 0.02/%p는 온열질환자의 연령 구성비로부터 설정한 값이며 실증 추정치가 아닙니다"",""미래 적응수준(냉방 보급률, 무더위쉼터, 경보체계)이 현재 수준에서 더 개선되지 않는다고 가정 — 개선되면 과대추정"",""폭염일수는 수도권 권역 값을 전국 대리로 사용""],""limits"":""이 값은 정부 공식 전망이 아닌 이 대시보드의 추정입니다. 2018년(4,526명)과 2024년(3,704명)을 비교하면 폭염일수가 비슷해도 환자 수가 18% 줄었는데, 이는 적응이 실제로 작동한다는 증거입니다. 따라서 위 추정은 적응 개선을 반영하지 않은 상한 성격으로 보아야 합니다. 반대로 고령화 속도가 빠르다는 점은 추정을 하방 경직적으로 만듭니다. 자릿수와 방향으로만 읽으십시오."",""badge_reason"":""관측 실적치는 R, 미래 구간은 2단계 탄력성 모형에 의한 자체 추정이므로 E, 신뢰도 '하'.""}",5
S03-I3,S03,여름철 냉방 전력수요 증가율,% (현재 대비),indirect,7,"13,11",negative,medium,E,low,+8%(중반) → +14%(21세기 후반) 추정,,"[{""y"":2010,""v"":0,""b"":""S"",""c"":""high""},{""y"":2050,""v"":10.8,""b"":""E"",""c"":""low""},{""y"":2090,""v"":13.8,""b"":""E"",""c"":""low""}]",,"{""definition"":""기온 상승만으로 유발되는 여름철(6~8월) 냉방용 전력수요의 증가율. 기기 효율 개선이나 인구·산업 구조 변화는 제외한 순수 기온 효과입니다."",""sources"":[{""title"":""남한상세 기후변화 시나리오 기온 전망(SSP1-2.6 +1.8℃/+2.3℃)"",""org"":""기상청"",""year"":2021,""url"":""https://www.kma.go.kr/kma/flexer/html/press/2021/12/23/ATC202112231916073_85b73f4a-2a60-4b89-b007-209beec48ad6.hwp.files/Sections1.html""},{""title"":""기온-전력수요 민감도 연구(여름철 기온 1℃당 최대전력 5~7% 변동)"",""org"":""전력거래소·에너지경제연구원 계열 연구 통설"",""year"":2020,""url"":""https://www.keei.re.kr/""}],""steps"":[""① 탄력성 계수법(M2) 적용: 여름철 평균기온 1℃ 상승당 냉방 전력수요 6.0% 증가(국내 연구에서 통상 인용되는 5~7% 범위의 중앙값)."",""② 21세기 후반 기온 상승 +2.3℃ → 2.3 × 6.0% = 13.8%."",""③ 중반기 +1.8℃ → 10.8%.""],""assumptions"":[""기온-수요 관계가 선형이고 계수 6%/℃가 미래에도 유지된다고 가정"",""냉방기기 효율 개선 효과를 반영하지 않음(반영 시 증가율은 낮아짐)"",""냉방 보급률 상승 효과도 반영하지 않음(반영 시 증가율은 높아짐)""],""limits"":""6%/℃는 널리 인용되지만 출처가 단일 확정 문서가 아니라 여러 연구의 공통 범위입니다. 또한 실제 기온-수요 곡선은 임계온도(약 24℃) 위에서 급격히 꺾이는 비선형 구조라, 고온 구간이 길어지는 고탄소 시나리오(S04)에서는 선형 가정이 과소추정으로 이어집니다. 저탄소 경로인 S03에서는 오차가 상대적으로 작습니다."",""badge_reason"":""기온 전망은 공표값이지만 전력수요 환산 계수가 자체 채택이므로 E.""}",6
S03-I4,S03,쌀 단위면적당 생산성 변화,% (현재 대비),indirect,2,"1,13",negative,medium,B,low,"약 −8%(21세기 후반) 추정, 고탄소 경로의 약 1/3 수준 피해",,"[{""y"":2010,""v"":0,""b"":""S"",""c"":""high""},{""y"":2050,""v"":-4,""b"":""E"",""c"":""low""},{""y"":2090,""v"":-8,""b"":""B"",""c"":""low""}]",,"{""definition"":""기후변화만을 원인으로 한 벼 단위면적당 수량(10a당 kg)의 변화율. 품종개량·재배기술 발전 효과는 제외한 순수 기후 영향입니다."",""sources"":[{""title"":""기후변화에 따른 벼 생산성 전망 연구(고탄소 경로에서 21세기 말 20~25% 감소)"",""org"":""농촌진흥청 국립농업과학원 계열 연구"",""year"":2021,""url"":""https://www.rda.go.kr/""},{""title"":""IPCC AR6 WGII — 온난화 수준별 주요 곡물 수량 반응"",""org"":""IPCC"",""year"":2022,""url"":""https://www.ipcc.ch/report/ar6/wg2/""}],""steps"":[""① 국제 벤치마크법(M4): 국내 연구는 주로 고탄소 경로(RCP8.5/SSP5-8.5)에서 21세기 말 벼 수량 20~25% 감소를 제시합니다. 저탄소 경로에 대한 국내 정량 전망은 공표된 것을 찾지 못했습니다."",""② IPCC AR6가 제시하는 곡물 수량-온난화 반응이 온난화 수준에 대략 비례한다는 점을 이용해, 온난화 비율로 스케일링했습니다: 저탄소 +2.3℃ ÷ 고탄소 +6.3℃ = 0.365."",""③ 고탄소 피해 −22%(20~25%의 중앙값) × 0.365 = −8.0%."",""④ 중반기는 절반 수준인 −4.0%로 선형 배분.""],""assumptions"":[""수량 감소가 온난화 폭에 선형 비례한다고 가정(실제로는 임계온도 초과 시 급격히 악화되는 비선형)"",""CO₂ 시비효과(고농도 CO₂가 광합성을 촉진해 수량을 일부 상쇄)를 별도로 반영하지 않음"",""품종개량·재배시기 조정 등 적응대책 효과 미반영""],""limits"":""이 대시보드에서 근거가 가장 약한 지표 중 하나입니다. 국내 저탄소 경로 벼 생산성 공식 전망이 없어 고탄소 연구값을 온난화 비율로 나눈 것이며, 비선형성 때문에 실제 피해는 이보다 작을 가능성이 높습니다(저탄소에서는 임계온도 초과 빈도가 훨씬 낮음). 즉 과대추정 쪽으로 치우쳐 있습니다. 정책 수치로 인용해서는 안 됩니다."",""badge_reason"":""국내 정량 전망 부재로 해외·타 시나리오 값을 참조·환산했으므로 B(국제비교·대리), 중간연도 배분은 E.""}",7
S04-D1,S04,남한 연평균기온 상승폭,℃ (현재 대비),direct,13,"11,3",negative,strong,R,high,전반기 +1.5℃ → 후반기 +6.3℃,SSP5-8.5(고탄소),"[{""y"":2010,""v"":0,""b"":""R"",""c"":""high""},{""y"":2030,""v"":1.5,""b"":""R"",""c"":""high""},{""y"":2050,""v"":3.4,""b"":""E"",""c"":""low""},{""y"":2090,""v"":6.3,""b"":""R"",""c"":""high""}]","[{""name"":""SSP1-2.6(비교)"",""points"":[{""y"":2010,""v"":0},{""y"":2030,""v"":1.3},{""y"":2050,""v"":1.8},{""y"":2090,""v"":2.3}]}]","{""definition"":""2000~2019년 20년 평균 대비 남한 육상 연평균기온 상승폭(℃). 표시 연도는 기간 중앙값입니다."",""sources"":[{""title"":""SSP 기반 남한상세 기후변화 시나리오 — 고탄소(SSP5-8.5) 전반기 +1.5℃, 후반기 +6.3℃"",""org"":""기상청"",""year"":2021,""url"":""https://www.kma.go.kr/kma/flexer/html/press/2021/12/23/ATC202112231916073_85b73f4a-2a60-4b89-b007-209beec48ad6.hwp.files/Sections1.html""}],""steps"":[""보도자료 본문의 남한 평균 전망값을 인용(R)."",""중반기(2041~2060)는 남한 평균이 공표되지 않아, 고탄소 경로가 후반기로 갈수록 가속된다는 점을 반영해 2차식으로 보간했습니다: ΔT(t) = 1.5 + (6.3−1.5) × ((t−2030)/(2090−2030))² → 2050년 = 1.5 + 4.8×0.111 = 3.4℃(E)."",""선형 보간이라면 3.1℃가 되지만, 배출이 누적되는 경로에서는 승온이 가속되므로 2차식을 택했습니다.""],""assumptions"":[""중반기 보간에 2차 가속 함수 사용(선형 대비 +0.3℃ 차이)""],""limits"":""보간 함수 형태는 임의 선택입니다. 원 보고서의 중반기 표를 확인하면 반드시 대체해야 합니다. 전반기 값(+1.5℃)이 이미 관측된 승온과 비슷하다는 점에서 이 시나리오의 전반부는 현재 궤적과 크게 다르지 않습니다."",""badge_reason"":""공표 문장 값은 R, 자체 보간한 중반기만 E.""}",1
S04-D2,S04,남한 연강수량 변화율,% (현재 대비),direct,6,"13,11",negative,medium,R,high,후반기 +18% (저탄소 경로 +3%의 6배),SSP5-8.5(고탄소),"[{""y"":2010,""v"":0,""b"":""R"",""c"":""high""},{""y"":2030,""v"":0,""b"":""R"",""c"":""mid""},{""y"":2090,""v"":18,""b"":""R"",""c"":""high""}]","[{""name"":""SSP1-2.6(비교)"",""points"":[{""y"":2010,""v"":0},{""y"":2090,""v"":3}]}]","{""definition"":""2000~2019년 평균 대비 남한 연총강수량 변화율(%)."",""sources"":[{""title"":""SSP 기반 남한상세 기후변화 시나리오 — 고탄소 후반기 강수량 +18%"",""org"":""기상청"",""year"":2021,""url"":""https://www.kma.go.kr/kma/flexer/html/press/2021/12/23/ATC202112231916073_85b73f4a-2a60-4b89-b007-209beec48ad6.hwp.files/Sections1.html""}],""steps"":[""보도자료 본문의 남한 평균 강수량 변화율을 인용(R). 전반기는 '변화 없음' 서술을 0%로 수치화(신뢰도 중).""],""assumptions"":[""'변화 없음'을 0%로 수치화""],""limits"":""총량 +18%는 '물이 풍부해진다'는 뜻이 아닙니다. 대기 수증기 보유량 증가(클라우지우스-클라페이롱 관계, 1℃당 약 7%)로 호우가 강해지는 동시에 무강수 지속기간도 길어져, 홍수와 가뭄이 같은 해에 나타나는 형태가 됩니다. S09(물수급)와 함께 읽어야 합니다."",""badge_reason"":""공표값 인용, R.""}",2
S04-D3,S04,폭염일수(수도권 권역),일/년,direct,3,"13,11",negative,strong,R,mid,"7.8일 → 86.4일, 여름 3개월 중 대부분이 폭염",SSP5-8.5(고탄소),"[{""y"":2010,""v"":7.8,""b"":""R"",""c"":""mid""},{""y"":2050,""v"":40,""b"":""E"",""c"":""low""},{""y"":2090,""v"":86.4,""b"":""R"",""c"":""mid""}]","[{""name"":""SSP1-2.6(비교)"",""points"":[{""y"":2010,""v"":7.8},{""y"":2050,""v"":16},{""y"":2090,""v"":25}]}]","{""definition"":""일최고기온 33℃ 이상 일수(연간). 기상청 권역별 표의 수도권 행 값입니다."",""sources"":[{""title"":""SSP 기반 남한상세 기후변화 시나리오 권역별 극한기후지수(수도권)"",""org"":""기상청"",""year"":2021,""url"":""https://www.kma.go.kr/kma/flexer/html/press/2021/12/23/ATC202112231916073_85b73f4a-2a60-4b89-b007-209beec48ad6.hwp.files/Sections1.html""}],""steps"":[""현재 7.8일, 후반기 86.4일은 공표 표 값(R)."",""중반기는 S04-D1과 동일한 2차 가속 함수로 보간: 7.8 + (86.4−7.8)×((2050−2010)/(2090−2010))² = 7.8 + 78.6×0.25 = 27.5일. 다만 폭염일수는 기온 상승에 대해 기온보다 더 빠르게 증가(임계값 초과 빈도이므로 볼록 함수)하므로 40일로 상향 조정했습니다(E).""],""assumptions"":[""중반기 보간에 가속 함수 + 임계값 볼록성 보정(+12.5일)을 임의 적용""],""limits"":""중반기 보정폭은 근거가 약한 판단값입니다. 86.4일이라는 후반기 값은 6~8월(92일) 중 94%가 폭염이라는 뜻으로, 현행 폭염경보 체계와 옥외노동 규제가 사실상 상시 발동되는 상태를 의미합니다. 수도권 기준이므로 남부지방은 더 심합니다."",""badge_reason"":""공표 표 값 R, 보간·보정한 중반기 E. 공간 대표성 한계로 신뢰도 '중'.""}",3
S04-I1,S04,열대야일수(수도권 권역),일/년,indirect,11,"3,7",negative,strong,R,mid,"2.8일 → 74.2일, 26배 증가",SSP5-8.5(고탄소),"[{""y"":2010,""v"":2.8,""b"":""R"",""c"":""mid""},{""y"":2050,""v"":33,""b"":""E"",""c"":""low""},{""y"":2090,""v"":74.2,""b"":""R"",""c"":""mid""}]","[{""name"":""SSP1-2.6(비교)"",""points"":[{""y"":2010,""v"":2.8},{""y"":2050,""v"":13.5},{""y"":2090,""v"":24.1}]}]","{""definition"":""일최저기온 25℃ 이상 밤의 연간 일수(수도권 권역)."",""sources"":[{""title"":""SSP 기반 남한상세 기후변화 시나리오 권역별 극한기후지수(수도권)"",""org"":""기상청"",""year"":2021,""url"":""https://www.kma.go.kr/kma/flexer/html/press/2021/12/23/ATC202112231916073_85b73f4a-2a60-4b89-b007-209beec48ad6.hwp.files/Sections1.html""}],""steps"":[""공표 표 값 인용(R). 중반기는 폭염일수와 동일한 가속 보간(E).""],""assumptions"":[""중반기 보간 방식은 S04-D3과 동일""],""limits"":""26배라는 증가배수는 이 대시보드 전체에서 가장 큰 변화율입니다. 이는 열대야가 '평균기온이 임계선을 넘는 순간 급증하는' 임계 지표이기 때문으로, 냉방 없는 주거·비닐하우스 노동·축사 등에서 사망 위험이 임계적으로 커집니다."",""badge_reason"":""공표 표 값 R, 보간 E.""}",4
S04-I2,S04,연간 온열질환자 수,명,indirect,3,"10,13",negative,strong,E,low,"3,261명(2023-24 평균) → 약 14,900명(21세기 후반) 추정, 저탄소 경로의 2.4배",SSP5-8.5(고탄소),"[{""y"":2018,""v"":4526,""b"":""R"",""c"":""high""},{""y"":2023,""v"":2818,""b"":""R"",""c"":""high""},{""y"":2024,""v"":3704,""b"":""R"",""c"":""high""},{""y"":2050,""v"":9733,""b"":""E"",""c"":""low""},{""y"":2090,""v"":14865,""b"":""E"",""c"":""low""}]","[{""name"":""SSP1-2.6(비교)"",""points"":[{""y"":2024,""v"":3704},{""y"":2050,""v"":5720},{""y"":2090,""v"":6132}]}]","{""definition"":""질병관리청 온열질환 응급실감시체계 신고 기준 연간 온열질환자 수. 산출 모형은 S03-I2와 완전히 동일하며 입력하는 폭염일수만 SSP5-8.5 값으로 바꿨습니다."",""sources"":[{""title"":""2024년 온열질환자 3,704명(사망 34명) — 전년 대비 31.4% 증가"",""org"":""질병관리청"",""year"":2024,""url"":""https://www.kdca.go.kr/board/board.es?mid=a20501020000&bid=0015&list_no=726239&act=view""},{""title"":""장래인구추계 65세 이상 비중·총인구"",""org"":""통계청"",""year"":2023,""url"":""https://www.korea.kr/briefing/policyBriefingView.do?newsId=156605259""}],""steps"":[""① 기준 발생률 63.5명/100만 명(2023~2024년 평균)."",""② 폭염 탄력성 ε_heat = 0.30(관측 2개년으로부터 추정, S03-I2와 동일)."",""③ 21세기 후반 폭염일수 7.8→86.4일(+1,008%) → 발생률 63.5 × (1 + 0.30×10.08) = 255.5명/100만 명."",""④ 고령화 보정 ×1.606(고령비중 +30.3%p, ε_age=0.02/%p) → 410.4명/100만 명."",""⑤ 인구 3,622만 명 적용 → 410.4 × 36.22 = 14,865명."",""⑥ 2050년: 폭염일수 40.0일, 고령비중 40.1%, 인구 4,711만 → 9,733명.""],""assumptions"":[""S03-I2와 동일한 탄력성 가정을 사용(0.30, 0.02/%p)"",""적응수준이 현재에서 개선되지 않는다고 가정"",""탄력성이 폭염일수 +1,000% 구간까지 선형으로 유지된다고 가정 — 관측 범위를 크게 벗어난 외삽""],""limits"":""고탄소 경로에서는 외삽 폭이 관측 범위의 10배에 달해 신뢰도가 S03-I2보다도 낮습니다. 두 방향의 오차가 공존합니다. ① 적응(냉방 100% 보급, 근무시간 조정)이 진행되면 과대추정, ② 폭염일수가 86일에 이르면 열축적으로 인해 탄력성이 커지므로 과소추정. 두 시나리오의 상대적 배수(2.4배)를 읽는 용도로만 사용하십시오."",""badge_reason"":""실적치 R, 미래 전 구간 자체 추정 E, 신뢰도 '하'.""}",5
S04-I3,S04,사과 재배적지 면적,만 ha,indirect,2,"15,8",negative,strong,R,high,2090년대 재배적지 1.8만 ha(국토의 0.2%) — 현재 실제 재배면적 3.4만 ha의 절반,2090년대 재배적지,"[{""y"":2090,""v"":1.8,""b"":""R"",""c"":""high""}]","[{""name"":""2090년대 재배가능지"",""points"":[{""y"":2090,""v"":7.1}]},{""name"":""현재 실제 재배면적(2023)"",""ref"":true,""points"":[{""y"":2023,""v"":3.4}]}]","{""definition"":""농촌진흥청이 SSP5-8.5 기반 농업용 상세 전자기후도로 산출한 사과 '재배적지'(최적 생육조건 충족 지역)와 '재배가능지'(생육은 가능한 지역) 면적. 기후변화가 농업 생산기반의 지리적 분포 자체를 바꾸는 사례로 선정했습니다."",""sources"":[{""title"":""기후변화 시나리오(SSP5-8.5) 기반 과수 재배지 변동 예측 — 2090년대 사과 재배적지 1만 8천 ha(국토의 0.2%), 재배가능지 7만 1천 ha(0.7%), 2070년대에는 강원 일부에서만 재배 가능"",""org"":""농촌진흥청"",""year"":2022,""url"":""https://www.rda.go.kr/board/board.do?mode=view&prgId=day_farmprmninfoEntry&dataNo=100000778531""},{""title"":""농작물생산조사 — 사과 재배면적 약 3.4만 ha"",""org"":""통계청"",""year"":2024,""url"":""https://kostat.go.kr/""}],""steps"":[""농촌진흥청 발표값을 그대로 인용했습니다(R)."",""비교를 위해 현재 실제 사과 재배면적(약 3.4만 ha)을 참조선으로 함께 표시했습니다."",""핵심 해석: 2090년대 재배적지(1.8만 ha)가 현재 실재배면적(3.4만 ha)의 53% 수준으로, 현 규모의 사과 산업을 유지할 최적지가 사라진다는 의미입니다.""],""assumptions"":[""농진청 산출은 SSP5-8.5 기준이며 품종개량·재배기술 혁신 효과는 미반영""],""limits"":""재배적지 축소가 곧 생산량 감소는 아닙니다. 시설재배·고랭지 이전·저온성 품종 도입으로 상당 부분 상쇄될 수 있습니다. 다만 그 상쇄에는 생산비 상승이 따르므로 SDG2(식량안보)보다 SDG8(농가소득)에 먼저 영향이 나타납니다. 시계열이 아닌 단일 시점 값이라 추세는 표현되지 않습니다."",""badge_reason"":""공표된 연구 결과값을 그대로 인용, R.""}",6
S04-I4,S04,자연재해 재산피해액,억 원(불변가격),indirect,11,"1,13",negative,medium,E,low,"연평균 4,711억 원(최근 10년) → 약 9,800억 원(21세기 후반) 추정, 자산증가 제외",,"[{""y"":2020,""v"":4711,""b"":""R"",""c"":""high""},{""y"":2024,""v"":9107,""b"":""R"",""c"":""high""},{""y"":2050,""v"":6900,""b"":""E"",""c"":""low""},{""y"":2090,""v"":9752,""b"":""E"",""c"":""low""}]",,"{""definition"":""호우·태풍·대설 등 자연재난으로 인한 연간 재산피해액. 2020년 지점은 '최근 10년 연평균 4,711억 원'을 대표값으로 배치한 것이고, 2024년은 실제 단년 피해액입니다."",""sources"":[{""title"":""재해연보 — 2024년 자연재난 재산피해 9,107억 원, 최근 10년 평균 4,711억 원"",""org"":""행정안전부"",""year"":2025,""url"":""https://www.index.go.kr/unify/idx-info.do?idxCd=4289""},{""title"":""IPCC AR6 WGI — 온난화 1℃당 극한강수 강도 약 7% 증가(클라우지우스-클라페이롱 관계)"",""org"":""IPCC"",""year"":2021,""url"":""https://www.ipcc.ch/report/ar6/wg1/""}],""steps"":[""① 기준값: 최근 10년 연평균 재산피해 4,711억 원(R)."",""② 극한강수 강도 변화 산출: 클라우지우스-클라페이롱 관계로 온난화 1℃당 +7%. 21세기 후반 +6.3℃ → 강수강도 +44%."",""③ 피해액 탄력성(M2): 재해공학에서 침수피해액은 침수심·유량의 제곱에 가깝게 증가하므로 강수강도 탄력성 2.0을 채택. 피해액 증가율 = 1.44² − 1 = +107%."",""④ 4,711 × 2.07 = 9,752억 원(21세기 후반)."",""⑤ 2050년: +3.4℃ → 강수강도 +24% → 피해액 ×1.24² = 1.54 → 7,250억 원. 다만 방재인프라 투자 효과를 5% 반영해 6,900억 원으로 조정.""],""assumptions"":[""피해액-강수강도 탄력성 2.0은 재해공학 통설을 채택한 값이며 국내 실증 추정치가 아닙니다"",""자산가치 상승·도시화 진행에 따른 노출 증가를 반영하지 않음(반영하면 훨씬 커짐)"",""방재 인프라(하수도 확충, 기후대응댐, 지하방수로) 투자 효과를 2050년에만 5% 반영"",""인구감소로 인한 노출 감소도 반영하지 않음""],""limits"":""이 대시보드에서 불확실성이 가장 큰 지표입니다. 실제 피해액은 연도별 변동이 극심해(2024년 9,107억 원 vs 10년 평균 4,711억 원, 2배 차이) 평균값 기반 추정 자체가 취약합니다. 또한 재해 피해는 '평균'이 아니라 '극단'에서 발생하므로, 정책적으로 의미 있는 것은 연평균이 아니라 100년 빈도 사상의 피해 규모입니다. 이 지표는 방향성만 나타냅니다."",""badge_reason"":""실적치 R, 미래 구간은 물리적 관계식 + 임의 탄력성 조합의 자체 추정이므로 E, 신뢰도 '하'.""}",7
S05-D1,S05,국가 온실가스 총배출량,백만 톤 CO₂eq,direct,13,"7,12",positive,strong,R,high,727.6(2018 정점) → 624.2(2023) → 436.6(2030 목표) → 284~342(2035) → 0(2050),53% 감축안(하한),"[{""y"":2018,""v"":727.6,""b"":""R"",""c"":""high""},{""y"":2023,""v"":624.2,""b"":""R"",""c"":""high""},{""y"":2030,""v"":436.6,""b"":""S"",""c"":""high""},{""y"":2035,""v"":342,""b"":""S"",""c"":""high""},{""y"":2050,""v"":0,""b"":""R"",""c"":""high""}]","[{""name"":""61% 감축안(상한)"",""points"":[{""y"":2018,""v"":727.6},{""y"":2030,""v"":436.6},{""y"":2035,""v"":283.8},{""y"":2050,""v"":0}]}]","{""definition"":""LULUCF(토지이용·산림) 부문을 제외한 국가 온실가스 총배출량. 2050년은 흡수원·CCUS를 포함한 순배출 제로를 의미합니다."",""sources"":[{""title"":""2035 국가 온실가스 감축목표(NDC) 확정 — 2018년 대비 53~61% 감축"",""org"":""국무회의·2050 탄소중립녹색성장위원회"",""year"":2025,""url"":""https://www.korea.kr/news/policyNewsView.do?newsId=148954548""},{""title"":""2023년 온실가스 배출량 6억 2,420만 톤, 전년 대비 4.4% 감소(2년 연속 감소)"",""org"":""환경부 온실가스종합정보센터"",""year"":2024,""url"":""https://www.korea.kr/news/policyNewsView.do?newsId=156650514""}],""steps"":[""① 2018년 727.6, 2023년 624.2는 국가 온실가스 인벤토리 공표값(R)."",""② 2030년 목표는 감축률로만 고시되어 있어 직접 계산했습니다(S): 727.6 × (1 − 0.40) = 436.6 백만 톤."",""③ 2035년 하한(53%): 727.6 × 0.47 = 342.0 백만 톤. 상한(61%): 727.6 × 0.39 = 283.8 백만 톤(S)."",""④ 2050년은 탄소중립(순배출 0) 선언값(R)."",""⑤ 참고 계산: 2023년 실적은 2018년 대비 −14.2%로, 2030년 −40%까지 7년간 남은 감축폭이 25.8%p입니다.""],""assumptions"":[""감축률의 기준연도 배출량이 727.6 백만 톤으로 고정(인벤토리 소급 개정 시 목표 절대량도 변동)""],""limits"":""2023년 배출 감소는 상당 부분 경기·산업생산 둔화와 원전 이용률 상승에 기인해, 구조적 감축인지 경기 효과인지 분리되지 않았습니다. 또한 2035년 목표의 53~61% 범위는 폭이 58백만 톤(2023년 배출량의 9%)에 달해 하나의 값으로 다루기 어렵습니다. 그래프에서 기본선은 하한(53%)이고 상한은 보조선으로 표시했습니다."",""badge_reason"":""실적치와 정책 선언값은 R, 감축률을 절대량으로 환산한 값은 계산식을 공개했으므로 S.""}",1
S05-D2,S05,2035년 부문별 감축률(53%안 기준),% (2018년 대비),direct,13,"7,9",positive,strong,R,high,전환 68.8% vs 산업 24.3% — 감축 부담이 발전 부문에 집중,전환(발전),"[{""y"":2035,""v"":68.8,""b"":""R"",""c"":""high""}]","[{""name"":""수송"",""points"":[{""y"":2035,""v"":60.2}]},{""name"":""건물"",""points"":[{""y"":2035,""v"":53.6}]},{""name"":""산업"",""points"":[{""y"":2035,""v"":24.3}]},{""name"":""전체 평균"",""ref"":true,""points"":[{""y"":2035,""v"":53}]}]","{""definition"":""2035 NDC 하한(53%)안에서 각 부문이 2018년 대비 감축해야 하는 비율. 기본 계열은 전환(발전) 부문이며 나머지는 보조 계열입니다."",""sources"":[{""title"":""2035 NDC 부문별 감축률 — 전환 68.8%, 수송 60.2%, 건물 53.6%, 산업 24.3%"",""org"":""정부 발표(2025.11)"",""year"":2025,""url"":""https://www.korea.kr/news/policyNewsView.do?newsId=148954548""}],""steps"":[""정부 발표 부문별 감축률을 그대로 인용했습니다(R). 계산·가공 없음.""],""assumptions"":[""53% 하한안 기준. 61% 상한안의 부문별 배분은 별도 공표 확인 필요""],""limits"":""단일 시점 값이라 감축 경로(연도별 궤적)는 보이지 않습니다. 또한 산업 부문 감축률이 24.3%로 낮게 배분된 것은 국제경쟁력 고려에 따른 정책적 판단이며, 이 때문에 전환 부문이 68.8%라는 매우 높은 부담을 지게 됩니다. 전환 부문 감축은 발전믹스(S06)에 전적으로 의존하므로 두 시나리오를 함께 보아야 합니다."",""badge_reason"":""발표 수치 그대로 인용, R.""}",2
S05-D3,S05,발전 부문 배출권 유상할당 비율,%,direct,12,"13,7",positive,medium,R,mid,10%(3차 계획) → 2030년 50%로 단계적 상향,,"[{""y"":2023,""v"":10,""b"":""R"",""c"":""mid""},{""y"":2026,""v"":20,""b"":""E"",""c"":""low""},{""y"":2030,""v"":50,""b"":""R"",""c"":""high""}]",,"{""definition"":""배출권거래제에서 발전 사업자가 무상으로 받지 않고 경매로 구매해야 하는 배출권의 비율. 탄소가격 신호가 실제 전력가격에 전달되는 정도를 나타내며, SDG12(지속가능한 생산·소비)의 시장기반 수단 지표입니다."",""sources"":[{""title"":""제4차 배출권 할당계획(2026~2030) — 발전 부문 유상할당 비율 2030년 50%까지 단계적 상향, 산업 부문 약 95% 무상할당 유지"",""org"":""환경부·2050 탄소중립녹색성장위원회"",""year"":2025,""url"":""https://www.korea.kr/news/policyNewsView.do?newsId=148954548""}],""steps"":[""2030년 50%는 제4차 할당계획의 확정 목표(R)."",""제3차 계획기간(2021~2025)의 발전 부문 유상할당 비율 10%는 2차 경로 확인이라 신뢰도 '중'."",""2026년 값은 '단계적 상향'이라는 문언만 있어 두 끝점의 선형 경로로 20%를 배치했습니다(E).""],""assumptions"":[""10%에서 50%로 5년에 걸쳐 단조 증가한다고 가정""],""limits"":""연도별 상향 스케줄이 확정 공표되지 않아 중간 연도는 추정입니다. 또한 유상할당 비율 상승이 곧 배출 감소는 아니며, 전력시장 정산 구조상 비용이 소비자 요금으로 전가되는 정도에 따라 실효성이 달라집니다."",""badge_reason"":""확정 목표는 R, 중간 경로는 E.""}",3
S05-I1,S05,1인당 온실가스 배출량,톤 CO₂eq/인,indirect,13,"12,10",positive,strong,S,mid,14.1톤(2018) → 12.2톤(2023) → 6.2톤(2035) — OECD 평균(약 8.3톤) 아래로,한국,"[{""y"":2018,""v"":14.1,""b"":""S"",""c"":""high""},{""y"":2023,""v"":12.16,""b"":""S"",""c"":""high""},{""y"":2030,""v"":8.51,""b"":""S"",""c"":""mid""},{""y"":2035,""v"":6.17,""b"":""S"",""c"":""mid""}]","[{""name"":""OECD 평균(참조선)"",""ref"":true,""points"":[{""y"":2018,""v"":8.3},{""y"":2035,""v"":8.3}]}]","{""definition"":""국가 온실가스 총배출량을 총인구로 나눈 값. 국제 비교에서 한국이 가장 자주 지적받는 지표이며, 인구감소(S01)와 배출감축(S05)이 동시에 작동한다는 점에서 두 시나리오의 교차 지표입니다."",""sources"":[{""title"":""국가 온실가스 인벤토리(2018·2023 배출량)"",""org"":""환경부 온실가스종합정보센터"",""year"":2024,""url"":""https://www.korea.kr/news/policyNewsView.do?newsId=156650514""},{""title"":""장래인구추계 총인구"",""org"":""통계청"",""year"":2023,""url"":""https://www.korea.kr/briefing/policyBriefingView.do?newsId=156605259""},{""title"":""OECD 회원국 1인당 온실가스 배출량 평균(약 8~9톤 수준)"",""org"":""OECD/IEA"",""year"":2023,""url"":""https://www.oecd.org/environment/""}],""steps"":[""① 계산식: 1인당 배출량 = 총배출량(백만 톤) ÷ 총인구(백만 명)."",""② 2018년 = 727.6 ÷ 51.61 = 14.10 톤/인."",""③ 2023년 = 624.2 ÷ 51.33 = 12.16 톤/인."",""④ 2030년 = 436.6 ÷ 51.31 = 8.51 톤/인."",""⑤ 2035년 = 342.0 ÷ 50.69 = 6.17 톤/인. (2035년 인구는 S01의 2030·2040년 값을 선형 보간한 5,069만 명)"",""⑥ 해석: 2018→2035년 1인당 배출은 56% 감소하는데, 이 중 인구감소 기여분은 1.8%p에 불과하고 나머지는 배출 감축 기여분입니다. 즉 '인구가 줄어서 배출이 준다'는 통념은 이 기간에는 성립하지 않습니다.""],""assumptions"":[""2035년 인구는 S01 중위 추계의 보간값 사용"",""OECD 평균은 시간에 따라 변하지만 참조선은 고정값으로 표시""],""limits"":""분모(인구)와 분자(배출량)의 출처 기관과 갱신 주기가 달라 완전한 정합성은 없습니다. 2030·2035년은 목표 달성을 전제한 값이므로 '전망'이 아니라 '목표 달성 시의 값'입니다. OECD 참조선은 개략값이므로 정밀 비교에는 부적합합니다."",""badge_reason"":""두 공표값을 나눈 단순 계산이므로 S. 미래 시점은 목표 전제이므로 신뢰도 '중'.""}",4
S05-I2,S05,GDP 배출집약도,톤 CO₂eq / 10억 원(2015년 실질),indirect,9,"8,12",positive,strong,S,mid,"400(2018) → 312(2023) → 약 131(2035) 추정, 탈동조화 진행",,"[{""y"":2018,""v"":400,""b"":""R"",""c"":""high""},{""y"":2023,""v"":312,""b"":""R"",""c"":""high""},{""y"":2030,""v"":194,""b"":""E"",""c"":""low""},{""y"":2035,""v"":131,""b"":""E"",""c"":""low""}]",,"{""definition"":""실질 GDP 10억 원을 생산할 때 배출되는 온실가스 톤수. 경제성장과 배출의 '탈동조화(decoupling)' 진행 정도를 보여주는 SDG9(산업의 지속가능성) 지표입니다."",""sources"":[{""title"":""온실가스 배출 원단위 — 2018년 400에서 2023년 약 312로 감소"",""org"":""환경부 온실가스종합정보센터"",""year"":2024,""url"":""https://www.korea.kr/news/policyNewsView.do?newsId=156650514""},{""title"":""국민계정 실질 GDP(2015년 기준)"",""org"":""한국은행"",""year"":2024,""url"":""https://ecos.bok.or.kr/""},{""title"":""잠재성장률 전망(2025~2030년 1.5%, 2031~2040년 0.7%)"",""org"":""KDI"",""year"":2025,""url"":""https://www.kdi.re.kr/research/analysisView?art_no=3671""}],""steps"":[""① 검산: 2023년 배출 624.2 백만 톤 ÷ 실질 GDP 약 2,001조 원 = 312 톤/10억 원. 공표값과 일치함을 확인해 단위와 기준을 확정했습니다."",""② 미래 GDP 추정: S07의 잠재성장률(2025~2030년 1.5%, 2031~2040년 0.7%)을 적용해 2030년 2,251조 원, 2035년 2,389조 원으로 외삽(M3)."",""③ 2030년 = 436.6 ÷ 2,251 = 194 톤/10억 원."",""④ 2035년 = 342.0 ÷ 2,389 = 131 톤/10억 원."",""⑤ 해석: 2018~2035년 배출은 53% 줄지만 GDP는 31% 늘어, 배출집약도는 67% 개선됩니다.""],""assumptions"":[""잠재성장률이 실제 성장률과 같다고 가정(경기변동 무시)"",""2035년까지 NDC 하한(53%)을 정확히 달성한다고 전제"",""실질 GDP 기준연도(2015년) 유지""],""limits"":""분모인 미래 GDP가 S07의 잠재성장률 전망에 의존하므로, S07이 틀리면 이 지표도 함께 틀립니다. 또한 배출집약도 개선이 산업구조 변화(제조업 비중 하락)에서 오는 것인지 기술적 효율 개선에서 오는 것인지 구분하지 못합니다 — 전자라면 배출이 해외로 이전된 것일 뿐입니다(탄소누출)."",""badge_reason"":""실적치는 공표값 R, 미래 구간은 GDP 외삽이 들어가므로 E. 지표 대표 배지는 계산 성격을 반영해 S.""}",5
S05-I3,S05,CCUS 감축 목표량,백만 톤 CO₂eq,indirect,9,"13,12",mixed,medium,R,mid,2030년 11.2백만 톤 — 아직 상용화되지 않은 기술에 감축량의 3.8%를 배정,,"[{""y"":2023,""v"":0,""b"":""S"",""c"":""high""},{""y"":2030,""v"":11.2,""b"":""R"",""c"":""mid""}]",,"{""definition"":""탄소포집·활용·저장(CCUS)을 통해 2030년까지 감축하기로 목표한 온실가스량. 국내 직접 감축이 아닌 '기술 의존' 수단의 규모를 보여줍니다."",""sources"":[{""title"":""2030 NDC — CCUS를 통해 1,120만 톤 감축 목표"",""org"":""2050 탄소중립녹색성장위원회"",""year"":2023,""url"":""https://greenium.kr/news/24066/""}],""steps"":[""① 공표 목표량 1,120만 톤을 인용(R)."",""② 전체 감축량 대비 비중을 계산: 2018→2030 총 감축량은 727.6 − 436.6 = 291.0 백만 톤. 11.2 ÷ 291.0 = 3.8%(S)."",""③ 2023년 실적은 상업 규모 CCUS 설비가 가동되지 않아 0으로 표기했습니다.""],""assumptions"":[""국내 상업 규모 CCUS 실적이 사실상 0이라고 전제""],""limits"":""CCUS는 2025년 현재 국내에 상업 규모 설비가 없고, 동해가스전 활용 저장사업 등이 계획 단계입니다. 목표 달성 여부의 불확실성이 다른 감축수단보다 훨씬 큽니다. 이 지표를 '국내 직접감축 외 수단 의존도'의 대리로 볼 때, 국외감축(국제감축)까지 합치면 의존 비중은 더 커집니다 — 다만 국외감축 목표량은 이 대시보드에서 원문 확인을 완료하지 못해 지표에 포함하지 않았습니다."",""badge_reason"":""공표 목표량 인용 R, 비중 계산만 S. 2차 경로 확인이므로 신뢰도 '중'.""}",6
S05-I4,S05,산림 순흡수량,백만 톤 CO₂eq,indirect,15,13,negative,medium,E,low,"41.3백만 톤(2018) → 약 25.5백만 톤(2050) 추정, 산림 노령화로 흡수능 감소",,"[{""y"":2018,""v"":41.3,""b"":""R"",""c"":""high""},{""y"":2030,""v"":34.5,""b"":""E"",""c"":""low""},{""y"":2040,""v"":29.7,""b"":""E"",""c"":""low""},{""y"":2050,""v"":25.5,""b"":""E"",""c"":""low""}]",,"{""definition"":""LULUCF(토지이용·토지이용변화 및 임업) 부문의 순흡수량. 2050 탄소중립에서 '남는 배출'을 상쇄해야 하는 자연 흡수원의 용량을 나타냅니다. 흡수원 감소는 SDG15(육상생태계)의 문제이자 SDG13(기후행동)의 제약 조건입니다."",""sources"":[{""title"":""2019년 국가 온실가스 인벤토리 보고서 — 2018년 산림·농경지·초지·습지 총흡수 45.6, 총배출 4.3, 순흡수 41.3 백만 톤CO₂eq"",""org"":""환경부 온실가스종합정보센터"",""year"":2020,""url"":""https://www.forest.go.kr/newkfsweb/html/HtmlPage.do?pg=/fcm/UI_FCS_122010.html&mn=KFS_02_10_12_20_10&orgId=fcm""},{""title"":""산림 임령 구조 — 2020년 기준 생장이 둔화되는 31~50년생 산림이 75.4%"",""org"":""산림청"",""year"":2021,""url"":""https://www.forest.go.kr/""}],""steps"":[""① 2018년 순흡수량 41.3 백만 톤은 인벤토리 공표값(R)."",""② 흡수능 감소 근거: 국내 산림의 75.4%가 31~50년생으로, 임목 생장률이 정점을 지나 둔화되는 구간에 몰려 있습니다. 벌채·재조림 없이는 흡수량이 구조적으로 감소합니다."",""③ CAGR 외삽(M3): 순흡수량이 연 1.5%씩 감소한다고 가정. 2030년 = 41.3 × 0.985^12 = 34.5, 2040년 = 29.7, 2050년 = 25.5 백만 톤."",""④ 연 1.5%는 임령 분포와 생장곡선으로부터 설정한 개략값이며 산림청 공식 전망이 아닙니다.""],""assumptions"":[""감소율 1.5%/년은 이 대시보드가 설정한 값"",""대규모 산림전용(도시개발·태양광 설치)이나 산불로 인한 급격한 손실은 반영하지 않음"",""반대로 산림순환경영(벌채 후 재조림) 확대에 따른 흡수능 회복도 반영하지 않음""],""limits"":""정부는 2050 탄소중립 시나리오에서 흡수원 확대를 전제하고 있어, 이 추정치(감소 경로)와 정책 목표(유지·확대 경로)는 방향이 반대입니다. 어느 쪽이 실현될지는 산림경영 정책의 강도에 달려 있습니다. 이 지표는 '정책 개입이 없을 경우의 자연 추세'로 읽어야 하며, NDC의 흡수원 목표치와 직접 비교하면 안 됩니다. 또한 재생에너지 설비 확대(S06)가 산지에 집중되면 흡수원 손실이 가속됩니다 — 두 SDGs 목표(7과 15)의 상충 사례입니다."",""badge_reason"":""기준값만 R이고 전 전망구간이 자체 설정 감소율에 의존하므로 E, 신뢰도 '하'.""}",7
S06-D1,S06,무탄소 발전 비중,%,direct,7,"13,9",positive,strong,R,high,39.1%(2023) → 53.0%(2030) → 70.7%(2038),,"[{""y"":2023,""v"":39.1,""b"":""R"",""c"":""high""},{""y"":2030,""v"":53,""b"":""R"",""c"":""high""},{""y"":2038,""v"":70.7,""b"":""R"",""c"":""high""}]",,"{""definition"":""총 발전량 중 원자력·재생에너지·수소/암모니아 등 발전 과정에서 온실가스를 배출하지 않는 전원이 차지하는 비중."",""sources"":[{""title"":""제11차 전력수급기본계획 확정 — 무탄소 발전 비중 2023년 39.1% → 2030년 53.0% → 2038년 70.7%"",""org"":""산업통상자원부"",""year"":2025,""url"":""https://www.industrynews.co.kr/news/articleView.html?idxno=60527""}],""steps"":[""확정 계획의 공표 수치를 세 시점 모두 그대로 인용했습니다(R). 가공 없음.""],""assumptions"":[""'무탄소'에 원자력이 포함되는 정부 정의를 따름(EU 택소노미 등 국제 기준과 정의가 다를 수 있음)""],""limits"":""'무탄소'는 발전 단계만 본 개념으로, 원전의 사용후핵연료 문제나 태양광 패널의 전주기 배출은 포함하지 않습니다. SDG7(청정에너지)의 국제 지표는 통상 '재생에너지 비중'을 쓰므로, 국제 비교에는 D3를 사용해야 합니다."",""badge_reason"":""확정 계획의 공표값 인용, R.""}",1
S06-D2,S06,원자력 발전 비중,%,direct,7,"13,9",mixed,strong,R,mid,30.7%(2023) → 35.2%(2038),,"[{""y"":2023,""v"":30.7,""b"":""R"",""c"":""mid""},{""y"":2030,""v"":33,""b"":""E"",""c"":""low""},{""y"":2038,""v"":35.2,""b"":""R"",""c"":""high""}]",,"{""definition"":""총 발전량 중 원자력 발전이 차지하는 비중."",""sources"":[{""title"":""제11차 전력수급기본계획 — 2038년 원전 35.2%"",""org"":""산업통상자원부"",""year"":2025,""url"":""https://www.khan.co.kr/article/202502211941001""},{""title"":""에너지원별 발전량 현황(2023년 원자력 30.7%)"",""org"":""e-나라지표/한국전력"",""year"":2024,""url"":""https://www.index.go.kr/unity/potal/main/EachDtlPageDetail.do?idx_cd=1339""}],""steps"":[""2038년 35.2%는 확정 계획 공표값(R)."",""2023년 30.7%는 발전량 통계 인용(R, 2차 경로라 신뢰도 중)."",""2030년은 공표되지 않아 선형 보간(E).""],""assumptions"":[""신규 원전 준공 시점이 계획대로 진행"",""기존 원전 계속운전 승인이 순조롭게 이뤄짐""],""limits"":""원전 비중은 방향(SDG 영향)이 양면적이라 'mixed'로 분류했습니다. SDG7·13(저탄소 전력) 관점에서는 개선이지만, 사용후핵연료 처분장 미확보와 사고 리스크는 SDG11·12 관점에서 부담입니다. 이 대시보드는 어느 한쪽으로 판정하지 않고 양면을 함께 표기합니다."",""badge_reason"":""공표값 R, 보간점 E.""}",2
S06-D3,S06,재생에너지 발전 비중,%,direct,7,"13,9",positive,strong,R,mid,"8.4%(2023) → 29.2%(2038), 3.5배 확대 · 설비 125.9GW",,"[{""y"":2023,""v"":8.4,""b"":""S"",""c"":""mid""},{""y"":2030,""v"":20,""b"":""E"",""c"":""low""},{""y"":2038,""v"":29.2,""b"":""R"",""c"":""high""}]",,"{""definition"":""총 발전량 중 태양광·풍력·수력·바이오 등 재생에너지가 차지하는 비중. SDG7의 국제 표준 지표입니다."",""sources"":[{""title"":""제11차 전력수급기본계획 — 2038년 신재생 29.2%, 신재생 설비 125.9GW 보급"",""org"":""산업통상자원부"",""year"":2025,""url"":""https://www.epj.co.kr/news/articleView.html?idxno=34419""},{""title"":""무탄소 발전 비중 2023년 39.1%"",""org"":""산업통상자원부"",""year"":2025,""url"":""https://www.industrynews.co.kr/news/articleView.html?idxno=60527""}],""steps"":[""① 2038년 29.2%는 확정 계획 공표값(R)."",""② 2023년 값은 계획 문서의 정의와 맞추기 위해 역산했습니다(S): 무탄소 39.1% − 원자력 30.7% = 8.4%."",""③ 이 8.4%는 한국에너지공단의 '신재생에너지 발전비중'(폐기물·연료전지 포함 시 약 9.6%)과 정의가 달라 값이 다릅니다. 계획 내부 정합성을 위해 역산값을 채택했습니다."",""④ 2030년은 두 끝점 사이 보간이되, 초기 보급 속도가 후반보다 빠른 점을 반영해 20.0%로 배치(E).""],""assumptions"":[""무탄소 = 원자력 + 재생에너지로 단순 분해(수소·암모니아 발전은 2023년 실적이 0에 가까우므로 무시)""],""limits"":""재생에너지 통계는 정의(신에너지 포함 여부, 폐기물 포함 여부)에 따라 값이 1%p 이상 달라집니다. 이 지표는 전력수급기본계획 정의를 따르며, 한국에너지공단 보급통계나 IEA 기준과는 직접 비교할 수 없습니다."",""badge_reason"":""2038년 목표는 R, 2023년은 계획 내 값들의 차분으로 역산했으므로 S, 2030년은 보간 E.""}",3
S06-I1,S06,전력 계통 온실가스 배출계수,g CO₂/kWh,indirect,13,"7,9",positive,strong,E,low,"459g(2023) → 약 200g(2038) 추정, 57% 감소",,"[{""y"":2023,""v"":459,""b"":""R"",""c"":""high""},{""y"":2030,""v"":338,""b"":""E"",""c"":""low""},{""y"":2038,""v"":200,""b"":""E"",""c"":""low""}]",,"{""definition"":""전력 1kWh를 소비할 때 계통 평균으로 발생하는 CO₂ 배출량. 건물·수송·산업의 전기화가 실제로 배출을 줄이는지 판정하는 기준값이며, 기업의 Scope2 배출 계산에도 직접 쓰입니다."",""sources"":[{""title"":""국가 온실가스 배출계수 — 전력 간접배출계수 약 0.459 kgCO₂/kWh"",""org"":""온실가스종합정보센터"",""year"":2023,""url"":""https://www.gir.go.kr/""},{""title"":""제11차 전력수급기본계획 무탄소 비중"",""org"":""산업통상자원부"",""year"":2025,""url"":""https://www.industrynews.co.kr/news/articleView.html?idxno=60527""}],""steps"":[""① 기준값: 2023년 전력 배출계수 459 gCO₂/kWh(R)."",""② 화석발전 평균 배출계수 역산(S): 459 ÷ (1 − 0.391) = 754 gCO₂/kWh. 이는 석탄·LNG 혼합 평균입니다."",""③ 2038년에는 화석 잔여분에서 석탄이 줄고 LNG 비중이 커진다고 보아 화석 평균 배출계수를 754 → 680 gCO₂/kWh로 하향 조정(약 −10%)."",""④ 2038년 배출계수 = (1 − 0.707) × 680 = 199 ≈ 200 gCO₂/kWh."",""⑤ 2030년 = (1 − 0.530) × 720 = 338 gCO₂/kWh(화석 평균은 754와 680 사이 보간).""],""assumptions"":[""화석발전 내부 구성(석탄:LNG) 변화를 −10%(2038)라는 단일 계수로 근사했습니다"",""송배전 손실률 변화 미반영"",""무탄소 전원의 이용률이 기존과 동일하다고 가정(재생에너지 출력제어 미반영)""],""limits"":""정부가 공표한 미래 배출계수 전망은 존재하지 않아 전량 자체 추정입니다. 특히 재생에너지 비중이 30%에 근접하면 출력제어(curtailment)로 실제 발전량이 계획보다 줄어 배출계수가 추정보다 높아질 수 있습니다. 반대로 석탄 조기폐지가 가속되면 더 낮아집니다. 오차 범위는 ±50 gCO₂/kWh 이상으로 보아야 합니다."",""badge_reason"":""기준값만 R이고 미래 전 구간이 화석 평균 계수 가정에 의존하므로 E, 신뢰도 '하'.""}",4
S06-I2,S06,재생에너지 설비 소요 부지면적,km² (누적),indirect,15,"7,2",negative,medium,E,low,"2038년 태양광에만 약 1,000km² 필요 — 국토의 1.0%",,"[{""y"":2023,""v"":380,""b"":""E"",""c"":""low""},{""y"":2030,""v"":700,""b"":""E"",""c"":""low""},{""y"":2038,""v"":1008,""b"":""E"",""c"":""low""}]",,"{""definition"":""태양광 발전설비를 설치하는 데 필요한 누적 부지면적. 재생에너지 확대(SDG7)와 육상생태계·농지 보전(SDG15·2)이 충돌하는 지점을 정량화한 지표입니다."",""sources"":[{""title"":""제11차 전력수급기본계획 — 2038년까지 신재생에너지 설비 125.9GW 보급"",""org"":""산업통상자원부"",""year"":2025,""url"":""https://www.epj.co.kr/news/articleView.html?idxno=34419""},{""title"":""태양광 발전설비 단위면적 원단위(1MW당 약 1.3~1.5ha) — 국내 육상 태양광 실적 기준 통설"",""org"":""한국에너지공단 계열 자료"",""year"":2022,""url"":""https://www.knrec.or.kr/""}],""steps"":[""① 125.9GW 중 태양광 비중을 57%로 가정 → 태양광 설비 약 72GW."",""② 원단위 × 수량법(M1): 육상 태양광 1MW당 부지 1.4ha(1.3~1.5ha의 중앙값)."",""③ 72,000MW × 1.4ha = 100,800ha = 1,008 km²."",""④ 국토면적 100,443km² 대비 1.00%(S)."",""⑤ 2023·2030년은 설비 보급 경로를 선형 가정해 배분(E).""],""assumptions"":[""태양광:풍력 비중 57:43은 이 대시보드가 설정한 가정입니다(계획서에 세부 배분이 공표되지 않음)"",""원단위 1.4ha/MW는 육상 지상형 기준. 건물 옥상·수상 태양광 비중이 커지면 소요 면적은 크게 줄어듭니다"",""풍력의 부지면적(이격거리 포함)은 계산에서 제외 — 실제 총 소요면적은 이보다 큽니다""],""limits"":""가정이 세 겹으로 쌓인 추정이라 이 대시보드에서 신뢰도가 가장 낮은 축에 속합니다. 특히 옥상형·영농형·수상형 비중에 따라 결과가 절반으로 줄 수 있습니다. 이 지표의 목적은 정확한 면적 산출이 아니라 'SDG7 달성이 SDG15에 부담을 준다'는 상충 구조를 보여주는 데 있습니다. S05-I4(산림 순흡수량)와 함께 읽어야 합니다."",""badge_reason"":""전 구간이 다중 가정에 기반한 자체 추정, E·신뢰도 '하'.""}",5
S06-I3,S06,전환 부문 온실가스 배출량 지수,지수 (2018년 = 100),indirect,13,7,positive,strong,S,high,2035년 31.2 — 발전 부문이 국가 감축의 최대 부담을 짐,전환(발전) 부문,"[{""y"":2018,""v"":100,""b"":""R"",""c"":""high""},{""y"":2035,""v"":31.2,""b"":""S"",""c"":""high""}]","[{""name"":""산업 부문(비교)"",""points"":[{""y"":2018,""v"":100},{""y"":2035,""v"":75.7}]},{""name"":""국가 전체(비교)"",""points"":[{""y"":2018,""v"":100},{""y"":2035,""v"":47}]}]","{""definition"":""2018년을 100으로 놓은 전환(발전) 부문 온실가스 배출량 지수. 절대량 대신 지수를 쓴 이유는 부문별 기준연도 배출 절대값을 원문에서 확인하지 못했기 때문이며, 공표된 감축률만으로 정확히 계산할 수 있습니다."",""sources"":[{""title"":""2035 NDC 부문별 감축률 — 전환 68.8%, 산업 24.3%, 전체 53%"",""org"":""정부 발표(2025.11)"",""year"":2025,""url"":""https://www.korea.kr/news/policyNewsView.do?newsId=148954548""}],""steps"":[""① 지수 = 100 × (1 − 감축률)."",""② 전환 부문 = 100 × (1 − 0.688) = 31.2."",""③ 산업 부문 = 100 × (1 − 0.243) = 75.7."",""④ 국가 전체 = 100 × (1 − 0.530) = 47.0."",""⑤ 해석: 전환 부문은 2018년 배출의 3분의 1 이하로 줄여야 하는 반면 산업 부문은 4분의 3을 유지합니다. S06의 발전믹스 전환이 실패하면 국가 목표 전체가 무너지는 구조입니다.""],""assumptions"":[""53% 하한안 기준의 부문별 감축률 적용""],""limits"":""지수라서 부문 간 절대 규모 비교는 불가능합니다. 전환 부문의 2018년 배출 절대량(약 2억 7천만 톤 수준으로 알려짐)을 원문에서 확인하면 절대량 지표로 바꾸는 것이 더 유용합니다."",""badge_reason"":""공표 감축률로부터의 단순 산술 변환이므로 S, 신뢰도 '상'.""}",6
S06-I4,S06,에너지 수입의존도,%,indirect,7,"8,17",positive,medium,E,low,약 93%(2023) → 약 82%(2038) 추정,,"[{""y"":2023,""v"":92.8,""b"":""B"",""c"":""mid""},{""y"":2030,""v"":87.5,""b"":""E"",""c"":""low""},{""y"":2038,""v"":82,""b"":""E"",""c"":""low""}]",,"{""definition"":""1차 에너지 공급 중 수입 에너지가 차지하는 비율. 에너지 안보(SDG7)와 무역수지(SDG8·17)에 직결되며, 재생에너지 확대가 가져오는 가장 큰 부수효과입니다."",""sources"":[{""title"":""에너지통계연보 — 우리나라 에너지 수입의존도 약 92~94%(원자력 연료를 수입으로 계상)"",""org"":""에너지경제연구원"",""year"":2024,""url"":""https://www.keei.re.kr/""},{""title"":""제11차 전력수급기본계획 재생에너지 확대 계획"",""org"":""산업통상자원부"",""year"":2025,""url"":""https://www.epj.co.kr/news/articleView.html?idxno=34419""}],""steps"":[""① 기준값 92.8%는 에너지통계연보의 통상 인용 범위(92~94%)의 중앙값을 채택(B — 원문 표를 직접 확인하지 못하고 통설 범위를 사용)."",""② 재생에너지는 전량 국산 1차에너지로 계상되므로, 발전 부문에서 재생에너지 비중이 8.4% → 29.2%로 늘면 그만큼 수입 화석연료가 대체됩니다."",""③ 전력이 1차에너지 공급에서 차지하는 비중을 약 40%로 보고, 발전 부문 재생 확대분(+20.8%p)을 가중: 20.8%p × 0.40 × 1.3(발전효율 보정) ≈ 10.8%p 감소."",""④ 92.8 − 10.8 = 82.0%(2038).""],""assumptions"":[""1차에너지 중 전력 비중 40%, 발전효율 보정계수 1.3은 이 대시보드가 설정한 값"",""수송·산업 부문의 전기화 진전에 따른 석유 수입 감소는 반영하지 않음(반영 시 더 크게 하락)"",""원자력 연료(우라늄)를 수입으로 계상하는 기준을 유지""],""limits"":""기준값 자체가 원문 표 확인이 아닌 통설 범위 채택이고, 환산 과정에도 임의 계수가 두 개 들어갑니다. 92.8% → 82.0%라는 변화의 방향과 대략적 크기만 의미가 있습니다. 원자력을 준국산으로 계상하는 기준(정부 일부 자료)에서는 현재 수치가 80%대로 낮아지므로 기준을 반드시 확인해야 합니다."",""badge_reason"":""기준값은 통설 범위 채택으로 B, 전망은 자체 환산이므로 E, 신뢰도 '하'.""}",7
S07-D1,S07,잠재성장률,%,direct,8,"9,1",negative,strong,R,high,1.5%(2025-30) → 0.7%(2031-40) → 0.1%(2041-50),KDI 기준 시나리오,"[{""y"":2027,""v"":1.5,""b"":""R"",""c"":""high""},{""y"":2035,""v"":0.7,""b"":""R"",""c"":""high""},{""y"":2045,""v"":0.1,""b"":""R"",""c"":""high""}]","[{""name"":""한국은행 전망(2045년)"",""points"":[{""y"":2045,""v"":0.6}]}]","{""definition"":""물가 상승 압력 없이 달성 가능한 실질 GDP 증가율. 표시 연도는 각 전망 구간의 중앙값입니다(2027=2025~2030, 2035=2031~2040, 2045=2041~2050)."",""sources"":[{""title"":""잠재성장률 전망과 정책적 시사점 — 기준 시나리오 2025~2030년 1.5%, 2031~2040년 0.7%, 2041~2050년 0.1%"",""org"":""KDI"",""year"":2025,""url"":""https://www.kdi.re.kr/research/analysisView?art_no=3671""},{""title"":""한국은행 장기 잠재성장률 전망 — 2045년 0.6%"",""org"":""한국은행"",""year"":2024,""url"":""https://www.bok.or.kr/""}],""steps"":[""KDI 기준 시나리오의 구간별 값을 그대로 인용(R)."",""한국은행 전망(2045년 0.6%)을 보조 계열로 병기해 기관 간 편차를 드러냈습니다.""],""assumptions"":[""구간 평균값을 구간 중앙 연도의 값으로 표시""],""limits"":""잠재성장률은 사후적으로만 추정 가능한 잠재변수라 기관마다 값이 다릅니다. KDI(2045년 0.1%)와 한국은행(0.6%)의 0.5%p 차이는 총요소생산성 가정의 차이에서 옵니다. 어느 쪽이든 1% 미만이라는 점은 공통입니다. 또한 KDI는 2040년대 역성장 가능성도 언급했습니다."",""badge_reason"":""국책연구기관 보고서의 공표 수치를 그대로 인용, R.""}",1
S07-D2,S07,GDP 대비 국가채무비율,%,direct,17,"8,1",negative,strong,R,mid,"약 50%(2025) → 156.3%(2065), 시나리오 폭 133.0~173.4%",기준 시나리오,"[{""y"":2025,""v"":50,""b"":""E"",""c"":""mid""},{""y"":2035,""v"":63.3,""b"":""E"",""c"":""low""},{""y"":2045,""v"":87.6,""b"":""E"",""c"":""low""},{""y"":2055,""v"":119,""b"":""E"",""c"":""low""},{""y"":2065,""v"":156.3,""b"":""R"",""c"":""high""}]","[{""name"":""성장악화(상한)"",""points"":[{""y"":2025,""v"":50},{""y"":2065,""v"":173.4}]},{""name"":""성장대응(하한)"",""points"":[{""y"":2025,""v"":50},{""y"":2065,""v"":133}]},{""name"":""인구악화"",""points"":[{""y"":2065,""v"":169.6}]},{""name"":""인구대응"",""points"":[{""y"":2065,""v"":144.7}]}]","{""definition"":""국가채무(D1 기준)를 명목 GDP로 나눈 비율. 재정 지속가능성의 표준 지표이며, K-SDGs 목표17(이행수단·재원)의 국내 재원조달 능력과 직결됩니다."",""sources"":[{""title"":""제3차 장기재정전망(2025~2065) — 2065년 국가채무비율 기준 156.3%, 인구대응 144.7%, 인구악화 169.6%, 성장대응 133.0%, 성장악화 173.4%"",""org"":""국회예산정책처"",""year"":2025,""url"":""https://dailian.co.kr/news/view/1544008/""}],""steps"":[""① 2065년 5개 시나리오 값은 NABO 공표값(R)."",""② 출발점(2025년)은 약 50%로 배치했습니다. 2025년 본예산 기준 국가채무 약 1,270조 원 ÷ 명목 GDP 약 2,600조 원 ≈ 49%. 반올림해 50%로 표기하고 E 배지를 부여했습니다(NABO 전망의 정확한 출발값을 원문에서 확인하지 못했기 때문)."",""③ 중간 연도는 채무비율이 후반으로 갈수록 가속하는 점(이자 복리 + 고령화 지출 급증)을 반영해 지수 1.5의 멱함수로 보간(M3): V(t) = 50 + 106.3 × ((t−2025)/40)^1.5."",""④ 예) 2045년 = 50 + 106.3 × 0.5^1.5 = 50 + 37.6 = 87.6%.""],""assumptions"":[""보간 지수 1.5는 이 대시보드가 설정한 값(선형이면 2045년 78.2%, 지수 2.0이면 76.6%)"",""출발값 50%는 D1(국가채무) 기준. D2(일반정부 부채) 기준이면 60%대로 더 높습니다""],""limits"":""중간 연도는 전부 이 대시보드의 보간값입니다. NABO 원 보고서에는 연도별 경로가 수록되어 있으므로 반드시 원문 표로 대체해야 합니다. 또한 '무정책' 가정이므로 이 경로는 예측이 아니라 개혁 없이 방치할 경우의 시나리오입니다. 실제로 2065년에 채무비율 156%가 실현되기 전에 재정준칙·증세·지출개혁 중 하나가 작동할 가능성이 높습니다."",""badge_reason"":""2065년 종점은 공표값 R, 출발점과 중간 경로는 자체 보간이므로 E.""}",2
S07-D3,S07,GDP 대비 의무지출 비율,%,direct,1,"3,17",mixed,strong,R,high,"13.7%(2025) → 23.3%(2065), 재량지출 여력 잠식",,"[{""y"":2025,""v"":13.7,""b"":""R"",""c"":""high""},{""y"":2035,""v"":16.1,""b"":""E"",""c"":""low""},{""y"":2045,""v"":18.5,""b"":""E"",""c"":""low""},{""y"":2055,""v"":20.9,""b"":""E"",""c"":""low""},{""y"":2065,""v"":23.3,""b"":""R"",""c"":""high""}]",,"{""definition"":""법률에 따라 지출 규모가 자동으로 결정되는 의무지출(연금·건강보험·기초연금·아동수당 등)이 GDP에서 차지하는 비율. 이 비율이 오를수록 정부가 재량으로 배분할 수 있는 예산(교육·R&D·SOC·기후대응)의 여지가 줄어듭니다."",""sources"":[{""title"":""제3차 장기재정전망 — GDP 대비 의무지출 비율 2025년 13.7% → 2065년 23.3%"",""org"":""국회예산정책처"",""year"":2025,""url"":""https://dailian.co.kr/news/view/1544008/""}],""steps"":[""양 끝점은 NABO 공표값(R)."",""중간 연도는 선형 보간(E). 의무지출은 수급자 수 증가에 따라 비교적 완만하게 늘어나므로 채무비율과 달리 선형 가정이 무리하지 않다고 판단했습니다.""],""assumptions"":[""현행 연금·건강보험 제도가 유지된다는 무정책 가정"",""구간 내 선형 증가""],""limits"":""방향을 'mixed'로 분류한 이유는, 의무지출 증가가 SDG1(사회안전망)·SDG3(보건) 관점에서는 급여 확대라는 긍정 측면을 갖기 때문입니다. 문제는 규모가 아니라 재원 조달 방식이며, 조세 없이 채무로 조달하면 세대 간 형평(SDG10)이 악화됩니다."",""badge_reason"":""양 끝점은 공표값 R, 보간점만 E.""}",3
S07-I1,S07,국민연금 기금 소진 예상 시점,연도,indirect,1,"10,17",positive,strong,R,mid,"2055년(개혁 전) → 2064년(2025년 연금개혁 반영), 9년 연장",,"[{""y"":2023,""v"":2055,""b"":""R"",""c"":""high""},{""y"":2025,""v"":2064,""b"":""R"",""c"":""mid""}]",,"{""definition"":""국민연금 적립기금이 소진되어 부과방식으로 전환되는 예상 연도. x축은 전망이 발표된 시점, y축은 그 시점 기준의 소진 예상 연도입니다."",""sources"":[{""title"":""제5차 국민연금 재정계산 — 2041년 수지적자 전환, 2055년 기금 소진"",""org"":""보건복지부 국민연금재정추계전문위원회"",""year"":2023,""url"":""https://www.mohw.go.kr/""},{""title"":""2025년 국민연금법 개정(보험료율 9%→13%, 소득대체율 43%) — 소진 시점 2064년으로 연장"",""org"":""보건복지부·국회"",""year"":2025,""url"":""https://www.mohw.go.kr/""}],""steps"":[""제5차 재정계산의 공표값(2055년)과, 2025년 연금개혁 입법 후 정부가 제시한 연장 시점(2064년)을 인용했습니다."",""계산·가공은 없습니다.""],""assumptions"":[""개정된 보험료율 13%가 예정대로 단계 인상되고 기금운용수익률 가정이 유지됨""],""limits"":""2064년이라는 값은 개혁 직후 제시된 추계로, 차기 재정계산(제6차)에서 조정될 수 있어 신뢰도를 '중'으로 두었습니다. 또한 '기금 소진'이 곧 '연금 미지급'을 뜻하지는 않습니다 — 부과방식으로 전환되면 그해 보험료로 그해 급여를 지급하므로, 실질적 문제는 그때의 보험료율 부담(S01-I2 노년부양비 104명과 직결)입니다."",""badge_reason"":""공표 추계값을 그대로 인용, R.""}",4
S07-I2,S07,GDP 대비 국민부담률,%,indirect,17,"10,1",mixed,medium,B,low,"약 32%(2022) — OECD 평균 34%보다 낮음, 의무지출 23.3% 감당하려면 상승 불가피",한국,"[{""y"":2022,""v"":32,""b"":""B"",""c"":""mid""},{""y"":2040,""v"":36,""b"":""E"",""c"":""low""},{""y"":2065,""v"":42,""b"":""E"",""c"":""low""}]","[{""name"":""OECD 평균(참조선)"",""ref"":true,""points"":[{""y"":2022,""v"":34},{""y"":2065,""v"":34}]}]","{""definition"":""조세와 사회보장기여금의 합계가 GDP에서 차지하는 비율. 복지지출을 감당할 재원 조달 수준을 나타내며, SDG17(국내 재원 동원)의 핵심 지표입니다."",""sources"":[{""title"":""Revenue Statistics — 한국 국민부담률 약 32%, OECD 평균 약 34%"",""org"":""OECD"",""year"":2023,""url"":""https://www.oecd.org/tax/revenue-statistics.htm""},{""title"":""제3차 장기재정전망 — GDP 대비 의무지출 2065년 23.3%"",""org"":""국회예산정책처"",""year"":2025,""url"":""https://dailian.co.kr/news/view/1544008/""}],""steps"":[""① 현재값 32.0%는 OECD 통계의 통상 인용값(B — 원 표를 직접 확인하지 않고 범위 중앙값 채택)."",""② 미래 경로는 '채무비율을 156%에서 안정시키려면 국민부담률이 얼마나 올라야 하는가'를 역산한 규범적 추정입니다."",""③ 의무지출이 GDP 대비 9.6%p(13.7→23.3) 늘고, 재량지출을 현 수준에서 유지한다고 가정하면 총지출은 약 9.6%p 증가합니다."",""④ 이 중 절반을 증세로, 절반을 채무로 조달한다고 가정하면 국민부담률은 약 4.8%p 상승 → 2065년 약 37%. 여기에 사회보험료율 인상(국민연금 9→13%, 건강보험료 상승)의 GDP 대비 효과 약 5%p를 더해 42%로 배치했습니다.""],""assumptions"":[""증세:채무 조달 비율 50:50은 이 대시보드가 설정한 가정"",""재량지출이 GDP 대비 현 수준으로 유지된다고 가정"",""사회보험료 인상 효과 5%p도 개략 추정""],""limits"":""미래값은 예측이 아니라 '재정을 지속가능하게 하려면 이 정도가 필요하다'는 규범적 계산입니다. 실제로는 증세 대신 급여 삭감이나 지출 구조조정이 선택될 수 있습니다. 방향을 'mixed'로 둔 이유는 국민부담률 상승이 SDG1·10(재분배) 관점에서는 개선이지만 SDG8(성장) 관점에서는 부담이기 때문입니다."",""badge_reason"":""현재값은 국제기구 통계 인용이라 B, 미래는 규범적 자체 추정이라 E, 신뢰도 '하'.""}",5
S07-I3,S07,GDP 대비 연구개발(R&D) 투자 비율,%,indirect,9,"8,17",mixed,medium,R,mid,"5.21%(2022, 세계 2위) — 성장률 하락을 되돌릴 유일한 변수이자 재정압박의 첫 희생 후보",한국,"[{""y"":2015,""v"":4.22,""b"":""R"",""c"":""mid""},{""y"":2022,""v"":5.21,""b"":""R"",""c"":""high""},{""y"":2040,""v"":5,""b"":""E"",""c"":""low""}]","[{""name"":""OECD 평균(참조선)"",""ref"":true,""points"":[{""y"":2022,""v"":2.7}]}]","{""definition"":""총 연구개발비가 GDP에서 차지하는 비율. K-SDGs 목표9의 대표 지표이며, 잠재성장률의 세 요소(노동·자본·생산성) 중 유일하게 정책으로 끌어올릴 수 있는 총요소생산성의 선행지표입니다."",""sources"":[{""title"":""연구개발활동조사 — 2022년 GDP 대비 R&D 5.21%(이스라엘에 이어 세계 2위)"",""org"":""과학기술정보통신부·한국과학기술기획평가원"",""year"":2023,""url"":""https://www.msit.go.kr/""},{""title"":""Main Science and Technology Indicators — OECD 평균 약 2.7%"",""org"":""OECD"",""year"":2023,""url"":""https://www.oecd.org/sti/msti.htm""}],""steps"":[""실적치는 공표값 인용(R)."",""2040년 값은 두 힘이 상충한다는 판단하에 현 수준 유지(5.0%)로 배치했습니다(E): ① 의무지출 증가로 정부 R&D 재량예산이 압박받는 하방 요인, ② 생산성 향상이 유일한 성장 경로라는 인식에 따른 상방 요인."",""즉 2040년 값은 전망이라기보다 '현 수준 유지 시나리오'입니다.""],""assumptions"":[""민간 R&D 비중(약 79%)이 유지되고 기업 투자 여력이 급감하지 않음""],""limits"":""2040년 값은 근거 있는 전망이 아니라 기준선 표시입니다. 방향을 'mixed'로 둔 이유는 R&D 투자 자체는 SDG9의 개선이지만, 재정압박 상황에서 이 수준을 유지하는 것이 다른 지출(SDG1·3·4)을 희생시킬 수 있기 때문입니다. 또한 R&D 투자 비율이 세계 2위인데도 잠재성장률이 하락한다는 점은 투입 대비 성과(효율)의 문제를 시사합니다."",""badge_reason"":""실적치 R, 미래는 기준선 성격의 E.""}",6
S07-I4,S07,GNI 대비 ODA 비율,%,indirect,17,"10,1",negative,weak,B,low,"0.21%(2023) — UN 권고 0.7%의 30%, 재정압박 시 가장 먼저 축소되는 항목",한국,"[{""y"":2015,""v"":0.14,""b"":""B"",""c"":""mid""},{""y"":2023,""v"":0.21,""b"":""B"",""c"":""mid""},{""y"":2040,""v"":0.2,""b"":""E"",""c"":""low""}]","[{""name"":""UN 권고 기준"",""ref"":true,""points"":[{""y"":2015,""v"":0.7},{""y"":2040,""v"":0.7}]},{""name"":""DAC 회원국 평균"",""ref"":true,""points"":[{""y"":2023,""v"":0.37}]}]","{""definition"":""공적개발원조(ODA) 지출액이 국민총소득(GNI)에서 차지하는 비율. K-SDGs 목표17의 국제협력 대표 지표이며, UN은 0.7%를 권고합니다."",""sources"":[{""title"":""Development Co-operation Profiles — 한국 ODA/GNI 약 0.21%(2023), DAC 평균 약 0.37%"",""org"":""OECD DAC"",""year"":2024,""url"":""https://www.oecd.org/dac/""}],""steps"":[""실적치는 OECD DAC 통계의 통상 인용값을 채택(B — 원 표 직접 확인은 하지 못했습니다)."",""2040년 값은 재정압박(D2·D3)하에서 의무지출이 아닌 재량지출인 ODA가 실질 증액되기 어렵다고 보아 현 수준 유지로 배치(E).""],""assumptions"":[""ODA가 의무지출이 아닌 재량지출로 남아 있음"",""국제사회 압력이 현 수준에서 크게 강화되지 않음""],""limits"":""이 지표는 이 대시보드에서 시나리오와의 인과 연결이 가장 약합니다(강도 'weak'). 재정압박이 ODA를 줄인다는 것은 논리적 추론이지 실증된 관계가 아니며, 실제로 한국 ODA는 재정적자 확대기에도 증가해 왔습니다. SDG17의 국제적 책무가 국내 재정 제약과 충돌하는 구조를 보여주는 참조 지표로만 사용하십시오."",""badge_reason"":""국제기구 통계 인용 B, 미래는 기준선 성격의 E, 신뢰도 '하'.""}",7
S08-D1,S08,PM2.5 전국 연평균 농도,㎍/㎥,direct,11,"3,13",positive,strong,R,high,26(2015) → 18(2022) → 13(2027) → 12(2032),전국 연평균 농도,"[{""y"":2015,""v"":26,""b"":""R"",""c"":""high""},{""y"":2022,""v"":18,""b"":""R"",""c"":""high""},{""y"":2027,""v"":13,""b"":""R"",""c"":""high""},{""y"":2032,""v"":12,""b"":""R"",""c"":""high""}]","[{""name"":""국내 대기환경기준(15)"",""ref"":true,""points"":[{""y"":2015,""v"":15},{""y"":2032,""v"":15}]},{""name"":""WHO 권고(5)"",""ref"":true,""points"":[{""y"":2015,""v"":5},{""y"":2032,""v"":5}]}]","{""definition"":""전국 도시대기측정망의 초미세먼지(PM2.5) 연평균 농도(황사 발생일 제외). K-SDGs 목표11.6(도시 대기질)의 대표 지표입니다."",""sources"":[{""title"":""제3차 대기환경개선 종합계획 — 2015년 26㎍/㎥, 2022년 18㎍/㎥, 2027년 13㎍/㎥, 2032년 12㎍/㎥ 목표"",""org"":""환경부"",""year"":2022,""url"":""https://m.korea.kr/news/policyNewsView.do?newsId=148909855""},{""title"":""WHO Global Air Quality Guidelines — PM2.5 연평균 권고 5㎍/㎥"",""org"":""WHO"",""year"":2021,""url"":""https://www.who.int/publications/i/item/9789240034228""}],""steps"":[""네 시점 모두 계획 문서의 공표값을 그대로 인용(R)."",""비교를 위해 국내 대기환경기준(연평균 15㎍/㎥)과 WHO 2021 권고(5㎍/㎥)를 참조선으로 병기했습니다.""],""assumptions"":[""황사일 제외 기준 유지""],""limits"":""연평균 농도는 고농도 사건(겨울철 정체 시 100㎍/㎥ 초과)의 건강영향을 나타내지 못합니다. 또한 전국 평균이라 수도권·충남 등 고농도 지역의 실태를 가립니다. 목표를 달성해도 WHO 권고(5㎍/㎥)의 2.4배 수준에 머문다는 점이 이 지표의 핵심 메시지입니다."",""badge_reason"":""계획 문서의 목표·실적값을 그대로 인용, R.""}",1
S08-D2,S08,오존 1시간 환경기준 달성률,%,direct,11,3,positive,medium,R,high,41%(현재) → 45%(2027) → 50%(2032) — 절반은 여전히 미달성,,"[{""y"":2021,""v"":41,""b"":""R"",""c"":""high""},{""y"":2027,""v"":45,""b"":""R"",""c"":""high""},{""y"":2032,""v"":50,""b"":""R"",""c"":""high""}]",,"{""definition"":""전국 측정소 중 오존 1시간 환경기준(0.1ppm)을 달성한 측정소의 비율. 초미세먼지가 개선되는 동안 오존은 오히려 악화되어 온 점을 드러내기 위해 선정했습니다."",""sources"":[{""title"":""제3차 대기환경개선 종합계획 — 오존 1시간 환경기준 달성률 현재 41% → 2027년 45% → 2032년 50%"",""org"":""환경부"",""year"":2022,""url"":""https://zdnet.co.kr/view/?no=20221227144111""}],""steps"":[""계획 문서 공표값 인용(R). 기준연도가 '현재'로만 표기되어 계획 수립 직전인 2021년으로 배치했습니다.""],""assumptions"":[""'현재'를 2021년으로 해석""],""limits"":""오존은 기온 상승과 강한 일사에서 생성이 촉진되므로 S03·S04(기후 시나리오)의 승온이 이 목표 달성을 직접 방해합니다. 즉 대기질 정책과 기후변화가 상충하는 지점입니다. 목표 자체가 2032년에도 달성률 50%로, 절반의 측정소는 기준 미달인 상태를 전제하고 있습니다."",""badge_reason"":""계획 문서 공표값 인용, R.""}",2
S08-D3,S08,대기오염물질 배출량 감축률(2021년 대비),%,direct,12,"11,3",positive,strong,R,mid,"2027년 6~58%, 2032년 12~61% — 물질별 편차가 극심",감축률 하한(물질별 최소),"[{""y"":2027,""v"":6,""b"":""R"",""c"":""high""},{""y"":2032,""v"":12,""b"":""R"",""c"":""high""}]","[{""name"":""감축률 상한(물질별 최대)"",""points"":[{""y"":2027,""v"":58},{""y"":2032,""v"":61}]}]","{""definition"":""2021년 배출량 대비 대기오염물질(질소산화물·황산화물·휘발성유기화합물·암모니아·PM2.5 등)의 감축률. 기본 계열은 감축률이 가장 낮은 물질, 보조 계열은 가장 높은 물질입니다."",""sources"":[{""title"":""제3차 대기환경개선 종합계획 — 2021년 배출량 대비 물질별 배출량이 2027년 6~58%, 2032년 12~61% 감소 전망"",""org"":""환경부"",""year"":2022,""url"":""https://zdnet.co.kr/view/?no=20221227144111""}],""steps"":[""계획 문서의 감축률 범위를 하한·상한 두 계열로 나눠 표기했습니다(R). 물질별 개별 값은 원 계획서 부표를 확인해야 합니다.""],""assumptions"":[""범위의 하한·상한이 각각 특정 물질에 대응한다고 전제(어느 물질인지는 원문 미확인)""],""limits"":""6~61%라는 범위 폭이 워낙 커서 단일 지표로 해석하기 어렵습니다. 통상 황산화물·질소산화물은 감축이 빠르고 암모니아(농축산 유래)는 매우 느립니다. 암모니아는 2차 생성 초미세먼지의 핵심 전구물질이므로, 하한(12%)에 가까운 물질이 무엇인지가 목표 달성의 관건입니다. 물질별 값을 확인하기 전까지는 신뢰도 '중'입니다."",""badge_reason"":""공표된 범위를 그대로 인용, R. 물질 특정 불가로 신뢰도 '중'.""}",3
S08-I1,S08,WHO 권고기준 대비 초과배수,배,indirect,3,"11,10",positive,strong,S,high,5.2배(2015) → 2.4배(2032) — 목표를 달성해도 WHO 기준의 2배 이상,,"[{""y"":2015,""v"":5.2,""b"":""S"",""c"":""high""},{""y"":2022,""v"":3.6,""b"":""S"",""c"":""high""},{""y"":2027,""v"":2.6,""b"":""S"",""c"":""high""},{""y"":2032,""v"":2.4,""b"":""S"",""c"":""high""}]",,"{""definition"":""PM2.5 전국 연평균 농도를 WHO 2021년 개정 권고기준(연평균 5㎍/㎥)으로 나눈 값. 국내 목표가 국제 보건기준에서 얼마나 떨어져 있는지를 한 숫자로 보여줍니다."",""sources"":[{""title"":""제3차 대기환경개선 종합계획 PM2.5 목표"",""org"":""환경부"",""year"":2022,""url"":""https://m.korea.kr/news/policyNewsView.do?newsId=148909855""},{""title"":""WHO Global Air Quality Guidelines 2021 — PM2.5 연평균 5㎍/㎥"",""org"":""WHO"",""year"":2021,""url"":""https://www.who.int/publications/i/item/9789240034228""}],""steps"":[""계산식: 초과배수 = 연평균 농도 ÷ 5."",""2015년 = 26 ÷ 5 = 5.2배, 2022년 = 18 ÷ 5 = 3.6배, 2027년 = 13 ÷ 5 = 2.6배, 2032년 = 12 ÷ 5 = 2.4배.""],""assumptions"":[""WHO 2021 개정 가이드라인(5㎍/㎥)을 기준으로 사용. 2005년 구 가이드라인(10㎍/㎥) 기준이면 배수는 절반""],""limits"":""WHO 가이드라인은 법적 기준이 아니라 건강영향 최소화를 위한 권고이며, 대부분의 국가가 달성하지 못합니다. 이 지표는 '국내 기준을 달성하는 것과 건강상 안전한 수준은 다르다'는 점을 보여주기 위한 것이지, 정책 실패를 뜻하지 않습니다."",""badge_reason"":""공표값을 고정 상수로 나눈 단순 계산이므로 S, 신뢰도 '상'.""}",4
S08-I2,S08,대기오염 기인 조기사망자 수,명/년,indirect,3,"11,10",positive,strong,E,low,"계획 달성 시 약 12,000명(2032) vs 무대책 시 30,000명(2030) — 격차가 정책의 가치",계획 달성 경로,"[{""y"":2010,""v"":17000,""b"":""B"",""c"":""mid""},{""y"":2022,""v"":18000,""b"":""E"",""c"":""low""},{""y"":2032,""v"":12000,""b"":""E"",""c"":""low""}]","[{""name"":""OECD 무대책 전망"",""points"":[{""y"":2010,""v"":17000},{""y"":2030,""v"":30000},{""y"":2060,""v"":54000}]}]","{""definition"":""초미세먼지·오존 노출로 인해 기대수명보다 일찍 사망하는 인원의 연간 추정치. K-SDGs 목표3.9(유해화학물질·대기오염 사망)의 지표입니다."",""sources"":[{""title"":""The Economic Consequences of Outdoor Air Pollution — 한국 대기오염 조기사망 2010년 1.7만 명 → 2030년 3만 명 → 2060년 5.4만 명(무대책 전망)"",""org"":""OECD"",""year"":2016,""url"":""https://www.oecd.org/environment/the-economic-consequences-of-outdoor-air-pollution-9789264257474-en.htm""},{""title"":""제3차 대기환경개선 종합계획 PM2.5 농도 목표"",""org"":""환경부"",""year"":2022,""url"":""https://m.korea.kr/news/policyNewsView.do?newsId=148909855""}],""steps"":[""① 무대책 경로: OECD 2016년 보고서의 한국 전망치를 그대로 보조 계열로 표시(B)."",""② 계획 달성 경로 추정(E): 조기사망은 PM2.5 농도에 거의 선형으로 비례한다는 역학 통설(농도-반응 함수)을 적용(M2)."",""③ 2022년 기준값: OECD의 2010년 1.7만 명에서 출발하되, 2010~2022년 사이 인구 고령화(취약도 상승)와 농도 개선(26→18㎍/㎥)이 상쇄되어 1.8만 명 수준을 유지했다고 가정."",""④ 2032년 = 18,000 × (12 ÷ 18) × 고령화 보정 1.0 = 12,000명. 농도가 33% 낮아지므로 조기사망도 33% 감소로 계산했습니다."",""⑤ 고령화 보정을 1.0으로 둔 이유: 2022→2032년 고령비중 상승(17.4%→약 26%)이 사망 위험을 높이지만, 같은 기간 의료 접근성 개선이 상쇄한다고 단순 가정했습니다.""],""assumptions"":[""농도-사망 관계가 선형이라고 가정(실제 역학 연구는 저농도 구간에서 기울기가 더 가파를 수 있음)"",""고령화에 따른 취약도 상승을 보정계수 1.0으로 무시 — 이 가정은 과소추정 방향으로 작용"",""OECD 2016년 전망의 기준연도 값을 국내 연구값 대신 사용(국내 연구는 1.2만 명 안팎으로 더 낮게 추정)""],""limits"":""조기사망자 수는 연구마다 2배 이상 차이 납니다(OECD 1.7만 명 vs 국내 역학연구 1.2만 명). 사용한 농도-반응 함수, 대상 질환, 기준 농도가 다르기 때문입니다. 이 지표의 절대값은 신뢰할 수 없고, '무대책 경로(3만 명)와 계획 달성 경로(1.2만 명)의 격차'라는 상대 비교만 의미가 있습니다."",""badge_reason"":""OECD 전망은 B, 계획 달성 경로는 자체 환산이므로 E, 신뢰도 '하'.""}",5
S08-I3,S08,대기오염으로 인한 GDP 손실,% of GDP,indirect,8,"3,11",positive,medium,B,low,0.63%(OECD 회원국 중 최대) → 계획 달성 시 약 0.42% 추정,,"[{""y"":2060,""v"":0.63,""b"":""B"",""c"":""mid""},{""y"":2032,""v"":0.42,""b"":""E"",""c"":""low""}]",,"{""definition"":""대기오염으로 인한 조기사망·질병·노동생산성 손실·농작물 피해를 합산한 경제적 비용의 GDP 대비 비율. OECD가 회원국 비교로 산출한 값에서 한국이 가장 큽니다."",""sources"":[{""title"":""The Economic Consequences of Outdoor Air Pollution — 한국의 대기오염 경제손실이 OECD 회원국 중 최고 수준인 GDP의 0.63%"",""org"":""OECD"",""year"":2016,""url"":""https://www.oecd.org/environment/the-economic-consequences-of-outdoor-air-pollution-9789264257474-en.htm""}],""steps"":[""① OECD 산출값 0.63%를 인용(B). 이 값은 무대책 시나리오의 2060년 기준입니다."",""② 계획 달성 시의 값은 조기사망 감소 비율(30,000명 → 12,000명이 아니라, 2022년 기준 대비 33% 감소)을 그대로 적용해 0.63 × (1 − 0.33) = 0.42%로 환산(E).""],""assumptions"":[""경제손실이 조기사망자 수에 비례한다고 가정(실제로는 노동손실·의료비 등 항목별 반응이 다름)"",""OECD 산출의 기준연도·방법론과 국내 계획의 기준연도가 정합하지 않는 점을 무시""],""limits"":""OECD 값의 기준연도(2060년 무대책)와 계획 목표연도(2032년)가 달라 두 값을 같은 축에 놓는 것 자체가 엄밀하지 않습니다. 이 지표는 '대기오염이 GDP의 0.5% 안팎에 해당하는 비용을 발생시킨다'는 규모감을 전달하는 용도로만 사용하십시오."",""badge_reason"":""OECD 산출값 인용은 B, 계획 반영 환산은 E, 신뢰도 '하'.""}",6
S08-I4,S08,민감계층 노출가중 위해도,지수 (2015 = 100),indirect,3,"10,11",mixed,medium,E,low,농도는 54% 떨어지지만 위해도는 30%밖에 안 떨어짐 — 고령화가 개선을 잠식,농도 × 민감계층,"[{""y"":2015,""v"":100,""b"":""S"",""c"":""mid""},{""y"":2022,""v"":76.5,""b"":""E"",""c"":""low""},{""y"":2032,""v"":70,""b"":""E"",""c"":""low""}]","[{""name"":""농도만 반영(비교)"",""points"":[{""y"":2015,""v"":100},{""y"":2022,""v"":69.2},{""y"":2032,""v"":46.2}]}]","{""definition"":""PM2.5 농도에 민감계층(65세 이상 + 5세 미만) 인구를 가중한 노출 위해도 지수. 대기질(S08)과 고령화(S01)가 정반대 방향으로 작동할 때 실제 건강 부담이 어떻게 되는지를 보기 위해 이 대시보드가 구성한 합성 지표입니다."",""sources"":[{""title"":""제3차 대기환경개선 종합계획 PM2.5 농도"",""org"":""환경부"",""year"":2022,""url"":""https://m.korea.kr/news/policyNewsView.do?newsId=148909855""},{""title"":""장래인구추계 연령별 인구"",""org"":""통계청"",""year"":2023,""url"":""https://www.korea.kr/briefing/policyBriefingView.do?newsId=156605259""}],""steps"":[""① 민감계층 인구 산출: 65세 이상 비중 + 0~4세 비중. 2015년 13.1% + 4.2% = 17.3%(인구 5,101만 → 883만 명). 2022년 17.4% + 3.0% = 20.4%(5,167만 → 1,054만 명). 2032년 약 26.5% + 2.2% = 28.7%(약 5,120만 → 1,470만 명)."",""② 위해도 = PM2.5 농도 × 민감계층 인구."",""③ 2015년 = 26 × 883만 = 2.296억(㎍·만명) → 지수 100."",""④ 2022년 = 18 × 1,054만 = 1.897억 → 지수 82.6. (표시값 76.5는 2015→2022년 의료 접근성 개선 7%를 반영해 하향 조정한 값)"",""⑤ 2032년 = 12 × 1,470만 = 1.764억 → 지수 76.8. 의료 개선 9% 반영 → 70.0."",""⑥ 비교 계열은 인구 구조를 무시하고 농도만으로 계산한 지수입니다(2032년 46.2).""],""assumptions"":[""민감계층 = 65세 이상 + 5세 미만이라는 단순 정의(호흡기·심혈관 기저질환자는 제외)"",""민감계층 1명의 위해도가 일반인의 몇 배인지는 반영하지 않고 단순 인구수만 사용"",""의료 접근성 개선 보정(7%, 9%)은 근거 없는 임의값"",""2032년 연령구조는 S01 중위 추계의 보간값""],""limits"":""이 지표는 공식 지표가 아니라 이 대시보드가 만든 합성 지표입니다. 절대 수준에 의미가 없고, '농도만 보면 54% 개선이지만 인구구조를 반영하면 30% 개선에 그친다'는 대비를 보여주는 것이 유일한 목적입니다. 의료 개선 보정계수는 임의값이므로 제거하고 보아도 결론(개선폭 잠식)은 동일합니다."",""badge_reason"":""구성 요소는 공표값이지만 지표 자체가 자체 설계 합성지표이므로 E, 신뢰도 '하'.""}",7
S09-D1,S09,연간 물부족량,백만 톤/년,direct,6,"2,9",negative,strong,R,low,평년 기준 257백만 톤(2030) / 최대 가뭄 시 550백만 톤,평년 기준(제1차 국가물관리기본계획),"[{""y"":2030,""v"":257,""b"":""R"",""c"":""mid""}]","[{""name"":""최대 가뭄 시(2026년 정부 전망)"",""points"":[{""y"":2030,""v"":550}]},{""name"":""기후대응댐 확보량(참조)"",""ref"":true,""points"":[{""y"":2030,""v"":250}]}]","{""definition"":""용수 수요가 공급 가능량을 초과하는 양(연간). 기본 계열은 제1차 국가물관리기본계획의 평년 기준 전망, 보조 계열은 최대 가뭄 시 전망입니다."",""sources"":[{""title"":""제1차 국가물관리기본계획(2021~2030) — 2030년 생활·공업용수 660만 톤, 농업용수 2억 5,000만 톤 등 총 2억 5,700만 톤 부족"",""org"":""환경부·국가물관리위원회"",""year"":2021,""url"":""https://www.kwater.or.kr/gov3/sub03/annoView.do?seq=4111""},{""title"":""정부 물수급 전망 — 2030년 기준 최대 가뭄 시 연간 5억 5,000만 톤 부족"",""org"":""정부 내부 전망(언론 보도)"",""year"":2026,""url"":""https://www.pressian.com/pages/articles/2026080501294369465""}],""steps"":[""① 평년 기준: 계획서의 부문별 부족량(생활·공업 6.6백만 톤 + 농업 250백만 톤)을 합산해 257백만 톤(R, 2차 경로 인용이라 신뢰도 중)."",""② 최대 가뭄 기준: 2026년 정부 전망으로 보도된 5.5억 톤을 그대로 표기(R, 언론 단독보도 경로라 신뢰도 하)."",""③ 참조선으로 기후대응댐 14곳의 연간 공급능력 2.5억 톤을 함께 표시."",""④ 충당률 계산(S): 250 ÷ 550 = 45.5%. 즉 계획된 댐을 모두 지어도 최대 가뭄 시 부족분의 절반을 채우지 못합니다.""],""assumptions"":[""두 전망의 산정 기준(기후 시나리오, 수요 가정, 이수안전도)이 서로 다를 수 있으나 비교를 위해 같은 축에 배치""],""limits"":""두 수치의 2배 차이는 실제 물 사정이 급변해서가 아니라 산정 전제가 달라서일 가능성이 큽니다. 원 계획서 부표를 확인하기 전에는 어느 쪽도 확정값으로 인용하면 안 됩니다. 이 대시보드에서 신뢰도가 가장 낮은 직접지표입니다."",""badge_reason"":""두 값 모두 공표·보도된 수치이므로 R이지만, 산정 기준 불일치와 2차 경로 인용으로 신뢰도 '하'.""}",1
S09-D2,S09,1인당 연간 가용수자원량,㎥/인·년,direct,6,"11,10",positive,medium,S,mid,"1,453㎥(현재, 세계 129위) → 인구감소로 2072년 2,073㎥, 물스트레스 국가 기준 탈출",1인당 가용수자원량,"[{""y"":2022,""v"":1453,""b"":""R"",""c"":""high""},{""y"":2040,""v"":1500,""b"":""S"",""c"":""mid""},{""y"":2050,""v"":1594,""b"":""S"",""c"":""mid""},{""y"":2072,""v"":2073,""b"":""S"",""c"":""mid""}]","[{""name"":""물스트레스 국가 상한(1,700㎥)"",""ref"":true,""points"":[{""y"":2022,""v"":1700},{""y"":2072,""v"":1700}]}]","{""definition"":""연간 이용 가능한 수자원 총량을 총인구로 나눈 값. 국제인구행동연구소(PAI)는 1,000~1,700㎥를 '물 스트레스 국가', 1,000㎥ 미만을 '물 기근 국가'로 분류합니다."",""sources"":[{""title"":""우리나라 1인당 가용수자원량 1,453㎥, 세계 153개국 중 129위"",""org"":""국토교통부·한국수자원공사(수자원장기종합계획 인용)"",""year"":2023,""url"":""https://www.civicnews.com/news/articleView.html?idxno=33542""},{""title"":""장래인구추계 총인구"",""org"":""통계청"",""year"":2023,""url"":""https://www.korea.kr/briefing/policyBriefingView.do?newsId=156605259""}],""steps"":[""① 기준값 1,453㎥/인(R)과 2022년 인구 5,167만 명으로부터 총 가용수자원량을 역산: 1,453 × 5,167만 = 약 750.7억 ㎥."",""② 총량을 고정한 채 S01 중위 추계의 인구로 나눠 미래값을 계산(S): 2050년 = 750.7억 ÷ 4,711만 = 1,594㎥, 2072년 = 750.7억 ÷ 3,622만 = 2,073㎥."",""③ 해석: 인구감소(S01)라는 '나쁜 소식'이 물 스트레스(SDG6)에는 유일하게 개선 요인으로 작용합니다. 2072년에는 PAI 기준 물스트레스 국가(1,700㎥ 미만)를 벗어납니다.""],""assumptions"":[""총 가용수자원량이 미래에도 750.7억 ㎥로 일정하다고 가정 — 이것이 이 추정의 최대 약점입니다"",""기후변화로 강수 총량은 늘지만(S04: +18%) 증발산 증가와 강수의 시간적 편중으로 실제 이용 가능량은 늘지 않는다고 보아 상쇄 처리"",""인구는 S01 중위 추계 사용""],""limits"":""총량 고정 가정이 깨지면 결론이 뒤집힙니다. 강수가 집중호우 형태로 몰리면 저수·이용이 어려워져 가용량이 오히려 줄 수 있고, 반대로 댐 신설(D3)과 대체수자원 확보로 늘 수도 있습니다. 또한 1인당 지표는 전국 평균이라, 인구가 늘어나는 수도권·세종의 지역별 물 스트레스는 개선되지 않습니다. '전국 총량 기준으로는 완화, 지역별로는 악화'가 정확한 해석입니다."",""badge_reason"":""기준값은 R, 미래는 공표된 인구추계로 나눈 계산이므로 S. 총량 고정 가정 때문에 신뢰도 '중'.""}",2
S09-D3,S09,기후대응댐 신규 용수 확보량,백만 톤/년,direct,6,"11,13",positive,medium,R,high,14곳 건설 시 연간 2.5억 톤 — 220만 명 사용량,,"[{""y"":2024,""v"":0,""b"":""S"",""c"":""high""},{""y"":2035,""v"":250,""b"":""R"",""c"":""high""}]",,"{""definition"":""환경부가 2024년 7월 발표한 기후대응댐 후보지 14곳(다목적댐 3, 홍수조절댐 7, 용수전용댐 4)이 모두 건설될 경우 확보되는 연간 용수 공급능력."",""sources"":[{""title"":""기후대응댐 후보지(안) 14곳 발표 — 연간 2.5억 톤 물 공급능력(220만 명 사용량), 한 번에 80~220mm 강우 홍수조절 능력"",""org"":""환경부"",""year"":2024,""url"":""https://www.korea.kr/news/policyNewsView.do?newsId=156643945""}],""steps"":[""환경부 발표값 2.5억 톤을 인용(R)."",""2024년 시점 값은 아직 착공 전이므로 0으로 배치(S)."",""준공 시점은 발표에 명시되지 않아 2035년으로 가정 배치했습니다(댐 건설 통상 10년 내외 소요).""],""assumptions"":[""14곳 전부가 주민 수용성·환경영향평가를 통과해 건설된다고 전제"",""준공 시점 2035년은 이 대시보드의 가정""],""limits"":""댐 건설은 주민 반대와 환경단체 반발로 후보지 단계에서 취소되는 사례가 많아, 14곳 전부 건설을 전제한 2.5억 톤은 상한값입니다. 또한 댐은 SDG6(물 확보)에는 기여하지만 SDG15(육상생태계)·SDG14(하천·연안 생태)에는 손실을 발생시켜, 목표 간 상충이 명확한 정책수단입니다."",""badge_reason"":""발표 수치 인용 R. 시점 배치만 가정.""}",3
S09-I1,S09,물부족량 중 농업용수 비중,%,indirect,2,"6,8",negative,strong,S,mid,97.3% — 물부족은 사실상 전부 농업 문제,,"[{""y"":2030,""v"":97.3,""b"":""S"",""c"":""mid""}]",,"{""definition"":""2030년 예상 물부족량 중 농업용수가 차지하는 비율. 물 문제가 도시·산업이 아니라 농업 부문에 집중된다는 구조를 드러냅니다."",""sources"":[{""title"":""제1차 국가물관리기본계획 — 2030년 생활·공업용수 660만 톤, 농업용수 2억 5,000만 톤 부족"",""org"":""환경부"",""year"":2021,""url"":""https://www.kwater.or.kr/gov3/sub03/annoView.do?seq=4111""}],""steps"":[""계산: 250 ÷ (250 + 6.6) × 100 = 97.3%."",""해석: 도시 급수 대책보다 농업용수 확보·절수가 물 정책의 핵심이라는 뜻이며, 이는 SDG2(식량)와 SDG6(물)이 사실상 같은 문제임을 보여줍니다.""],""assumptions"":[""계획서의 부문별 부족량 값이 정확하다고 전제(2차 경로 인용)""],""limits"":""농업용수 부족량이 큰 이유 중 하나는 농업용수의 이수안전도 기준이 생활용수보다 낮게 설정되어 있기 때문이기도 합니다. 즉 '부족량이 크다'가 곧 '피해가 크다'는 뜻은 아닙니다. 또한 2026년 전망(5.5억 톤)에서는 부문 구성이 달라질 수 있습니다."",""badge_reason"":""공표된 부문별 값의 단순 비율 계산이므로 S.""}",4
S09-I2,S09,식량자급률·곡물자급률,%,indirect,2,"6,17",negative,strong,R,mid,"식량자급률 47.9%, 곡물자급률 21.6%(2023) — 목표는 2027년 55.5%",식량자급률,"[{""y"":2023,""v"":47.9,""b"":""R"",""c"":""mid""},{""y"":2027,""v"":55.5,""b"":""R"",""c"":""mid""}]","[{""name"":""곡물자급률"",""points"":[{""y"":2023,""v"":21.6}]},{""name"":""곡물자급률(2021~23 평균)"",""points"":[{""y"":2022,""v"":19.5}]}]","{""definition"":""식량자급률은 사료용을 제외한 식용 곡물의 국내 생산 비율, 곡물자급률은 사료용을 포함한 전체 곡물의 국내 생산 비율. K-SDGs 목표2(식량안보)의 대표 지표입니다."",""sources"":[{""title"":""2023년 식량자급률 47.9%, 곡물자급률 21.6%"",""org"":""농림축산식품부"",""year"":2024,""url"":""https://www.nongmin.com/article/20240117500661""},{""title"":""2021~2023년 평균 곡물자급률 19.5% — 주요국 중 최하위 수준"",""org"":""한국농촌경제연구원"",""year"":2024,""url"":""https://www.khan.co.kr/article/202406281229001""},{""title"":""2027년까지 식량자급률 55.5%로 상향 목표"",""org"":""농림축산식품부"",""year"":2023,""url"":""https://www.korea.kr/news/policyNewsView.do?newsId=148909725""}],""steps"":[""공표값을 그대로 인용(R). 계산·가공 없음."",""물 시나리오에 배치한 이유: 물부족량의 97.3%가 농업용수(I1)이고, 농업용수 부족은 곧 생산량 감소를 통해 자급률로 나타나기 때문입니다.""],""assumptions"":[""농식품부 산정 기준(식용 vs 사료용 포함) 차이를 그대로 반영""],""limits"":""자급률 통계는 산정 기준에 따라 값이 크게 달라집니다(식량 47.9% vs 곡물 21.6%로 2배 이상 차이). 어느 지표를 쓰느냐에 따라 정책 진단이 달라지므로 항상 기준을 함께 밝혀야 합니다. 또한 자급률 하락의 주 원인은 물 부족이 아니라 식생활 변화(밀·옥수수 소비 증가)와 농지 감소이므로, 이 지표를 S09의 결과로만 해석하면 안 됩니다 — 인과가 아니라 연관 지표입니다."",""badge_reason"":""공표 통계 인용 R, 2차 경로라 신뢰도 '중'.""}",5
S09-I3,S09,1인당 일일 생활용수 사용량,L/인·일,indirect,12,"6,11",negative,medium,B,mid,"192L — 독일의 약 1.6배, 물스트레스 국가 중 최고 수준 소비",한국,"[{""y"":2022,""v"":192,""b"":""R"",""c"":""mid""}]","[{""name"":""독일"",""points"":[{""y"":2022,""v"":120}]}]","{""definition"":""가정·상업 등 생활 부문에서 1인이 하루에 사용하는 물의 양. 물 스트레스 국가이면서도 소비가 많다는 모순을 드러내는 SDG12(지속가능한 소비) 지표입니다."",""sources"":[{""title"":""'물 부족국가' 대한민국, 하루 1인당 물 192ℓ 사용…독일보다 1.6배 많아"",""org"":""환경부 상수도통계(언론 보도)"",""year"":2024,""url"":""https://www.newspim.com/news/view/20240322000685""}],""steps"":[""공표된 국내 값 192L를 인용(R, 2차 경로)."",""독일 값은 보도의 '1.6배' 서술로부터 역산: 192 ÷ 1.6 = 120L(S).""],""assumptions"":[""'1.6배'가 정확히 1.6이라고 가정해 독일 값을 역산""],""limits"":""국가 간 생활용수 사용량 비교는 통계 정의(누수량 포함 여부, 상업용수 포함 여부)에 따라 달라져 단순 비교가 어렵습니다. 이 지표를 시계열 없이 단일 시점으로만 제시한 것은 그 때문입니다. 국제비교 성격이라 배지는 B입니다."",""badge_reason"":""국내 값은 R이지만 지표의 의미가 국제비교에 있고 비교국 값을 역산했으므로 지표 배지는 B.""}",6
S09-I4,S09,하천수 취수율(물 스트레스 수준),%,indirect,6,"14,15",negative,medium,B,low,약 36% — UN 기준 '높은 물 스트레스'(25% 초과) 국가,한국 취수율,"[{""y"":2022,""v"":36,""b"":""B"",""c"":""low""},{""y"":2050,""v"":33,""b"":""E"",""c"":""low""}]","[{""name"":""UN 높은 물스트레스 기준(25%)"",""ref"":true,""points"":[{""y"":2022,""v"":25},{""y"":2050,""v"":25}]}]","{""definition"":""재생 가능한 담수 자원 중 실제로 취수되는 비율. UN SDG 공식 지표 6.4.2(Level of water stress)에 해당하며, 25%를 초과하면 '높은 물 스트레스'로 분류됩니다."",""sources"":[{""title"":""UN은 하천 취수율 기준으로 우리나라를 인도·남아공·이탈리아 등과 함께 높은 수준의 물 스트레스 국가로 분류"",""org"":""UN / FAO AQUASTAT"",""year"":2023,""url"":""https://www.civicnews.com/news/articleView.html?idxno=33542""}],""steps"":[""① 현재값 36%는 국내 수자원 이용률로 통상 인용되는 값을 채택(B — 원 통계표를 직접 확인하지 못했습니다)."",""② 2050년 값은 인구감소로 생활용수 취수가 줄어드는 효과만 반영한 추정(E): 생활용수가 총 취수의 약 25%를 차지하고 인구가 8.8% 감소한다고 보아 36 × (1 − 0.25×0.088) ≈ 35.2, 여기에 농업용수 절수·재이용 확대를 추가로 반영해 33%로 배치.""],""assumptions"":[""현재 취수율 36%는 통설 값이며 UN 공식 산정치와 다를 수 있습니다"",""재생가능 담수자원 총량이 불변이라고 가정"",""농업용수 절수 효과는 임의로 반영""],""limits"":""이 대시보드에서 근거가 가장 약한 지표 중 하나입니다. 현재값의 원 통계표를 확인하지 못했고 미래값은 이중 가정에 기반합니다. UN SDG 6.4.2의 공식 국가 보고치를 확인해 대체해야 합니다. 방향(인구감소로 완화)만 참고하십시오."",""badge_reason"":""현재값은 국제기준 인용이라 B, 미래는 자체 추정 E, 신뢰도 '하'.""}",7
S10-D1,S10,해수면 상승 높이,cm (현재 대비),direct,11,"14,9",negative,strong,R,high,고탄소 2050년 +25cm → 2100년 +82cm / 저탄소 2050년 +20cm → 2100년 +47cm,SSP5-8.5(고탄소),"[{""y"":2020,""v"":0,""b"":""R"",""c"":""high""},{""y"":2050,""v"":25,""b"":""R"",""c"":""high""},{""y"":2100,""v"":82,""b"":""R"",""c"":""high""}]","[{""name"":""SSP1-2.6(저탄소)"",""points"":[{""y"":2020,""v"":0},{""y"":2050,""v"":20},{""y"":2100,""v"":47}]},{""name"":""RCP8.5 구 전망(2021년)"",""points"":[{""y"":2020,""v"":0},{""y"":2100,""v"":73}]}]","{""definition"":""우리나라 주변 해역의 평균 해수면 높이 상승폭(cm). 기본 계열은 고탄소(SSP5-8.5), 보조 계열은 저탄소(SSP1-2.6)와 2021년 발표된 구 전망(RCP8.5)입니다."",""sources"":[{""title"":""신기후변화 시나리오 적용 우리나라 주변 해역 해수면, 2100년까지 최대 82cm 상승 전망 — 고탄소 2050년 25cm·2100년 82cm, 저탄소 2050년 20cm·2100년 47cm"",""org"":""해양수산부·국립해양조사원"",""year"":2023,""url"":""https://www.mof.go.kr/doc/ko/selectDoc.do?docSeq=49514&menuSeq=971&bbsSeq=10""},{""title"":""2100년, 우리나라 주변 해역 해수면 73cm 높아질 수도(RCP8.5 기반 구 전망)"",""org"":""해양수산부"",""year"":2021,""url"":""https://www.mof.go.kr/doc/ko/selectDoc.do?docSeq=37297&menuSeq=971&bbsSeq=10""}],""steps"":[""보도자료의 공표값을 그대로 인용했습니다(R). 계산·가공 없음.""],""assumptions"":[""기준시점을 2020년 전후로 해석(보도자료에 명시된 기준기간을 따름)""],""limits"":""전국 평균값이며 해역별로 상승폭이 다릅니다(일반적으로 동해 > 남해 > 서해). 또한 국지적 지반침하가 있는 지역에서는 체감 상대해수면 상승이 이보다 큽니다. 남극 빙상 급변 시나리오가 제외되어 있어 상한이 아닌 중앙 전망입니다."",""badge_reason"":""공표 전망값 인용, R.""}",1
S10-D2,S10,관측 해수면 상승률,mm/년,direct,14,"11,13",negative,strong,R,mid,"장기 평균 3.03mm/년 → 최근 10년 약 4.3mm/년, 상승이 가속",,"[{""y"":2000,""v"":3.03,""b"":""R"",""c"":""mid""},{""y"":2020,""v"":4.3,""b"":""E"",""c"":""low""}]",,"{""definition"":""조위관측소 실측 자료로 산출한 우리나라 연안의 연평균 해수면 상승률. 전망(D1)과 달리 이미 관측된 사실입니다."",""sources"":[{""title"":""기후변화에 따른 해수면 변동분석 및 예측 연구 — 우리나라 연안 해수면 상승률 약 3.03mm/년(장기 관측 평균)"",""org"":""국립해양조사원"",""year"":2022,""url"":""https://www.khoa.go.kr/kcom/cnt/selectContentsPage.do?cntId=25407020""}],""steps"":[""① 장기 평균 3.03mm/년은 국립해양조사원 공표값(R, 2차 경로라 신뢰도 중). x축은 관측기간의 중앙 시점으로 배치했습니다."",""② 최근 10년 값 4.30mm/년은 상승 가속 추세를 반영한 추정입니다(E). 전 지구 위성고도계 관측에서 최근 10년 상승률이 장기 평균의 약 1.4배라는 점을 적용: 3.03 × 1.42 = 4.30mm/년.""],""assumptions"":[""국내 가속 비율이 전 지구 평균 가속 비율과 같다고 가정""],""limits"":""최근 10년 값은 이 대시보드의 추정이며 국립해양조사원 공표치가 아닙니다. 실제 국내 관측에서는 해역별 편차가 커서 단일 값으로 대표하기 어렵습니다. 원 자료의 최근 기간 상승률을 확인해 대체해야 합니다."",""badge_reason"":""장기 평균은 공표값 R, 최근 10년은 자체 추정 E.""}",2
S10-D3,S10,감축 성공 시 회피되는 해수면 상승,cm,direct,13,"11,14",positive,strong,S,high,"2050년 5cm에 불과 → 2100년 35cm, 감축 효과는 늦게 나타남",,"[{""y"":2050,""v"":5,""b"":""S"",""c"":""high""},{""y"":2100,""v"":35,""b"":""S"",""c"":""high""}]",,"{""definition"":""고탄소 경로(SSP5-8.5)와 저탄소 경로(SSP1-2.6)의 해수면 상승폭 차이. 온실가스 감축(S05·S06)이 해수면에서 만들어내는 편익의 크기를 시점별로 보여줍니다."",""sources"":[{""title"":""우리나라 주변 해역 해수면 전망 — 고탄소 2050년 25cm/2100년 82cm, 저탄소 2050년 20cm/2100년 47cm"",""org"":""국립해양조사원"",""year"":2023,""url"":""https://www.mof.go.kr/doc/ko/selectDoc.do?docSeq=49514&menuSeq=971&bbsSeq=10""}],""steps"":[""계산: 2050년 = 25 − 20 = 5cm, 2100년 = 82 − 47 = 35cm."",""해석: 지금부터 25년간 아무리 감축해도 2050년 해수면은 5cm밖에 낮출 수 없습니다. 해양이 열을 흡수해 반응하는 데 수십 년이 걸리기 때문(관성)이며, 이것이 해수면 문제에서 '감축'과 '적응'을 반드시 병행해야 하는 이유입니다.""],""assumptions"":[""두 시나리오의 산정 방법과 기준시점이 동일하다고 전제(같은 보고서에서 나온 값이므로 정합)""],""limits"":""단순 차분이라 계산 오류 여지는 없습니다. 다만 2100년 이후에는 격차가 계속 벌어지므로(해수면 상승은 수백 년 지속), 35cm는 감축 편익의 하한입니다."",""badge_reason"":""공표된 두 값의 차분이므로 S, 신뢰도 '상'.""}",3
S10-I1,S10,연안 침수위험 인구,만 명,indirect,11,"1,10",negative,strong,B,low,2030년 약 332만 명(국토의 5%가 침수 영향권) — 국제기관 분석,,"[{""y"":2030,""v"":332,""b"":""B"",""c"":""low""},{""y"":2100,""v"":280,""b"":""E"",""c"":""low""}]",,"{""definition"":""해수면 상승과 고조·폭풍해일이 겹칠 때 침수 영향권에 들어가는 지역의 거주 인구."",""sources"":[{""title"":""기후위기 해수면 상승 시뮬레이션 — 2030년 한국 국토의 약 5%가 침수, 약 332만 명이 영향권"",""org"":""그린피스(Climate Central 자료 기반 분석)"",""year"":2020,""url"":""https://www.greenpeace.org/korea/""},{""title"":""장래인구추계 총인구"",""org"":""통계청"",""year"":2023,""url"":""https://www.korea.kr/briefing/policyBriefingView.do?newsId=156605259""}],""steps"":[""① 2030년 값은 국제기관(Climate Central) 지형 데이터 기반 분석을 인용(B)."",""② 2100년 값은 두 힘을 결합한 추정(E): 해수면이 25cm에서 82cm로 3.3배 높아져 침수 면적은 커지지만, 총인구가 5,131만 명에서 3,600만 명 이하로 30% 줄어듭니다."",""③ 침수 영향 면적이 인구비례로 1.8배 늘고 인구밀도는 전국 평균으로 30% 감소한다고 보아: 332 × 1.8 × 0.70 × 0.67(연안 인구 유출 보정) ≈ 280만 명.""],""assumptions"":[""Climate Central 지형 데이터의 국내 정확도는 검증되지 않았습니다(국내 정밀 DEM 기반 분석과 차이가 큰 것으로 알려짐)"",""연안 인구 유출 보정계수 0.67은 임의값"",""방조제·호안 등 기존 방재시설의 방어 효과를 반영하지 않음 — 이 점 때문에 크게 과대추정될 수 있습니다""],""limits"":""이 지표는 이 대시보드에서 가장 논쟁적인 값입니다. Climate Central 기반 분석은 국내 방조제와 정밀 표고자료를 반영하지 않아 침수 면적을 과대평가한다는 비판을 받아 왔습니다. 국립해양조사원·국토연구원의 국내 정밀 분석 결과로 대체하는 것이 바람직합니다. 현재로서는 '수백만 명 규모'라는 자릿수만 참고하십시오."",""badge_reason"":""국제기관 분석 인용이므로 B, 2100년 추정은 E, 신뢰도 '하'.""}",4
S10-I2,S10,갯벌 면적 손실,km²,indirect,14,"15,13",negative,medium,E,low,"현재 2,482km² → 고탄소 시 2100년 약 1,490km²(−40%) 추정",SSP5-8.5(고탄소),"[{""y"":2018,""v"":2482,""b"":""R"",""c"":""high""},{""y"":2050,""v"":2234,""b"":""E"",""c"":""low""},{""y"":2100,""v"":1489,""b"":""E"",""c"":""low""}]","[{""name"":""SSP1-2.6(저탄소)"",""points"":[{""y"":2018,""v"":2482},{""y"":2100,""v"":1986}]}]","{""definition"":""우리나라 갯벌(조간대) 면적. 갯벌은 탄소 흡수(블루카본), 수산물 생산, 폭풍해일 완충 기능을 동시에 수행하므로 SDG14의 핵심 자산입니다."",""sources"":[{""title"":""전국 갯벌면적 조사 — 우리나라 갯벌 총면적 2,482km²"",""org"":""해양수산부"",""year"":2018,""url"":""https://www.mof.go.kr/""},{""title"":""IPCC AR6 WGII — 해수면 상승에 따른 전 지구 연안습지 손실 전망(방재시설 배후에서는 'coastal squeeze'로 손실 가속)"",""org"":""IPCC"",""year"":2022,""url"":""https://www.ipcc.ch/report/ar6/wg2/""}],""steps"":[""① 기준값: 2018년 갯벌 총면적 2,482km²(R)."",""② 손실 메커니즘: 갯벌은 해수면이 오르면 육지 쪽으로 이동해 유지될 수 있으나, 우리나라 서·남해안은 대부분 배후에 방조제·제방이 있어 이동 공간이 없습니다(coastal squeeze). 따라서 상승분만큼 수몰됩니다."",""③ 국제 벤치마크법(M4): IPCC AR6는 방재시설이 있는 연안에서 1m 상승 시 조간대 습지의 상당 부분이 손실된다고 전망합니다. 이를 참조해 상승 82cm에 대해 손실률 40%를 적용."",""④ 2100년 고탄소 = 2,482 × 0.60 = 1,489km². 저탄소(47cm 상승)는 손실률을 비례 적용해 20% → 1,986km²."",""⑤ 2050년(25cm 상승)은 손실률 10% → 2,234km².""],""assumptions"":[""손실률 40%(82cm)는 IPCC 범위를 참조해 이 대시보드가 설정한 값이며 국내 산정치가 아닙니다"",""퇴적물 공급에 의한 갯벌 수직 성장(accretion)을 반영하지 않음 — 반영하면 손실이 작아집니다"",""갯벌 복원·역간척 사업의 효과를 반영하지 않음""],""limits"":""국내 갯벌의 해수면 상승 반응에 대한 공식 전망은 확인하지 못했습니다. 서해 갯벌은 퇴적물 공급이 많아 어느 정도 수직 성장이 가능하다는 연구가 있어, 40% 손실은 과대추정일 수 있습니다. 반대로 하굿둑·방조제로 퇴적물 공급이 차단된 구간에서는 손실이 더 클 수 있습니다. 방향과 자릿수만 참고하십시오."",""badge_reason"":""기준값만 R, 손실률 전 구간이 자체 설정이므로 E, 신뢰도 '하'.""}",5
S10-I3,S10,연근해 어업생산량,만 톤,indirect,14,"2,8",negative,medium,R,mid,"173만 톤(1986 정점) → 약 95만 톤(2023), 수온 상승으로 어종 구성 변화",,"[{""y"":1986,""v"":173,""b"":""R"",""c"":""mid""},{""y"":2010,""v"":133,""b"":""R"",""c"":""mid""},{""y"":2023,""v"":95,""b"":""R"",""c"":""mid""}]",,"{""definition"":""우리나라 연근해에서 어획된 수산물의 연간 생산량. 해수면 상승과 같은 원인(해양 온난화)에서 비롯되는 SDG14의 결과 지표로 배치했습니다."",""sources"":[{""title"":""어업생산동향조사 — 연근해어업 생산량 1986년 정점 이후 감소, 2023년 약 95만 톤"",""org"":""통계청·해양수산부"",""year"":2024,""url"":""https://kostat.go.kr/""}],""steps"":[""공표 통계의 시계열을 인용(R). 다만 원 통계표를 직접 열람하지 못해 신뢰도를 '중'으로 두었습니다."",""미래 전망은 제시하지 않았습니다 — 어업생산량은 남획·자원관리 정책의 영향이 기후 영향보다 크기 때문에, 기후 시나리오만으로 외삽하는 것이 부적절하다고 판단했습니다.""],""assumptions"":[""연근해어업(원양·양식 제외) 기준""],""limits"":""감소의 원인을 기후에만 돌릴 수 없습니다. 남획, 어장 환경 변화, 중국 어선 조업, 어업인구 감소가 복합적으로 작용합니다. 다만 명태의 국내 어장 소멸, 오징어 어획 급감, 아열대 어종 북상 등은 수온 상승과의 연관이 뚜렷합니다. 이 지표는 인과가 아닌 연관 지표로 읽어야 하며, 그래서 미래값을 만들지 않았습니다."",""badge_reason"":""공표 통계 인용 R, 원표 미열람으로 신뢰도 '중'.""}",6
S10-I4,S10,고조위 침수 발생빈도 증가배수,배 (현재 대비),indirect,11,"9,1",negative,strong,E,low,현재 100년 빈도 침수가 2100년에는 수 년 빈도로 — 빈도가 위험의 본질,,"[{""y"":2020,""v"":1,""b"":""S"",""c"":""high""},{""y"":2050,""v"":8,""b"":""E"",""c"":""low""},{""y"":2100,""v"":100,""b"":""E"",""c"":""low""}]",,"{""definition"":""현재 100년에 한 번 발생하는 수준의 고조위(만조 + 폭풍해일) 침수가 미래에는 몇 배 자주 발생하는지를 나타낸 지수. 해수면 상승의 피해는 평균 수위가 아니라 극값 빈도에서 나타나므로 이 지표를 별도로 두었습니다."",""sources"":[{""title"":""IPCC AR6 WGI — 대부분의 지역에서 21세기 중 100년 빈도 극한해수면 사상이 연 1회 이상 빈도로 전환될 전망"",""org"":""IPCC"",""year"":2021,""url"":""https://www.ipcc.ch/report/ar6/wg1/""},{""title"":""우리나라 주변 해역 해수면 전망"",""org"":""국립해양조사원"",""year"":2023,""url"":""https://www.mof.go.kr/doc/ko/selectDoc.do?docSeq=49514&menuSeq=971&bbsSeq=10""}],""steps"":[""① 극한해수면 빈도는 평균 해수면 상승에 대해 지수적으로 증가합니다. IPCC AR6는 전 지구적으로 100년 빈도 사상이 21세기 중 연 1회 빈도(=100배)로 전환된다고 전망했습니다."",""② 이를 국내 고탄소 경로(2100년 +82cm)에 대응시켜 2100년 증가배수 100배로 배치."",""③ 2050년(+25cm)은 지수 관계 f = exp(k·Δh)를 가정하고 k를 두 점으로 결정: ln(100)/82cm = 0.0562/cm. 2050년 = exp(0.0562×25) = 4.1배. 다만 국내 서해안의 큰 조차(최대 9m)를 고려하면 조위 극값 분포의 꼬리가 두꺼워 배수가 커지므로 8배로 상향 조정.""],""assumptions"":[""IPCC의 전 지구 일반화를 국내에 그대로 적용"",""지수 관계와 계수 k는 두 점 맞춤으로 결정한 것이며 국내 조위 통계에서 추정한 값이 아닙니다"",""2050년 상향 조정(4.1→8배)은 판단값""],""limits"":""국내 조위관측소별 극값 분포를 실제로 분석하지 않은 개념적 추정입니다. 서해(조차 大)와 동해(조차 小)는 반응이 전혀 다르므로 전국 단일 값은 물리적으로 부정확합니다. 이 지표의 목적은 '평균 82cm보다 극값 빈도 100배가 훨씬 중요한 문제'라는 관점을 제시하는 것이며, 수치 자체를 인용해서는 안 됩니다."",""badge_reason"":""IPCC의 정성적 전망을 자체 함수로 수치화했으므로 E, 신뢰도 '하'.""}",7
