code,name,source,portal,url,goal
IDXN-1002,용도지역.용도지구 현황,e-나라지표,index.go.kr,https://www.index.go.kr/unify/idx-info.do?idxCd=1002,
IDXN-1003,개발제한구역 지정 및 해제현황,e-나라지표,index.go.kr,https://www.index.go.kr/unify/idx-info.do?idxCd=1003,
IDXN-1007,지역별 인구 및 인구밀도,e-나라지표,index.go.kr,https://www.index.go.kr/unify/idx-info.do?idxCd=1007,
IDXN-1008,지역내총생산(GRDP),e-나라지표,index.go.kr,https://www.index.go.kr/unify/idx-info.do?idxCd=1008,
IDXN-1009,"총인구, 인구성장률",e-나라지표,index.go.kr,https://www.index.go.kr/unify/idx-info.do?idxCd=1009,
IDXN-1010,남녀별 연령별 인구구조,e-나라지표,index.go.kr,https://www.index.go.kr/unify/idx-info.do?idxCd=1010,
IDXN-1011,출생 사망 추이,e-나라지표,index.go.kr,https://www.index.go.kr/unify/idx-info.do?idxCd=1011,
IDXN-1012,사망원인별 사망률 추이,e-나라지표,index.go.kr,https://www.index.go.kr/unify/idx-info.do?idxCd=1012,
IDXN-1013,국내인구이동,e-나라지표,index.go.kr,https://www.index.go.kr/unify/idx-info.do?idxCd=1013,
IDXN-1014,국제인구 이동,e-나라지표,index.go.kr,https://www.index.go.kr/unify/idx-info.do?idxCd=1014,
IDXN-1015,정부기구 추이,e-나라지표,index.go.kr,https://www.index.go.kr/unify/idx-info.do?idxCd=1015,
IDXN-1016,행정부 국가공무원 정원,e-나라지표,index.go.kr,https://www.index.go.kr/unify/idx-info.do?idxCd=1016,
IDXN-1017,행정기관 위원회,e-나라지표,index.go.kr,https://www.index.go.kr/unify/idx-info.do?idxCd=1017,
IDXN-1018,행정부 국가공무원 신규임용 현황,e-나라지표,index.go.kr,https://www.index.go.kr/unify/idx-info.do?idxCd=1018,
IDXN-1021,공무원 보수 추이,e-나라지표,index.go.kr,https://www.index.go.kr/unify/idx-info.do?idxCd=1021,
IDXN-1022,소방공무원 1인당 담당 인구수,e-나라지표,index.go.kr,https://www.index.go.kr/unify/idx-info.do?idxCd=1022,
IDXN-1023,공무원직장협의회 및 가입자,e-나라지표,index.go.kr,https://www.index.go.kr/unify/idx-info.do?idxCd=1023,
IDXN-1024,노인 빈곤율,e-나라지표,index.go.kr,https://www.index.go.kr/unify/idx-info.do?idxCd=1024,
IDXN-1025,행정정보 공동이용,e-나라지표,index.go.kr,https://www.index.go.kr/unify/idx-info.do?idxCd=1025,
IDXN-1026,정부24 서비스,e-나라지표,index.go.kr,https://www.index.go.kr/unify/idx-info.do?idxCd=1026,
IDXN-1027,UN 전자정부평가,e-나라지표,index.go.kr,https://www.index.go.kr/unify/idx-info.do?idxCd=1027,
IDXN-1033,공공기관 청렴도,e-나라지표,index.go.kr,https://www.index.go.kr/unify/idx-info.do?idxCd=1033,
IDXN-1034,부패 인식도,e-나라지표,index.go.kr,https://www.index.go.kr/unify/idx-info.do?idxCd=1034,
IDXN-1035,부패인식지수(CPI),e-나라지표,index.go.kr,https://www.index.go.kr/unify/idx-info.do?idxCd=1035,
IDXN-1037,대기오염물질 배출량,e-나라지표,index.go.kr,https://www.index.go.kr/unify/idx-info.do?idxCd=1037,
IDXN-1038,공공기관 정보공개,e-나라지표,index.go.kr,https://www.index.go.kr/unify/idx-info.do?idxCd=1038,
IDXN-1039,국가기록물 소장,e-나라지표,index.go.kr,https://www.index.go.kr/unify/idx-info.do?idxCd=1039,
IDXN-1040,중앙-지방간 인사교류,e-나라지표,index.go.kr,https://www.index.go.kr/unify/idx-info.do?idxCd=1040,
IDXN-1041,자치단체 행정구역 및 인구현황,e-나라지표,index.go.kr,https://www.index.go.kr/unify/idx-info.do?idxCd=1041,
IDXN-1042,지방자치단체 공무원 정원,e-나라지표,index.go.kr,https://www.index.go.kr/unify/idx-info.do?idxCd=1042,
IDXN-1043,중앙정부의 지방이전 재원 규모,e-나라지표,index.go.kr,https://www.index.go.kr/unify/idx-info.do?idxCd=1043,
IDXN-1044,지방재정 규모(세외수입 포함),e-나라지표,index.go.kr,https://www.index.go.kr/unify/idx-info.do?idxCd=1044,
IDXN-1045,국가예산 대비 지방예산 비율,e-나라지표,index.go.kr,https://www.index.go.kr/unify/idx-info.do?idxCd=1045,
IDXN-1046,지방자치단체 채무,e-나라지표,index.go.kr,https://www.index.go.kr/unify/idx-info.do?idxCd=1046,
IDXN-1047,지방자치단체 기금,e-나라지표,index.go.kr,https://www.index.go.kr/unify/idx-info.do?idxCd=1047,
IDXN-1048,지방교부세,e-나라지표,index.go.kr,https://www.index.go.kr/unify/idx-info.do?idxCd=1048,
IDXN-1049,위생용품 생산 및 위생처리 실적,e-나라지표,index.go.kr,https://www.index.go.kr/unify/idx-info.do?idxCd=1049,
IDXN-1050,담당 부서 및 연락처 : &nbsp;,e-나라지표,index.go.kr,https://www.index.go.kr/unify/idx-info.do?idxCd=1050,
IDXN-1052,광공업생산 동향,e-나라지표,index.go.kr,https://www.index.go.kr/unify/idx-info.do?idxCd=1052,
IDXN-1053,서비스업 동향,e-나라지표,index.go.kr,https://www.index.go.kr/unify/idx-info.do?idxCd=1053,
IDXN-1054,소비동향,e-나라지표,index.go.kr,https://www.index.go.kr/unify/idx-info.do?idxCd=1054,
IDXN-1055,설비투자 동향,e-나라지표,index.go.kr,https://www.index.go.kr/unify/idx-info.do?idxCd=1055,
IDXN-1056,건설투자 동향,e-나라지표,index.go.kr,https://www.index.go.kr/unify/idx-info.do?idxCd=1056,
IDXN-1057,경기종합지수,e-나라지표,index.go.kr,https://www.index.go.kr/unify/idx-info.do?idxCd=1057,
IDXN-1058,소비자동향지수(CSI),e-나라지표,index.go.kr,https://www.index.go.kr/unify/idx-info.do?idxCd=1058,
IDXN-1059,제조업 경기실사지수(BSI) 동향,e-나라지표,index.go.kr,https://www.index.go.kr/unify/idx-info.do?idxCd=1059,
IDXN-1060,소비자물가지수,e-나라지표,index.go.kr,https://www.index.go.kr/unify/idx-info.do?idxCd=1060,
IDXN-1061,생산자물가지수,e-나라지표,index.go.kr,https://www.index.go.kr/unify/idx-info.do?idxCd=1061,
IDXN-1062,수출입물가지수,e-나라지표,index.go.kr,https://www.index.go.kr/unify/idx-info.do?idxCd=1062,
IDXN-1063,취업자 수/실업률 추이,e-나라지표,index.go.kr,https://www.index.go.kr/unify/idx-info.do?idxCd=1063,
IDXN-1065,해외직접투자,e-나라지표,index.go.kr,https://www.index.go.kr/unify/idx-info.do?idxCd=1065,
IDXN-1066,수출입 동향,e-나라지표,index.go.kr,https://www.index.go.kr/unify/idx-info.do?idxCd=1066,
IDXN-1067,외환보유액,e-나라지표,index.go.kr,https://www.index.go.kr/unify/idx-info.do?idxCd=1067,
IDXN-1068,담당 부서 및 연락처 : &nbsp;,e-나라지표,index.go.kr,https://www.index.go.kr/unify/idx-info.do?idxCd=1068,
IDXN-1069,대외채무 및 대외채권,e-나라지표,index.go.kr,https://www.index.go.kr/unify/idx-info.do?idxCd=1069,
IDXN-1070,국가신용등급 추이,e-나라지표,index.go.kr,https://www.index.go.kr/unify/idx-info.do?idxCd=1070,
IDXN-1071,외평채 스프레드 추이,e-나라지표,index.go.kr,https://www.index.go.kr/unify/idx-info.do?idxCd=1071,
IDXN-1072,통화량 추이,e-나라지표,index.go.kr,https://www.index.go.kr/unify/idx-info.do?idxCd=1072,
IDXN-1073,시장금리 추이,e-나라지표,index.go.kr,https://www.index.go.kr/unify/idx-info.do?idxCd=1073,
IDXN-1075,어음부도율,e-나라지표,index.go.kr,https://www.index.go.kr/unify/idx-info.do?idxCd=1075,
IDXN-1076,가계신용 동향,e-나라지표,index.go.kr,https://www.index.go.kr/unify/idx-info.do?idxCd=1076,
IDXN-1078,신용보증 규모,e-나라지표,index.go.kr,https://www.index.go.kr/unify/idx-info.do?idxCd=1078,
IDXN-1079,"상장회사수, 시가총액",e-나라지표,index.go.kr,https://www.index.go.kr/unify/idx-info.do?idxCd=1079,
IDXN-1080,주가지수-코스닥 종합지수,e-나라지표,index.go.kr,https://www.index.go.kr/unify/idx-info.do?idxCd=1080,
IDXN-1081,회사채 발행규모,e-나라지표,index.go.kr,https://www.index.go.kr/unify/idx-info.do?idxCd=1081,
IDXN-1082,펀드 수탁고,e-나라지표,index.go.kr,https://www.index.go.kr/unify/idx-info.do?idxCd=1082,
IDXN-1084,기업공개실적,e-나라지표,index.go.kr,https://www.index.go.kr/unify/idx-info.do?idxCd=1084,
IDXN-1085,유상증자 실적,e-나라지표,index.go.kr,https://www.index.go.kr/unify/idx-info.do?idxCd=1085,
IDXN-1086,외국인 증권투자 현황,e-나라지표,index.go.kr,https://www.index.go.kr/unify/idx-info.do?idxCd=1086,
IDXN-1087,은행BIS 기준자기자본비율,e-나라지표,index.go.kr,https://www.index.go.kr/unify/idx-info.do?idxCd=1087,
IDXN-1088,증권회사 영업용 순자본 비율,e-나라지표,index.go.kr,https://www.index.go.kr/unify/idx-info.do?idxCd=1088,
IDXN-1089,신용카드사 조정자기자본비율,e-나라지표,index.go.kr,https://www.index.go.kr/unify/idx-info.do?idxCd=1089,
IDXN-1090,신협순자본 비율,e-나라지표,index.go.kr,https://www.index.go.kr/unify/idx-info.do?idxCd=1090,
IDXN-1091,상호저축은행 BIS자기자본비율,e-나라지표,index.go.kr,https://www.index.go.kr/unify/idx-info.do?idxCd=1091,
IDXN-1092,보험회사 지급여력비율,e-나라지표,index.go.kr,https://www.index.go.kr/unify/idx-info.do?idxCd=1092,
IDXN-1093,은행 총자산이익률(ROA),e-나라지표,index.go.kr,https://www.index.go.kr/unify/idx-info.do?idxCd=1093,
IDXN-1094,은행고정이하여신비율,e-나라지표,index.go.kr,https://www.index.go.kr/unify/idx-info.do?idxCd=1094,
IDXN-1096,추경편성 추이,e-나라지표,index.go.kr,https://www.index.go.kr/unify/idx-info.do?idxCd=1096,
IDXN-1097,"IMD, WEF 국가경쟁력 순위",e-나라지표,index.go.kr,https://www.index.go.kr/unify/idx-info.do?idxCd=1097,
IDXN-1098,부담금 규모,e-나라지표,index.go.kr,https://www.index.go.kr/unify/idx-info.do?idxCd=1098,
IDXN-1099,공공기관 임직원 현황,e-나라지표,index.go.kr,https://www.index.go.kr/unify/idx-info.do?idxCd=1099,
IDXN-1100,"공공기관 재무정보(자산, 부채, 부채비율)",e-나라지표,index.go.kr,https://www.index.go.kr/unify/idx-info.do?idxCd=1100,
IDXN-1101,공공기관 재무정보(당기순이익),e-나라지표,index.go.kr,https://www.index.go.kr/unify/idx-info.do?idxCd=1101,
IDXN-1102,공기업 및 준정부기관 경영평가결과,e-나라지표,index.go.kr,https://www.index.go.kr/unify/idx-info.do?idxCd=1102,
IDXN-1103,공공기관 고객만족도 결과,e-나라지표,index.go.kr,https://www.index.go.kr/unify/idx-info.do?idxCd=1103,
IDXN-1104,통합재정수지,e-나라지표,index.go.kr,https://www.index.go.kr/unify/idx-info.do?idxCd=1104,
IDXN-1105,국유재산 현황,e-나라지표,index.go.kr,https://www.index.go.kr/unify/idx-info.do?idxCd=1105,
IDXN-1106,국가채무추이,e-나라지표,index.go.kr,https://www.index.go.kr/unify/idx-info.do?idxCd=1106,
IDXN-1107,국가채권추이,e-나라지표,index.go.kr,https://www.index.go.kr/unify/idx-info.do?idxCd=1107,
IDXN-1109,의료용 마약류의 조제·투약 현황,e-나라지표,index.go.kr,https://www.index.go.kr/unify/idx-info.do?idxCd=1109,
IDXN-1110,의약품 허가·신고 현황,e-나라지표,index.go.kr,https://www.index.go.kr/unify/idx-info.do?idxCd=1110,
IDXN-1115,변호사시험 합격자 현황,e-나라지표,index.go.kr,https://www.index.go.kr/unify/idx-info.do?idxCd=1115,
IDXN-1116,연기금투자풀 수탁규모,e-나라지표,index.go.kr,https://www.index.go.kr/unify/idx-info.do?idxCd=1116,
IDXN-1117,연기금투자풀 수익률,e-나라지표,index.go.kr,https://www.index.go.kr/unify/idx-info.do?idxCd=1117,
IDXN-1118,기금 운용규모,e-나라지표,index.go.kr,https://www.index.go.kr/unify/idx-info.do?idxCd=1118,
IDXN-1122,조세부담률,e-나라지표,index.go.kr,https://www.index.go.kr/unify/idx-info.do?idxCd=1122,
IDXN-1123,국세 및 지방세 비중,e-나라지표,index.go.kr,https://www.index.go.kr/unify/idx-info.do?idxCd=1123,
IDXN-1124,국세수입실적,e-나라지표,index.go.kr,https://www.index.go.kr/unify/idx-info.do?idxCd=1124,
IDXN-1125,종합소득세 신고현황,e-나라지표,index.go.kr,https://www.index.go.kr/unify/idx-info.do?idxCd=1125,
IDXN-1126,근로소득세 신고(지급조서 제출)현황,e-나라지표,index.go.kr,https://www.index.go.kr/unify/idx-info.do?idxCd=1126,
IDXN-1127,법인세 신고현황,e-나라지표,index.go.kr,https://www.index.go.kr/unify/idx-info.do?idxCd=1127,
IDXN-1128,부가가치세 신고현황,e-나라지표,index.go.kr,https://www.index.go.kr/unify/idx-info.do?idxCd=1128,
IDXN-1129,개별(특별)소비세 신고 현황,e-나라지표,index.go.kr,https://www.index.go.kr/unify/idx-info.do?idxCd=1129,
IDXN-1130,양도소득세 부과현황,e-나라지표,index.go.kr,https://www.index.go.kr/unify/idx-info.do?idxCd=1130,
IDXN-1131,보호소년 교과교육 현황,e-나라지표,index.go.kr,https://www.index.go.kr/unify/idx-info.do?idxCd=1131,
IDXN-1133,세무조사 추이,e-나라지표,index.go.kr,https://www.index.go.kr/unify/idx-info.do?idxCd=1133,
IDXN-1134,관세청 소관 세수실적,e-나라지표,index.go.kr,https://www.index.go.kr/unify/idx-info.do?idxCd=1134,
IDXN-1135,관세 환급실적(환급방법별),e-나라지표,index.go.kr,https://www.index.go.kr/unify/idx-info.do?idxCd=1135,
IDXN-1136,밀수 등 관세·부정무역사범 단속 현황,e-나라지표,index.go.kr,https://www.index.go.kr/unify/idx-info.do?idxCd=1136,
IDXN-1137,외환사범 단속 현황,e-나라지표,index.go.kr,https://www.index.go.kr/unify/idx-info.do?idxCd=1137,
IDXN-1138,마약 밀수 검거 추이,e-나라지표,index.go.kr,https://www.index.go.kr/unify/idx-info.do?idxCd=1138,
IDXN-1139,해외플랜트 수주 동향,e-나라지표,index.go.kr,https://www.index.go.kr/unify/idx-info.do?idxCd=1139,
IDXN-1140,외국인 직접투자 동향,e-나라지표,index.go.kr,https://www.index.go.kr/unify/idx-info.do?idxCd=1140,
IDXN-1142,주요 유통업체 매출 동향,e-나라지표,index.go.kr,https://www.index.go.kr/unify/idx-info.do?idxCd=1142,
IDXN-1143,주요 원자재 가격 동향(철강분야),e-나라지표,index.go.kr,https://www.index.go.kr/unify/idx-info.do?idxCd=1143,
IDXN-1144,주요 원자재 가격 동향(석유화학분야),e-나라지표,index.go.kr,https://www.index.go.kr/unify/idx-info.do?idxCd=1144,
IDXN-1145,대중소기업 상생협력기반 현황,e-나라지표,index.go.kr,https://www.index.go.kr/unify/idx-info.do?idxCd=1145,
IDXN-1146,한국산업규격(표준화) 현황,e-나라지표,index.go.kr,https://www.index.go.kr/unify/idx-info.do?idxCd=1146,
IDXN-1148,기술거래시장 동향,e-나라지표,index.go.kr,https://www.index.go.kr/unify/idx-info.do?idxCd=1148,
IDXN-1149,산업기술인력 현황,e-나라지표,index.go.kr,https://www.index.go.kr/unify/idx-info.do?idxCd=1149,
IDXN-1150,자동차산업 동향,e-나라지표,index.go.kr,https://www.index.go.kr/unify/idx-info.do?idxCd=1150,
IDXN-1151,조선산업 동향,e-나라지표,index.go.kr,https://www.index.go.kr/unify/idx-info.do?idxCd=1151,
IDXN-1152,철강산업 동향,e-나라지표,index.go.kr,https://www.index.go.kr/unify/idx-info.do?idxCd=1152,
IDXN-1153,석유화학산업 동향,e-나라지표,index.go.kr,https://www.index.go.kr/unify/idx-info.do?idxCd=1153,
IDXN-1154,일반기계산업 동향,e-나라지표,index.go.kr,https://www.index.go.kr/unify/idx-info.do?idxCd=1154,
IDXN-1156,우주항공산업 동향,e-나라지표,index.go.kr,https://www.index.go.kr/unify/idx-info.do?idxCd=1156,
IDXN-1158,국내 바이오산업 동향,e-나라지표,index.go.kr,https://www.index.go.kr/unify/idx-info.do?idxCd=1158,
IDXN-1159,소재부품장비 동향조사,e-나라지표,index.go.kr,https://www.index.go.kr/unify/idx-info.do?idxCd=1159,
IDXN-1160,섬유산업 동향,e-나라지표,index.go.kr,https://www.index.go.kr/unify/idx-info.do?idxCd=1160,
IDXN-1161,디자인산업 현황,e-나라지표,index.go.kr,https://www.index.go.kr/unify/idx-info.do?idxCd=1161,
IDXN-1163,전력수급 동향,e-나라지표,index.go.kr,https://www.index.go.kr/unify/idx-info.do?idxCd=1163,
IDXN-1164,석유수급 동향,e-나라지표,index.go.kr,https://www.index.go.kr/unify/idx-info.do?idxCd=1164,
IDXN-1165,가스(LNG)수급 동향,e-나라지표,index.go.kr,https://www.index.go.kr/unify/idx-info.do?idxCd=1165,
IDXN-1166,석탄(무연탄)수급 동향,e-나라지표,index.go.kr,https://www.index.go.kr/unify/idx-info.do?idxCd=1166,
IDXN-1167,해외자원개발 현황,e-나라지표,index.go.kr,https://www.index.go.kr/unify/idx-info.do?idxCd=1167,
IDXN-1168,국내광업권 등록현황,e-나라지표,index.go.kr,https://www.index.go.kr/unify/idx-info.do?idxCd=1168,
IDXN-1171,신재생에너지 보급현황,e-나라지표,index.go.kr,https://www.index.go.kr/unify/idx-info.do?idxCd=1171,
IDXN-1174,기업결합 동향,e-나라지표,index.go.kr,https://www.index.go.kr/unify/idx-info.do?idxCd=1174,
IDXN-1175,대규모기업집단 지정현황,e-나라지표,index.go.kr,https://www.index.go.kr/unify/idx-info.do?idxCd=1175,
IDXN-1177,채무보증 현황,e-나라지표,index.go.kr,https://www.index.go.kr/unify/idx-info.do?idxCd=1177,
IDXN-1178,지주회사 현황,e-나라지표,index.go.kr,https://www.index.go.kr/unify/idx-info.do?idxCd=1178,
IDXN-1179,하도급거래관행 개선,e-나라지표,index.go.kr,https://www.index.go.kr/unify/idx-info.do?idxCd=1179,
IDXN-1180,소비자 피해구제 상황(분쟁조정기구 운영),e-나라지표,index.go.kr,https://www.index.go.kr/unify/idx-info.do?idxCd=1180,
IDXN-1181,중소기업 일반현황,e-나라지표,index.go.kr,https://www.index.go.kr/unify/idx-info.do?idxCd=1181,
IDXN-1182,창업기업 동향,e-나라지표,index.go.kr,https://www.index.go.kr/unify/idx-info.do?idxCd=1182,
IDXN-1183,중소제조업 경영동향,e-나라지표,index.go.kr,https://www.index.go.kr/unify/idx-info.do?idxCd=1183,
IDXN-1184,중소제조업 생산동향,e-나라지표,index.go.kr,https://www.index.go.kr/unify/idx-info.do?idxCd=1184,
IDXN-1186,심리치료프로그램 이수명령 집행 현황,e-나라지표,index.go.kr,https://www.index.go.kr/unify/idx-info.do?idxCd=1186,
IDXN-1191,중소제조업 인력현황,e-나라지표,index.go.kr,https://www.index.go.kr/unify/idx-info.do?idxCd=1191,
IDXN-1195,벤처기업정밀실태조사,e-나라지표,index.go.kr,https://www.index.go.kr/unify/idx-info.do?idxCd=1195,
IDXN-1196,벤처캐피탈 투자현황,e-나라지표,index.go.kr,https://www.index.go.kr/unify/idx-info.do?idxCd=1196,
IDXN-1198,소상공인현황,e-나라지표,index.go.kr,https://www.index.go.kr/unify/idx-info.do?idxCd=1198,
IDXN-1199,소상공인시장 경기동향,e-나라지표,index.go.kr,https://www.index.go.kr/unify/idx-info.do?idxCd=1199,
IDXN-1200,도시 일반현황,e-나라지표,index.go.kr,https://www.index.go.kr/unify/idx-info.do?idxCd=1200,
IDXN-1201,도시군계획시설 현황,e-나라지표,index.go.kr,https://www.index.go.kr/unify/idx-info.do?idxCd=1201,
IDXN-1202,도시군계획시설 미집행 현황,e-나라지표,index.go.kr,https://www.index.go.kr/unify/idx-info.do?idxCd=1202,
IDXN-1203,도시군계획사업 현황,e-나라지표,index.go.kr,https://www.index.go.kr/unify/idx-info.do?idxCd=1203,
IDXN-1204,개발행위허가 현황,e-나라지표,index.go.kr,https://www.index.go.kr/unify/idx-info.do?idxCd=1204,
IDXN-1205,"도시공원, 녹지, 유원지",e-나라지표,index.go.kr,https://www.index.go.kr/unify/idx-info.do?idxCd=1205,
IDXN-1206,도로현황,e-나라지표,index.go.kr,https://www.index.go.kr/unify/idx-info.do?idxCd=1206,
IDXN-1207,도로보급률현황,e-나라지표,index.go.kr,https://www.index.go.kr/unify/idx-info.do?idxCd=1207,
IDXN-1208,고속국도 차량이용 현황,e-나라지표,index.go.kr,https://www.index.go.kr/unify/idx-info.do?idxCd=1208,
IDXN-1209,고속국도 현황,e-나라지표,index.go.kr,https://www.index.go.kr/unify/idx-info.do?idxCd=1209,
IDXN-1210,유료도로 현황,e-나라지표,index.go.kr,https://www.index.go.kr/unify/idx-info.do?idxCd=1210,
IDXN-1211,일반국도 관리연장 현황,e-나라지표,index.go.kr,https://www.index.go.kr/unify/idx-info.do?idxCd=1211,
IDXN-1212,일 평균 도로교통량,e-나라지표,index.go.kr,https://www.index.go.kr/unify/idx-info.do?idxCd=1212,
IDXN-1213,도로교량 및 터널 현황,e-나라지표,index.go.kr,https://www.index.go.kr/unify/idx-info.do?idxCd=1213,
IDXN-1214,수자원 현황,e-나라지표,index.go.kr,https://www.index.go.kr/unify/idx-info.do?idxCd=1214,
IDXN-1215,하천정비(제방)현황,e-나라지표,index.go.kr,https://www.index.go.kr/unify/idx-info.do?idxCd=1215,
IDXN-1216,지하수 이용현황,e-나라지표,index.go.kr,https://www.index.go.kr/unify/idx-info.do?idxCd=1216,
IDXN-1217,광역상수도 및 공업용수도,e-나라지표,index.go.kr,https://www.index.go.kr/unify/idx-info.do?idxCd=1217,
IDXN-1218,댐 저수 현황,e-나라지표,index.go.kr,https://www.index.go.kr/unify/idx-info.do?idxCd=1218,
IDXN-1219,건설투자동향,e-나라지표,index.go.kr,https://www.index.go.kr/unify/idx-info.do?idxCd=1219,
IDXN-1220,건설수주 동향,e-나라지표,index.go.kr,https://www.index.go.kr/unify/idx-info.do?idxCd=1220,
IDXN-1221,해외건설수주,e-나라지표,index.go.kr,https://www.index.go.kr/unify/idx-info.do?idxCd=1221,
IDXN-1223,골재허가실적 및 채취실적,e-나라지표,index.go.kr,https://www.index.go.kr/unify/idx-info.do?idxCd=1223,
IDXN-1224,건축허가·착공·준공 현황,e-나라지표,index.go.kr,https://www.index.go.kr/unify/idx-info.do?idxCd=1224,
IDXN-1226,건축물 현황,e-나라지표,index.go.kr,https://www.index.go.kr/unify/idx-info.do?idxCd=1226,
IDXN-1227,주택보급률,e-나라지표,index.go.kr,https://www.index.go.kr/unify/idx-info.do?idxCd=1227,
IDXN-1228,인구 천명당 주택수,e-나라지표,index.go.kr,https://www.index.go.kr/unify/idx-info.do?idxCd=1228,
IDXN-1229,주택건설인허가실적,e-나라지표,index.go.kr,https://www.index.go.kr/unify/idx-info.do?idxCd=1229,
IDXN-1230,임대주택 건설실적,e-나라지표,index.go.kr,https://www.index.go.kr/unify/idx-info.do?idxCd=1230,
IDXN-1231,임대주택 분양전환 실적,e-나라지표,index.go.kr,https://www.index.go.kr/unify/idx-info.do?idxCd=1231,
IDXN-1232,임대주택 재고,e-나라지표,index.go.kr,https://www.index.go.kr/unify/idx-info.do?idxCd=1232,
IDXN-1233,공동주택 현황,e-나라지표,index.go.kr,https://www.index.go.kr/unify/idx-info.do?idxCd=1233,
IDXN-1234,주택 미분양 현황,e-나라지표,index.go.kr,https://www.index.go.kr/unify/idx-info.do?idxCd=1234,
IDXN-1235,재건축 추진현황,e-나라지표,index.go.kr,https://www.index.go.kr/unify/idx-info.do?idxCd=1235,
IDXN-1238,주택도시기금 조성 및 운용 실적,e-나라지표,index.go.kr,https://www.index.go.kr/unify/idx-info.do?idxCd=1238,
IDXN-1239,자가점유비율,e-나라지표,index.go.kr,https://www.index.go.kr/unify/idx-info.do?idxCd=1239,
IDXN-1240,주택매매가격 동향,e-나라지표,index.go.kr,https://www.index.go.kr/unify/idx-info.do?idxCd=1240,
IDXN-1241,주택전세가격 동향,e-나라지표,index.go.kr,https://www.index.go.kr/unify/idx-info.do?idxCd=1241,
IDXN-1242,유형별재고주택현황,e-나라지표,index.go.kr,https://www.index.go.kr/unify/idx-info.do?idxCd=1242,
IDXN-1243,토지거래동향,e-나라지표,index.go.kr,https://www.index.go.kr/unify/idx-info.do?idxCd=1243,
IDXN-1244,지가동향,e-나라지표,index.go.kr,https://www.index.go.kr/unify/idx-info.do?idxCd=1244,
IDXN-1245,수송량 및 수송분담률,e-나라지표,index.go.kr,https://www.index.go.kr/unify/idx-info.do?idxCd=1245,
IDXN-1248,도로교통 혼잡비용,e-나라지표,index.go.kr,https://www.index.go.kr/unify/idx-info.do?idxCd=1248,
IDXN-1249,철도여객수송 추이,e-나라지표,index.go.kr,https://www.index.go.kr/unify/idx-info.do?idxCd=1249,
IDXN-1250,철도화물수송 추이,e-나라지표,index.go.kr,https://www.index.go.kr/unify/idx-info.do?idxCd=1250,
IDXN-1251,철도사고현황,e-나라지표,index.go.kr,https://www.index.go.kr/unify/idx-info.do?idxCd=1251,
IDXN-1252,고속철도 여객 수송동향,e-나라지표,index.go.kr,https://www.index.go.kr/unify/idx-info.do?idxCd=1252,
IDXN-1253,철도공사 경영 현황,e-나라지표,index.go.kr,https://www.index.go.kr/unify/idx-info.do?idxCd=1253,
IDXN-1254,항공노선 취항 추이,e-나라지표,index.go.kr,https://www.index.go.kr/unify/idx-info.do?idxCd=1254,
IDXN-1255,"항공 여객 수송(국내,국제)",e-나라지표,index.go.kr,https://www.index.go.kr/unify/idx-info.do?idxCd=1255,
IDXN-1256,"항공 화물 수송(국내,국제)",e-나라지표,index.go.kr,https://www.index.go.kr/unify/idx-info.do?idxCd=1256,
IDXN-1257,자동차 등록 현황,e-나라지표,index.go.kr,https://www.index.go.kr/unify/idx-info.do?idxCd=1257,
IDXN-1258,수송수단별 여객 수송,e-나라지표,index.go.kr,https://www.index.go.kr/unify/idx-info.do?idxCd=1258,
IDXN-1259,연도별 도시철도 수송실적,e-나라지표,index.go.kr,https://www.index.go.kr/unify/idx-info.do?idxCd=1259,
IDXN-1261,해운 서비스 외화가득액 증가 추이,e-나라지표,index.go.kr,https://www.index.go.kr/unify/idx-info.do?idxCd=1261,
IDXN-1262,주요 해운 선진국의 지배선대 현황,e-나라지표,index.go.kr,https://www.index.go.kr/unify/idx-info.do?idxCd=1262,
IDXN-1263,국적선원 취업현황,e-나라지표,index.go.kr,https://www.index.go.kr/unify/idx-info.do?idxCd=1263,
IDXN-1264,국내여객수송실적,e-나라지표,index.go.kr,https://www.index.go.kr/unify/idx-info.do?idxCd=1264,
IDXN-1265,전국항만 물동량 처리 현황,e-나라지표,index.go.kr,https://www.index.go.kr/unify/idx-info.do?idxCd=1265,
IDXN-1266,전자여행허가(K-ETA) 신청현황,e-나라지표,index.go.kr,https://www.index.go.kr/unify/idx-info.do?idxCd=1266,
IDXN-1267,컨테이너 화물 처리현황,e-나라지표,index.go.kr,https://www.index.go.kr/unify/idx-info.do?idxCd=1267,
IDXN-1268,연안해송 물동량 현황,e-나라지표,index.go.kr,https://www.index.go.kr/unify/idx-info.do?idxCd=1268,
IDXN-1269,남북한간 해상수송 물동량 현황,e-나라지표,index.go.kr,https://www.index.go.kr/unify/idx-info.do?idxCd=1269,
IDXN-1273,특별관리해역 수질(COD)현황,e-나라지표,index.go.kr,https://www.index.go.kr/unify/idx-info.do?idxCd=1273,
IDXN-1274,전국연안 수질(COD)현황,e-나라지표,index.go.kr,https://www.index.go.kr/unify/idx-info.do?idxCd=1274,
IDXN-1275,연안습지(갯벌) 면적의 변동 추이,e-나라지표,index.go.kr,https://www.index.go.kr/unify/idx-info.do?idxCd=1275,
IDXN-1276,육상폐기물 해양투기량 추이,e-나라지표,index.go.kr,https://www.index.go.kr/unify/idx-info.do?idxCd=1276,
IDXN-1277,항만국 통제(PSC) 점검률,e-나라지표,index.go.kr,https://www.index.go.kr/unify/idx-info.do?idxCd=1277,
IDXN-1283,해적사건 현황,e-나라지표,index.go.kr,https://www.index.go.kr/unify/idx-info.do?idxCd=1283,
IDXN-1287,경지면적 추이,e-나라지표,index.go.kr,https://www.index.go.kr/unify/idx-info.do?idxCd=1287,
IDXN-1288,농업 기계화 현황,e-나라지표,index.go.kr,https://www.index.go.kr/unify/idx-info.do?idxCd=1288,
IDXN-1297,농촌지역 생활인프라 보급률,e-나라지표,index.go.kr,https://www.index.go.kr/unify/idx-info.do?idxCd=1297,
IDXN-1298,도농교류현황,e-나라지표,index.go.kr,https://www.index.go.kr/unify/idx-info.do?idxCd=1298,
IDXN-1300,산림 면적 및 임목축적,e-나라지표,index.go.kr,https://www.index.go.kr/unify/idx-info.do?idxCd=1300,
IDXN-1302,임산물생산량 및 생산액 현황,e-나라지표,index.go.kr,https://www.index.go.kr/unify/idx-info.do?idxCd=1302,
IDXN-1303,목재수급 현황,e-나라지표,index.go.kr,https://www.index.go.kr/unify/idx-info.do?idxCd=1303,
IDXN-1304,국내조림 및 숲가꾸기 현황,e-나라지표,index.go.kr,https://www.index.go.kr/unify/idx-info.do?idxCd=1304,
IDXN-1305,해외조림 현황,e-나라지표,index.go.kr,https://www.index.go.kr/unify/idx-info.do?idxCd=1305,
IDXN-1307,수목원 현황,e-나라지표,index.go.kr,https://www.index.go.kr/unify/idx-info.do?idxCd=1307,
IDXN-1308,자연휴양림 운영.이용 현황,e-나라지표,index.go.kr,https://www.index.go.kr/unify/idx-info.do?idxCd=1308,
IDXN-1309,산불피해현황,e-나라지표,index.go.kr,https://www.index.go.kr/unify/idx-info.do?idxCd=1309,
IDXN-1310,산림 병해충 발생 및 방제 현황,e-나라지표,index.go.kr,https://www.index.go.kr/unify/idx-info.do?idxCd=1310,
IDXN-1311,산사태피해현황,e-나라지표,index.go.kr,https://www.index.go.kr/unify/idx-info.do?idxCd=1311,
IDXN-1316,어업 생산액 및 GDP 대비 부가가치 비중,e-나라지표,index.go.kr,https://www.index.go.kr/unify/idx-info.do?idxCd=1316,
IDXN-1317,수산물 소비량(연간 1인당)과 자급률,e-나라지표,index.go.kr,https://www.index.go.kr/unify/idx-info.do?idxCd=1317,
IDXN-1324,어업경영자금 지원현황,e-나라지표,index.go.kr,https://www.index.go.kr/unify/idx-info.do?idxCd=1324,
IDXN-1325,총 연구개발비,e-나라지표,index.go.kr,https://www.index.go.kr/unify/idx-info.do?idxCd=1325,
IDXN-1326,기관별 연구개발비,e-나라지표,index.go.kr,https://www.index.go.kr/unify/idx-info.do?idxCd=1326,
IDXN-1327,연구개발 단계별 연구개발비,e-나라지표,index.go.kr,https://www.index.go.kr/unify/idx-info.do?idxCd=1327,
IDXN-1328,민간기업 연구개발비 현황,e-나라지표,index.go.kr,https://www.index.go.kr/unify/idx-info.do?idxCd=1328,
IDXN-1329,지역별 연구개발비,e-나라지표,index.go.kr,https://www.index.go.kr/unify/idx-info.do?idxCd=1329,
IDXN-1330,정부 연구개발예산,e-나라지표,index.go.kr,https://www.index.go.kr/unify/idx-info.do?idxCd=1330,
IDXN-1331,총 연구개발인력,e-나라지표,index.go.kr,https://www.index.go.kr/unify/idx-info.do?idxCd=1331,
IDXN-1332,기관별 연구원,e-나라지표,index.go.kr,https://www.index.go.kr/unify/idx-info.do?idxCd=1332,
IDXN-1333,지역별 연구원,e-나라지표,index.go.kr,https://www.index.go.kr/unify/idx-info.do?idxCd=1333,
IDXN-1334,과학기술 논문 현황(NSI),e-나라지표,index.go.kr,https://www.index.go.kr/unify/idx-info.do?idxCd=1334,
IDXN-1335,기술무역 현황,e-나라지표,index.go.kr,https://www.index.go.kr/unify/idx-info.do?idxCd=1335,
IDXN-1336,IMD 과학·기술 인프라,e-나라지표,index.go.kr,https://www.index.go.kr/unify/idx-info.do?idxCd=1336,
IDXN-1337,WEF 혁신역량·ICT 보급,e-나라지표,index.go.kr,https://www.index.go.kr/unify/idx-info.do?idxCd=1337,
IDXN-1339,에너지원별 발전량 현황,e-나라지표,index.go.kr,https://www.index.go.kr/unify/idx-info.do?idxCd=1339,
IDXN-1344,ITU ICT 발전지수,e-나라지표,index.go.kr,https://www.index.go.kr/unify/idx-info.do?idxCd=1344,
IDXN-1345,가구 인터넷 보급률 및 컴퓨터 보유율,e-나라지표,index.go.kr,https://www.index.go.kr/unify/idx-info.do?idxCd=1345,
IDXN-1346,인터넷이용률,e-나라지표,index.go.kr,https://www.index.go.kr/unify/idx-info.do?idxCd=1346,
IDXN-1348,초고속인터넷 가입자,e-나라지표,index.go.kr,https://www.index.go.kr/unify/idx-info.do?idxCd=1348,
IDXN-1352,ICT 생산통계,e-나라지표,index.go.kr,https://www.index.go.kr/unify/idx-info.do?idxCd=1352,
IDXN-1353,통신서비스 시장 매출액,e-나라지표,index.go.kr,https://www.index.go.kr/unify/idx-info.do?idxCd=1353,
IDXN-1354,방송서비스 시장 매출액,e-나라지표,index.go.kr,https://www.index.go.kr/unify/idx-info.do?idxCd=1354,
IDXN-1363,침해사고 신고건수,e-나라지표,index.go.kr,https://www.index.go.kr/unify/idx-info.do?idxCd=1363,
IDXN-1365,1인 1일 스팸 수신량,e-나라지표,index.go.kr,https://www.index.go.kr/unify/idx-info.do?idxCd=1365,
IDXN-1366,개인정보 침해 신고·상담 건수,e-나라지표,index.go.kr,https://www.index.go.kr/unify/idx-info.do?idxCd=1366,
IDXN-1367,디지털정보격차 현황,e-나라지표,index.go.kr,https://www.index.go.kr/unify/idx-info.do?idxCd=1367,
IDXN-1368,1인당 우편이용 물량,e-나라지표,index.go.kr,https://www.index.go.kr/unify/idx-info.do?idxCd=1368,
IDXN-1373,조달사업 실적,e-나라지표,index.go.kr,https://www.index.go.kr/unify/idx-info.do?idxCd=1373,
IDXN-1374,나라장터 운영실적,e-나라지표,index.go.kr,https://www.index.go.kr/unify/idx-info.do?idxCd=1374,
IDXN-1376,친환경 상품 구매실적,e-나라지표,index.go.kr,https://www.index.go.kr/unify/idx-info.do?idxCd=1376,
IDXN-1377,조달청 비축 원자재 판매 및 구매 현황,e-나라지표,index.go.kr,https://www.index.go.kr/unify/idx-info.do?idxCd=1377,
IDXN-1378,주요 비철금속 국제가격 동향,e-나라지표,index.go.kr,https://www.index.go.kr/unify/idx-info.do?idxCd=1378,
IDXN-1379,비철금속 국내 수급현황,e-나라지표,index.go.kr,https://www.index.go.kr/unify/idx-info.do?idxCd=1379,
IDXN-1384,위조상품 단속건수,e-나라지표,index.go.kr,https://www.index.go.kr/unify/idx-info.do?idxCd=1384,
IDXN-1386,특허수수료 수입 현황,e-나라지표,index.go.kr,https://www.index.go.kr/unify/idx-info.do?idxCd=1386,
IDXN-1390,특허 등 이의신청 건수,e-나라지표,index.go.kr,https://www.index.go.kr/unify/idx-info.do?idxCd=1390,
IDXN-1395,황사발생 빈도,e-나라지표,index.go.kr,https://www.index.go.kr/unify/idx-info.do?idxCd=1395,
IDXN-1396,지진발생 빈도,e-나라지표,index.go.kr,https://www.index.go.kr/unify/idx-info.do?idxCd=1396,
IDXN-1397,지진해일발생 현황,e-나라지표,index.go.kr,https://www.index.go.kr/unify/idx-info.do?idxCd=1397,
IDXN-1398,에어로졸 PM10 연평균 농도 변화 추이,e-나라지표,index.go.kr,https://www.index.go.kr/unify/idx-info.do?idxCd=1398,
IDXN-1399,CO2 연평균 농도 변화 추이,e-나라지표,index.go.kr,https://www.index.go.kr/unify/idx-info.do?idxCd=1399,
IDXN-1400,기온 추이,e-나라지표,index.go.kr,https://www.index.go.kr/unify/idx-info.do?idxCd=1400,
IDXN-1401,강수량 추이,e-나라지표,index.go.kr,https://www.index.go.kr/unify/idx-info.do?idxCd=1401,
IDXN-1402,일조시간 추이,e-나라지표,index.go.kr,https://www.index.go.kr/unify/idx-info.do?idxCd=1402,
IDXN-1403,기후평년값(과거 30년 통계) 추이,e-나라지표,index.go.kr,https://www.index.go.kr/unify/idx-info.do?idxCd=1403,
IDXN-1404,보건복지부 일반회계 예산현황,e-나라지표,index.go.kr,https://www.index.go.kr/unify/idx-info.do?idxCd=1404,
IDXN-1406,의료급여 수급 현황,e-나라지표,index.go.kr,https://www.index.go.kr/unify/idx-info.do?idxCd=1406,
IDXN-1407,지니계수,e-나라지표,index.go.kr,https://www.index.go.kr/unify/idx-info.do?idxCd=1407,
IDXN-1409,노인 취업률 현황,e-나라지표,index.go.kr,https://www.index.go.kr/unify/idx-info.do?idxCd=1409,
IDXN-1421,보호대상아동 현황보고,e-나라지표,index.go.kr,https://www.index.go.kr/unify/idx-info.do?idxCd=1421,
IDXN-1422,학대피해아동 보호 건수,e-나라지표,index.go.kr,https://www.index.go.kr/unify/idx-info.do?idxCd=1422,
IDXN-1425,세대당 건강보험료 부담액,e-나라지표,index.go.kr,https://www.index.go.kr/unify/idx-info.do?idxCd=1425,
IDXN-1428,합계출산율,e-나라지표,index.go.kr,https://www.index.go.kr/unify/idx-info.do?idxCd=1428,
IDXN-1430,노년부양비,e-나라지표,index.go.kr,https://www.index.go.kr/unify/idx-info.do?idxCd=1430,
IDXN-1431,GDP대비 경상의료비 추이,e-나라지표,index.go.kr,https://www.index.go.kr/unify/idx-info.do?idxCd=1431,
IDXN-1435,"식품검사 부적합률[국산, 수입]",e-나라지표,index.go.kr,https://www.index.go.kr/unify/idx-info.do?idxCd=1435,
IDXN-1438,만성질환 현황,e-나라지표,index.go.kr,https://www.index.go.kr/unify/idx-info.do?idxCd=1438,
IDXN-1440,국가 암검진 수검률,e-나라지표,index.go.kr,https://www.index.go.kr/unify/idx-info.do?idxCd=1440,
IDXN-1441,정신장애 유병률,e-나라지표,index.go.kr,https://www.index.go.kr/unify/idx-info.do?idxCd=1441,
IDXN-1442,법정 감염병 발생 현황,e-나라지표,index.go.kr,https://www.index.go.kr/unify/idx-info.do?idxCd=1442,
IDXN-1449,항생제 및 주사제 처방률,e-나라지표,index.go.kr,https://www.index.go.kr/unify/idx-info.do?idxCd=1449,
IDXN-1450,헌혈인구 및 개인헌혈 비율,e-나라지표,index.go.kr,https://www.index.go.kr/unify/idx-info.do?idxCd=1450,
IDXN-1451,뇌사자 장기기증 현황,e-나라지표,index.go.kr,https://www.index.go.kr/unify/idx-info.do?idxCd=1451,
IDXN-1452,인체조직 생산·수입현황,e-나라지표,index.go.kr,https://www.index.go.kr/unify/idx-info.do?idxCd=1452,
IDXN-1454,환경전문공사업 수주실적,e-나라지표,index.go.kr,https://www.index.go.kr/unify/idx-info.do?idxCd=1454,
IDXN-1455,환경오염 분쟁조정,e-나라지표,index.go.kr,https://www.index.go.kr/unify/idx-info.do?idxCd=1455,
IDXN-1456,환경보전에 관한 국민의식조사,e-나라지표,index.go.kr,https://www.index.go.kr/unify/idx-info.do?idxCd=1456,
IDXN-1457,친환경상품구매실적,e-나라지표,index.go.kr,https://www.index.go.kr/unify/idx-info.do?idxCd=1457,
IDXN-1460,국립공원현황,e-나라지표,index.go.kr,https://www.index.go.kr/unify/idx-info.do?idxCd=1460,
IDXN-1462,자생생물종 현황,e-나라지표,index.go.kr,https://www.index.go.kr/unify/idx-info.do?idxCd=1462,
IDXN-1463,멸종위기 야생생물 지정 현황,e-나라지표,index.go.kr,https://www.index.go.kr/unify/idx-info.do?idxCd=1463,
IDXN-1464,국가 온실가스 배출현황,e-나라지표,index.go.kr,https://www.index.go.kr/unify/idx-info.do?idxCd=1464,
IDXN-1466,대기오염물질 배출업소현황,e-나라지표,index.go.kr,https://www.index.go.kr/unify/idx-info.do?idxCd=1466,
IDXN-1469,주요 도시의 빗물의 산도,e-나라지표,index.go.kr,https://www.index.go.kr/unify/idx-info.do?idxCd=1469,
IDXN-1471,주요 대도시 환경소음도,e-나라지표,index.go.kr,https://www.index.go.kr/unify/idx-info.do?idxCd=1471,
IDXN-1472,소음.진동 배출시설 현황,e-나라지표,index.go.kr,https://www.index.go.kr/unify/idx-info.do?idxCd=1472,
IDXN-1474,폐수배출시설 및 배출량 현황,e-나라지표,index.go.kr,https://www.index.go.kr/unify/idx-info.do?idxCd=1474,
IDXN-1475,가축분뇨 발생량 및 처리현황,e-나라지표,index.go.kr,https://www.index.go.kr/unify/idx-info.do?idxCd=1475,
IDXN-1477,"생활, 사업장(일반, 건설) 폐기물 발생 및 처리현황",e-나라지표,index.go.kr,https://www.index.go.kr/unify/idx-info.do?idxCd=1477,
IDXN-1478,지정폐기물 발생 및 처리현황,e-나라지표,index.go.kr,https://www.index.go.kr/unify/idx-info.do?idxCd=1478,
IDXN-1479,폐기물 재활용실적 및 업체현황,e-나라지표,index.go.kr,https://www.index.go.kr/unify/idx-info.do?idxCd=1479,
IDXN-1480,상수도 급수현황(보급 및 급수량),e-나라지표,index.go.kr,https://www.index.go.kr/unify/idx-info.do?idxCd=1480,
IDXN-1481,하수도 보급률 변화추이,e-나라지표,index.go.kr,https://www.index.go.kr/unify/idx-info.do?idxCd=1481,
IDXN-1485,"월평균 근로일수, 근로시간, 임금총액",e-나라지표,index.go.kr,https://www.index.go.kr/unify/idx-info.do?idxCd=1485,
IDXN-1486,"근로자 평균근속년수, 평균연령, 학력별 임금",e-나라지표,index.go.kr,https://www.index.go.kr/unify/idx-info.do?idxCd=1486,
IDXN-1487,"산업별, 직종별, 사업체 규모별 노동력 수요동향",e-나라지표,index.go.kr,https://www.index.go.kr/unify/idx-info.do?idxCd=1487,
IDXN-1488,"내역별, 산업별, 규모별 노동비용",e-나라지표,index.go.kr,https://www.index.go.kr/unify/idx-info.do?idxCd=1488,
IDXN-1489,고용형태에 따른 근로조건 실태 현황,e-나라지표,index.go.kr,https://www.index.go.kr/unify/idx-info.do?idxCd=1489,
IDXN-1492,최저임금 일반현황,e-나라지표,index.go.kr,https://www.index.go.kr/unify/idx-info.do?idxCd=1492,
IDXN-1493,임금 채권 및 대지급금 지급 현황,e-나라지표,index.go.kr,https://www.index.go.kr/unify/idx-info.do?idxCd=1493,
IDXN-1494,일반고용동향,e-나라지표,index.go.kr,https://www.index.go.kr/unify/idx-info.do?idxCd=1494,
IDXN-1495,청년 고용동향,e-나라지표,index.go.kr,https://www.index.go.kr/unify/idx-info.do?idxCd=1495,
IDXN-1496,고령자 고용동향,e-나라지표,index.go.kr,https://www.index.go.kr/unify/idx-info.do?idxCd=1496,
IDXN-1497,여성 고용동향,e-나라지표,index.go.kr,https://www.index.go.kr/unify/idx-info.do?idxCd=1497,
IDXN-1498,장애인 의무고용 현황,e-나라지표,index.go.kr,https://www.index.go.kr/unify/idx-info.do?idxCd=1498,
IDXN-1500,직업능력개발훈련 실시현황,e-나라지표,index.go.kr,https://www.index.go.kr/unify/idx-info.do?idxCd=1500,
IDXN-1501,고용허가제 고용동향,e-나라지표,index.go.kr,https://www.index.go.kr/unify/idx-info.do?idxCd=1501,
IDXN-1504,출산 및 육아휴직급여 수급자 현황,e-나라지표,index.go.kr,https://www.index.go.kr/unify/idx-info.do?idxCd=1504,
IDXN-1505,"고용센터 구인, 구직 및 취업현황",e-나라지표,index.go.kr,https://www.index.go.kr/unify/idx-info.do?idxCd=1505,
IDXN-1506,"고용보험 피보험자(상실자, 취득자)현황",e-나라지표,index.go.kr,https://www.index.go.kr/unify/idx-info.do?idxCd=1506,
IDXN-1507,고용보험 적용 및 징수 현황,e-나라지표,index.go.kr,https://www.index.go.kr/unify/idx-info.do?idxCd=1507,
IDXN-1508,고용보험 지출현황,e-나라지표,index.go.kr,https://www.index.go.kr/unify/idx-info.do?idxCd=1508,
IDXN-1511,노동조합 조직현황,e-나라지표,index.go.kr,https://www.index.go.kr/unify/idx-info.do?idxCd=1511,
IDXN-1512,노사분규 건수 및 근로손실 일수,e-나라지표,index.go.kr,https://www.index.go.kr/unify/idx-info.do?idxCd=1512,
IDXN-1513,사내근로복지기금 설치 현황,e-나라지표,index.go.kr,https://www.index.go.kr/unify/idx-info.do?idxCd=1513,
IDXN-1514,산업재해현황,e-나라지표,index.go.kr,https://www.index.go.kr/unify/idx-info.do?idxCd=1514,
IDXN-1517,인력수급 전망,e-나라지표,index.go.kr,https://www.index.go.kr/unify/idx-info.do?idxCd=1517,
IDXN-1519,학령아동 변동 추계,e-나라지표,index.go.kr,https://www.index.go.kr/unify/idx-info.do?idxCd=1519,
IDXN-1520,취학률 및 진학률,e-나라지표,index.go.kr,https://www.index.go.kr/unify/idx-info.do?idxCd=1520,
IDXN-1521,교원 1인당 학생 수,e-나라지표,index.go.kr,https://www.index.go.kr/unify/idx-info.do?idxCd=1521,
IDXN-1523,학생 1인당 공교육비,e-나라지표,index.go.kr,https://www.index.go.kr/unify/idx-info.do?idxCd=1523,
IDXN-1525,GDP 대비 공교육비 비율,e-나라지표,index.go.kr,https://www.index.go.kr/unify/idx-info.do?idxCd=1525,
IDXN-1526,IMD 교육경쟁력,e-나라지표,index.go.kr,https://www.index.go.kr/unify/idx-info.do?idxCd=1526,
IDXN-1527,UNDP 인간개발지수(HDI) 순위,e-나라지표,index.go.kr,https://www.index.go.kr/unify/idx-info.do?idxCd=1527,
IDXN-1528,OECD 학업성취도(PISA) 순위,e-나라지표,index.go.kr,https://www.index.go.kr/unify/idx-info.do?idxCd=1528,
IDXN-1529,IEA 학업성취도(TIMSS) 순위,e-나라지표,index.go.kr,https://www.index.go.kr/unify/idx-info.do?idxCd=1529,
IDXN-1530,국민교육수준(학력별 인구분포),e-나라지표,index.go.kr,https://www.index.go.kr/unify/idx-info.do?idxCd=1530,
IDXN-1531,학력별 임금 격차,e-나라지표,index.go.kr,https://www.index.go.kr/unify/idx-info.do?idxCd=1531,
IDXN-1533,SCI 논문 발표순위,e-나라지표,index.go.kr,https://www.index.go.kr/unify/idx-info.do?idxCd=1533,
IDXN-1534,유학생 현황,e-나라지표,index.go.kr,https://www.index.go.kr/unify/idx-info.do?idxCd=1534,
IDXN-1535,유아교육 규모,e-나라지표,index.go.kr,https://www.index.go.kr/unify/idx-info.do?idxCd=1535,
IDXN-1536,만 3~5세 누리과정 지원율 및 예산 추이,e-나라지표,index.go.kr,https://www.index.go.kr/unify/idx-info.do?idxCd=1536,
IDXN-1537,초중등교육 규모,e-나라지표,index.go.kr,https://www.index.go.kr/unify/idx-info.do?idxCd=1537,
IDXN-1538,초중등 교육시설 현황,e-나라지표,index.go.kr,https://www.index.go.kr/unify/idx-info.do?idxCd=1538,
IDXN-1539,학업성취도 평가(교과별 성취수준 비율),e-나라지표,index.go.kr,https://www.index.go.kr/unify/idx-info.do?idxCd=1539,
IDXN-1540,학생 체격/체력검사 현황,e-나라지표,index.go.kr,https://www.index.go.kr/unify/idx-info.do?idxCd=1540,
IDXN-1541,고등학교 유형별 현황,e-나라지표,index.go.kr,https://www.index.go.kr/unify/idx-info.do?idxCd=1541,
IDXN-1543,학교급식 실시 현황,e-나라지표,index.go.kr,https://www.index.go.kr/unify/idx-info.do?idxCd=1543,
IDXN-1544,특수교육 규모,e-나라지표,index.go.kr,https://www.index.go.kr/unify/idx-info.do?idxCd=1544,
IDXN-1545,장애인 편의시설 현황,e-나라지표,index.go.kr,https://www.index.go.kr/unify/idx-info.do?idxCd=1545,
IDXN-1547,특수교육대상자 진학률/취업률,e-나라지표,index.go.kr,https://www.index.go.kr/unify/idx-info.do?idxCd=1547,
IDXN-1548,고등교육 규모,e-나라지표,index.go.kr,https://www.index.go.kr/unify/idx-info.do?idxCd=1548,
IDXN-1549,고등교육시설 현황,e-나라지표,index.go.kr,https://www.index.go.kr/unify/idx-info.do?idxCd=1549,
IDXN-1550,국내/외 박사학위 취득자 현황,e-나라지표,index.go.kr,https://www.index.go.kr/unify/idx-info.do?idxCd=1550,
IDXN-1551,고등교육기관 졸업자 취업률,e-나라지표,index.go.kr,https://www.index.go.kr/unify/idx-info.do?idxCd=1551,
IDXN-1552,대학 재정지원 사업 현황,e-나라지표,index.go.kr,https://www.index.go.kr/unify/idx-info.do?idxCd=1552,
IDXN-1553,학자금 대출 현황,e-나라지표,index.go.kr,https://www.index.go.kr/unify/idx-info.do?idxCd=1553,
IDXN-1555,평생학습 참여율,e-나라지표,index.go.kr,https://www.index.go.kr/unify/idx-info.do?idxCd=1555,
IDXN-1556,대학부설 평생교육원 현황,e-나라지표,index.go.kr,https://www.index.go.kr/unify/idx-info.do?idxCd=1556,
IDXN-1557,학력인정 평생교육시설 현황,e-나라지표,index.go.kr,https://www.index.go.kr/unify/idx-info.do?idxCd=1557,
IDXN-1558,학점은행제 및 독학학위제 학위수여자 현황,e-나라지표,index.go.kr,https://www.index.go.kr/unify/idx-info.do?idxCd=1558,
IDXN-1559,학교도서관 현황,e-나라지표,index.go.kr,https://www.index.go.kr/unify/idx-info.do?idxCd=1559,
IDXN-1560,"e-러닝(EBS고교강의, e학습터) 활용 현황",e-나라지표,index.go.kr,https://www.index.go.kr/unify/idx-info.do?idxCd=1560,
IDXN-1561,보훈대상자현황,e-나라지표,index.go.kr,https://www.index.go.kr/unify/idx-info.do?idxCd=1561,
IDXN-1562,보훈대상자 교육지원 현황,e-나라지표,index.go.kr,https://www.index.go.kr/unify/idx-info.do?idxCd=1562,
IDXN-1564,국내·외 현충시설 등 현황,e-나라지표,index.go.kr,https://www.index.go.kr/unify/idx-info.do?idxCd=1564,
IDXN-1566,보훈대상자 의료지원 실적,e-나라지표,index.go.kr,https://www.index.go.kr/unify/idx-info.do?idxCd=1566,
IDXN-1572,여성경제활동인구 및 참가율,e-나라지표,index.go.kr,https://www.index.go.kr/unify/idx-info.do?idxCd=1572,
IDXN-1574,종사상 지위별 여성취업자 구성비,e-나라지표,index.go.kr,https://www.index.go.kr/unify/idx-info.do?idxCd=1574,
IDXN-1575,여성 전문-관리직 종사자 구성비,e-나라지표,index.go.kr,https://www.index.go.kr/unify/idx-info.do?idxCd=1575,
IDXN-1576,가족의 형태별 분포,e-나라지표,index.go.kr,https://www.index.go.kr/unify/idx-info.do?idxCd=1576,
IDXN-1577,여성가구주 가구 비율,e-나라지표,index.go.kr,https://www.index.go.kr/unify/idx-info.do?idxCd=1577,
IDXN-1578,한부모 가구 비율,e-나라지표,index.go.kr,https://www.index.go.kr/unify/idx-info.do?idxCd=1578,
IDXN-1579,총 이혼건수 및 조이혼율,e-나라지표,index.go.kr,https://www.index.go.kr/unify/idx-info.do?idxCd=1579,
IDXN-1580,총 혼인건수 및 조혼인율,e-나라지표,index.go.kr,https://www.index.go.kr/unify/idx-info.do?idxCd=1580,
IDXN-1581,한부모가족복지시설 수 및 현황,e-나라지표,index.go.kr,https://www.index.go.kr/unify/idx-info.do?idxCd=1581,
IDXN-1582,건강가정지원센터 설치수,e-나라지표,index.go.kr,https://www.index.go.kr/unify/idx-info.do?idxCd=1582,
IDXN-1583,어린이집 시설수 및 아동수 현황,e-나라지표,index.go.kr,https://www.index.go.kr/unify/idx-info.do?idxCd=1583,
IDXN-1584,어린이집 시설 종사자 현황,e-나라지표,index.go.kr,https://www.index.go.kr/unify/idx-info.do?idxCd=1584,
IDXN-1585,"장애아전문,통합 어린이집 현황",e-나라지표,index.go.kr,https://www.index.go.kr/unify/idx-info.do?idxCd=1585,
IDXN-1588,IPU 여성 국회의원 비율 및 각국의 순위,e-나라지표,index.go.kr,https://www.index.go.kr/unify/idx-info.do?idxCd=1588,
IDXN-1589,정부위원회 여성참여율,e-나라지표,index.go.kr,https://www.index.go.kr/unify/idx-info.do?idxCd=1589,
IDXN-1591,성폭력관련시설 운영실적,e-나라지표,index.go.kr,https://www.index.go.kr/unify/idx-info.do?idxCd=1591,
IDXN-1592,성매매피해자지원 현황,e-나라지표,index.go.kr,https://www.index.go.kr/unify/idx-info.do?idxCd=1592,
IDXN-1594,가정폭력관련시설 운영실적,e-나라지표,index.go.kr,https://www.index.go.kr/unify/idx-info.do?idxCd=1594,
IDXN-1597,청소년 인구 및 구성비,e-나라지표,index.go.kr,https://www.index.go.kr/unify/idx-info.do?idxCd=1597,
IDXN-1600,전국 청소년 상담 내용 및 대상현황,e-나라지표,index.go.kr,https://www.index.go.kr/unify/idx-info.do?idxCd=1600,
IDXN-1601,1388 청소년 전화 접수현황,e-나라지표,index.go.kr,https://www.index.go.kr/unify/idx-info.do?idxCd=1601,
IDXN-1604,청소년 가출실태,e-나라지표,index.go.kr,https://www.index.go.kr/unify/idx-info.do?idxCd=1604,
IDXN-1605,경찰 인력 현황,e-나라지표,index.go.kr,https://www.index.go.kr/unify/idx-info.do?idxCd=1605,
IDXN-1606,총범죄 발생 및 검거,e-나라지표,index.go.kr,https://www.index.go.kr/unify/idx-info.do?idxCd=1606,
IDXN-1608,사이버범죄 발생 및 검거,e-나라지표,index.go.kr,https://www.index.go.kr/unify/idx-info.do?idxCd=1608,
IDXN-1609,112신고접수 현황,e-나라지표,index.go.kr,https://www.index.go.kr/unify/idx-info.do?idxCd=1609,
IDXN-1610,실종아동등 신고접수 및 처리현황,e-나라지표,index.go.kr,https://www.index.go.kr/unify/idx-info.do?idxCd=1610,
IDXN-1612,총기등 허가현황,e-나라지표,index.go.kr,https://www.index.go.kr/unify/idx-info.do?idxCd=1612,
IDXN-1613,집회시위현장 경찰관 부상자 발생,e-나라지표,index.go.kr,https://www.index.go.kr/unify/idx-info.do?idxCd=1613,
IDXN-1614,"교통사고 현황(사망, 부상)",e-나라지표,index.go.kr,https://www.index.go.kr/unify/idx-info.do?idxCd=1614,
IDXN-1616,어린이보호구역 지정현황,e-나라지표,index.go.kr,https://www.index.go.kr/unify/idx-info.do?idxCd=1616,
IDXN-1617,운전면허 소지자 현황,e-나라지표,index.go.kr,https://www.index.go.kr/unify/idx-info.do?idxCd=1617,
IDXN-1618,죄종별 외국인 범죄현황,e-나라지표,index.go.kr,https://www.index.go.kr/unify/idx-info.do?idxCd=1618,
IDXN-1619,국외도피사범 송환현황,e-나라지표,index.go.kr,https://www.index.go.kr/unify/idx-info.do?idxCd=1619,
IDXN-1621,해상 조난사고 현황,e-나라지표,index.go.kr,https://www.index.go.kr/unify/idx-info.do?idxCd=1621,
IDXN-1622,불법조업 외국어선 단속현황,e-나라지표,index.go.kr,https://www.index.go.kr/unify/idx-info.do?idxCd=1622,
IDXN-1623,해상범죄 발생건수 및 처리현황,e-나라지표,index.go.kr,https://www.index.go.kr/unify/idx-info.do?idxCd=1623,
IDXN-1624,밀수사범 단속현황,e-나라지표,index.go.kr,https://www.index.go.kr/unify/idx-info.do?idxCd=1624,
IDXN-1625,"밀입국자, 밀출국자 단속 현황",e-나라지표,index.go.kr,https://www.index.go.kr/unify/idx-info.do?idxCd=1625,
IDXN-1626,해양오염사고 발생현황,e-나라지표,index.go.kr,https://www.index.go.kr/unify/idx-info.do?idxCd=1626,
IDXN-1627,사고발생 및 인명피해,e-나라지표,index.go.kr,https://www.index.go.kr/unify/idx-info.do?idxCd=1627,
IDXN-1628,자연재난 발생,e-나라지표,index.go.kr,https://www.index.go.kr/unify/idx-info.do?idxCd=1628,
IDXN-1629,자연재난 복구비,e-나라지표,index.go.kr,https://www.index.go.kr/unify/idx-info.do?idxCd=1629,
IDXN-1630,민방위대 편성,e-나라지표,index.go.kr,https://www.index.go.kr/unify/idx-info.do?idxCd=1630,
IDXN-1631,소방인력 현황,e-나라지표,index.go.kr,https://www.index.go.kr/unify/idx-info.do?idxCd=1631,
IDXN-1632,화재발생 현황,e-나라지표,index.go.kr,https://www.index.go.kr/unify/idx-info.do?idxCd=1632,
IDXN-1633,구조활동 현황,e-나라지표,index.go.kr,https://www.index.go.kr/unify/idx-info.do?idxCd=1633,
IDXN-1634,구급활동 현황,e-나라지표,index.go.kr,https://www.index.go.kr/unify/idx-info.do?idxCd=1634,
IDXN-1635,공연/전시 횟수,e-나라지표,index.go.kr,https://www.index.go.kr/unify/idx-info.do?idxCd=1635,
IDXN-1636,무대전문인력 배출 추이,e-나라지표,index.go.kr,https://www.index.go.kr/unify/idx-info.do?idxCd=1636,
IDXN-1637,문화예술교육 프로그램 보급 추이,e-나라지표,index.go.kr,https://www.index.go.kr/unify/idx-info.do?idxCd=1637,
IDXN-1639,공공도서관 현황,e-나라지표,index.go.kr,https://www.index.go.kr/unify/idx-info.do?idxCd=1639,
IDXN-1640,등록 박물관/미술관 현황,e-나라지표,index.go.kr,https://www.index.go.kr/unify/idx-info.do?idxCd=1640,
IDXN-1641,공연장/문예회관 등 문화시설 추이,e-나라지표,index.go.kr,https://www.index.go.kr/unify/idx-info.do?idxCd=1641,
IDXN-1645,정기간행물 등록현황,e-나라지표,index.go.kr,https://www.index.go.kr/unify/idx-info.do?idxCd=1645,
IDXN-1646,방송프로그램 수출입 현황,e-나라지표,index.go.kr,https://www.index.go.kr/unify/idx-info.do?idxCd=1646,
IDXN-1648,출판현황,e-나라지표,index.go.kr,https://www.index.go.kr/unify/idx-info.do?idxCd=1648,
IDXN-1649,광고현황,e-나라지표,index.go.kr,https://www.index.go.kr/unify/idx-info.do?idxCd=1649,
IDXN-1651,관광사업 등록 및 지정 현황,e-나라지표,index.go.kr,https://www.index.go.kr/unify/idx-info.do?idxCd=1651,
IDXN-1652,국민여행 총량,e-나라지표,index.go.kr,https://www.index.go.kr/unify/idx-info.do?idxCd=1652,
IDXN-1653,외래관광객수,e-나라지표,index.go.kr,https://www.index.go.kr/unify/idx-info.do?idxCd=1653,
IDXN-1654,국제회의 개최 현황,e-나라지표,index.go.kr,https://www.index.go.kr/unify/idx-info.do?idxCd=1654,
IDXN-1655,해외여행자수,e-나라지표,index.go.kr,https://www.index.go.kr/unify/idx-info.do?idxCd=1655,
IDXN-1657,관광수지 실적,e-나라지표,index.go.kr,https://www.index.go.kr/unify/idx-info.do?idxCd=1657,
IDXN-1658,국민생활체육 참여현황,e-나라지표,index.go.kr,https://www.index.go.kr/unify/idx-info.do?idxCd=1658,
IDXN-1661,체육지도자 양성 현황,e-나라지표,index.go.kr,https://www.index.go.kr/unify/idx-info.do?idxCd=1661,
IDXN-1662,프로스포츠 운영 현황,e-나라지표,index.go.kr,https://www.index.go.kr/unify/idx-info.do?idxCd=1662,
IDXN-1663,스포츠산업 전문인력양성 현황,e-나라지표,index.go.kr,https://www.index.go.kr/unify/idx-info.do?idxCd=1663,
IDXN-1664,체육시설업 현황,e-나라지표,index.go.kr,https://www.index.go.kr/unify/idx-info.do?idxCd=1664,
IDXN-1667,국가등록문화유산 현황,e-나라지표,index.go.kr,https://www.index.go.kr/unify/idx-info.do?idxCd=1667,
IDXN-1668,유네스코 등재유산 현황,e-나라지표,index.go.kr,https://www.index.go.kr/unify/idx-info.do?idxCd=1668,
IDXN-1671,매장유산 발굴조사 현황,e-나라지표,index.go.kr,https://www.index.go.kr/unify/idx-info.do?idxCd=1671,
IDXN-1673,문화유산 국외전시 반출허가 현황,e-나라지표,index.go.kr,https://www.index.go.kr/unify/idx-info.do?idxCd=1673,
IDXN-1674,궁능원 관람객 수,e-나라지표,index.go.kr,https://www.index.go.kr/unify/idx-info.do?idxCd=1674,
IDXN-1675,국가유산 수리기술자.기능자 현황,e-나라지표,index.go.kr,https://www.index.go.kr/unify/idx-info.do?idxCd=1675,
IDXN-1676,재외공관 규모/분포,e-나라지표,index.go.kr,https://www.index.go.kr/unify/idx-info.do?idxCd=1676,
IDXN-1677,수교국/미수교국 현황,e-나라지표,index.go.kr,https://www.index.go.kr/unify/idx-info.do?idxCd=1677,
IDXN-1678,우리나라의 평화유지활동(PKO) 참여현황,e-나라지표,index.go.kr,https://www.index.go.kr/unify/idx-info.do?idxCd=1678,
IDXN-1679,우리 국민의 국제기구 진출 현황,e-나라지표,index.go.kr,https://www.index.go.kr/unify/idx-info.do?idxCd=1679,
IDXN-1680,우리나라가 당사자인 WTO 분쟁 현황,e-나라지표,index.go.kr,https://www.index.go.kr/unify/idx-info.do?idxCd=1680,
IDXN-1681,주요국가별 RTA(지역무역협정) 현황,e-나라지표,index.go.kr,https://www.index.go.kr/unify/idx-info.do?idxCd=1681,
IDXN-1682,재외동포현황,e-나라지표,index.go.kr,https://www.index.go.kr/unify/idx-info.do?idxCd=1682,
IDXN-1683,여권발급 추이,e-나라지표,index.go.kr,https://www.index.go.kr/unify/idx-info.do?idxCd=1683,
IDXN-1684,해외이주신고자 현황,e-나라지표,index.go.kr,https://www.index.go.kr/unify/idx-info.do?idxCd=1684,
IDXN-1686,유엔 정규 및 PKO 분담금 현황,e-나라지표,index.go.kr,https://www.index.go.kr/unify/idx-info.do?idxCd=1686,
IDXN-1687,ODA 원조규모,e-나라지표,index.go.kr,https://www.index.go.kr/unify/idx-info.do?idxCd=1687,
IDXN-1688,GNI대비 및 1인당 ODA 추이,e-나라지표,index.go.kr,https://www.index.go.kr/unify/idx-info.do?idxCd=1688,
IDXN-1689,APEC관련 수출입투자현황,e-나라지표,index.go.kr,https://www.index.go.kr/unify/idx-info.do?idxCd=1689,
IDXN-1690,"양자 ODA의 지원 분야별, 지역적 배분",e-나라지표,index.go.kr,https://www.index.go.kr/unify/idx-info.do?idxCd=1690,
IDXN-1693,남북교류협력기금 조성 추이,e-나라지표,index.go.kr,https://www.index.go.kr/unify/idx-info.do?idxCd=1693,
IDXN-1694,북한이탈주민 입국인원 현황,e-나라지표,index.go.kr,https://www.index.go.kr/unify/idx-info.do?idxCd=1694,
IDXN-1696,남북 이산가족 상봉 추이,e-나라지표,index.go.kr,https://www.index.go.kr/unify/idx-info.do?idxCd=1696,
IDXN-1698,남북 교역 추이,e-나라지표,index.go.kr,https://www.index.go.kr/unify/idx-info.do?idxCd=1698,
IDXN-1699,국방예산 추이,e-나라지표,index.go.kr,https://www.index.go.kr/unify/idx-info.do?idxCd=1699,
IDXN-1700,계급별 병사봉급 추이,e-나라지표,index.go.kr,https://www.index.go.kr/unify/idx-info.do?idxCd=1700,
IDXN-1701,군 사망사고 현황,e-나라지표,index.go.kr,https://www.index.go.kr/unify/idx-info.do?idxCd=1701,
IDXN-1702,방산물자/업체 지정현황,e-나라지표,index.go.kr,https://www.index.go.kr/unify/idx-info.do?idxCd=1702,
IDXN-1703,방산업체 경영실태,e-나라지표,index.go.kr,https://www.index.go.kr/unify/idx-info.do?idxCd=1703,
IDXN-1705,군수품 조달집행액 현황,e-나라지표,index.go.kr,https://www.index.go.kr/unify/idx-info.do?idxCd=1705,
IDXN-1707,군인연금 예산규모 및 수급자 추이,e-나라지표,index.go.kr,https://www.index.go.kr/unify/idx-info.do?idxCd=1707,
IDXN-1712,방위비분담금 현황,e-나라지표,index.go.kr,https://www.index.go.kr/unify/idx-info.do?idxCd=1712,
IDXN-1713,국방 교류협력 현황,e-나라지표,index.go.kr,https://www.index.go.kr/unify/idx-info.do?idxCd=1713,
IDXN-1715,해외파병 현황,e-나라지표,index.go.kr,https://www.index.go.kr/unify/idx-info.do?idxCd=1715,
IDXN-1716,병역자원 현황,e-나라지표,index.go.kr,https://www.index.go.kr/unify/idx-info.do?idxCd=1716,
IDXN-1718,병역판정검사 현황,e-나라지표,index.go.kr,https://www.index.go.kr/unify/idx-info.do?idxCd=1718,
IDXN-1722,사회복무요원소집 현황,e-나라지표,index.go.kr,https://www.index.go.kr/unify/idx-info.do?idxCd=1722,
IDXN-1723,국가소송사건수,e-나라지표,index.go.kr,https://www.index.go.kr/unify/idx-info.do?idxCd=1723,
IDXN-1724,행정소송 사건수,e-나라지표,index.go.kr,https://www.index.go.kr/unify/idx-info.do?idxCd=1724,
IDXN-1725,국가배상 사건수,e-나라지표,index.go.kr,https://www.index.go.kr/unify/idx-info.do?idxCd=1725,
IDXN-1726,역대사면실시현황,e-나라지표,index.go.kr,https://www.index.go.kr/unify/idx-info.do?idxCd=1726,
IDXN-1727,구속영장 청구 발부 현황,e-나라지표,index.go.kr,https://www.index.go.kr/unify/idx-info.do?idxCd=1727,
IDXN-1728,"1심, 2심 무죄 현황",e-나라지표,index.go.kr,https://www.index.go.kr/unify/idx-info.do?idxCd=1728,
IDXN-1729,항고 재항고 접수/처리 현황,e-나라지표,index.go.kr,https://www.index.go.kr/unify/idx-info.do?idxCd=1729,
IDXN-1730,형사보상금 지급 현황,e-나라지표,index.go.kr,https://www.index.go.kr/unify/idx-info.do?idxCd=1730,
IDXN-1731,피의자 보상금 지급 현황,e-나라지표,index.go.kr,https://www.index.go.kr/unify/idx-info.do?idxCd=1731,
IDXN-1732,전체사건 접수/처리 현황,e-나라지표,index.go.kr,https://www.index.go.kr/unify/idx-info.do?idxCd=1732,
IDXN-1733,변호사/공증사무소 현황,e-나라지표,index.go.kr,https://www.index.go.kr/unify/idx-info.do?idxCd=1733,
IDXN-1735,보호관찰 현황,e-나라지표,index.go.kr,https://www.index.go.kr/unify/idx-info.do?idxCd=1735,
IDXN-1736,보호관찰대상자 재범률,e-나라지표,index.go.kr,https://www.index.go.kr/unify/idx-info.do?idxCd=1736,
IDXN-1738,보호소년 · 위탁소년 현황,e-나라지표,index.go.kr,https://www.index.go.kr/unify/idx-info.do?idxCd=1738,
IDXN-1739,교정시설 수용현황(1일 평균 수용 인원),e-나라지표,index.go.kr,https://www.index.go.kr/unify/idx-info.do?idxCd=1739,
IDXN-1740,범죄 유형별 형사사건 처리현황(경제사범),e-나라지표,index.go.kr,https://www.index.go.kr/unify/idx-info.do?idxCd=1740,
IDXN-1741,범죄 유형별 형사사건 처리현황(폭력사범),e-나라지표,index.go.kr,https://www.index.go.kr/unify/idx-info.do?idxCd=1741,
IDXN-1742,범죄 유형별 형사사건 처리현황(흉악사범),e-나라지표,index.go.kr,https://www.index.go.kr/unify/idx-info.do?idxCd=1742,
IDXN-1743,범죄 유형별 형사사건 처리현황-교통사범,e-나라지표,index.go.kr,https://www.index.go.kr/unify/idx-info.do?idxCd=1743,
IDXN-1744,범죄 유형별 형사사건 처리현황(병역사범),e-나라지표,index.go.kr,https://www.index.go.kr/unify/idx-info.do?idxCd=1744,
IDXN-1745,범죄유형별 공안사건 처리현황-국가보안법 위반사범,e-나라지표,index.go.kr,https://www.index.go.kr/unify/idx-info.do?idxCd=1745,
IDXN-1747,범죄유형별 공안사건 처리현황-선거사범,e-나라지표,index.go.kr,https://www.index.go.kr/unify/idx-info.do?idxCd=1747,
IDXN-1750,범죄유형별 형사사건 처리현황-소년사범,e-나라지표,index.go.kr,https://www.index.go.kr/unify/idx-info.do?idxCd=1750,
IDXN-1752,신분별 사건처리 현황-외국인사건 등,e-나라지표,index.go.kr,https://www.index.go.kr/unify/idx-info.do?idxCd=1752,
IDXN-1753,5대 강력사범 접수/처리 현황,e-나라지표,index.go.kr,https://www.index.go.kr/unify/idx-info.do?idxCd=1753,
IDXN-1754,고소사건 접수/처리 현황,e-나라지표,index.go.kr,https://www.index.go.kr/unify/idx-info.do?idxCd=1754,
IDXN-1755,고발사건 접수/처리 추이,e-나라지표,index.go.kr,https://www.index.go.kr/unify/idx-info.do?idxCd=1755,
IDXN-1756,총 출입국자 현황,e-나라지표,index.go.kr,https://www.index.go.kr/unify/idx-info.do?idxCd=1756,
IDXN-1757,출입국관리법 위반자 처리 현황,e-나라지표,index.go.kr,https://www.index.go.kr/unify/idx-info.do?idxCd=1757,
IDXN-1760,국적통계 추이,e-나라지표,index.go.kr,https://www.index.go.kr/unify/idx-info.do?idxCd=1760,
IDXN-1761,국가기록물 열람 현황,e-나라지표,index.go.kr,https://www.index.go.kr/unify/idx-info.do?idxCd=1761,
IDXN-1762,지방자치단체 여성공무원,e-나라지표,index.go.kr,https://www.index.go.kr/unify/idx-info.do?idxCd=1762,
IDXN-1765,군병원 외래/입원환자 현황,e-나라지표,index.go.kr,https://www.index.go.kr/unify/idx-info.do?idxCd=1765,
IDXN-1768,노사협의회 설치 현황,e-나라지표,index.go.kr,https://www.index.go.kr/unify/idx-info.do?idxCd=1768,
IDXN-1769,퇴직연금 도입 현황,e-나라지표,index.go.kr,https://www.index.go.kr/unify/idx-info.do?idxCd=1769,
IDXN-1770,해양사고 통계,e-나라지표,index.go.kr,https://www.index.go.kr/unify/idx-info.do?idxCd=1770,
IDXN-2416,"농가부채, 자산, 부채상환능력",e-나라지표,index.go.kr,https://www.index.go.kr/unify/idx-info.do?idxCd=2416,
IDXN-2417,농가교역조건지수,e-나라지표,index.go.kr,https://www.index.go.kr/unify/idx-info.do?idxCd=2417,
IDXN-2421,농업인 복지지원현황,e-나라지표,index.go.kr,https://www.index.go.kr/unify/idx-info.do?idxCd=2421,
IDXN-2422,농약 및 화학비료 사용량,e-나라지표,index.go.kr,https://www.index.go.kr/unify/idx-info.do?idxCd=2422,
IDXN-2423,보훈 보상금 지급 현황,e-나라지표,index.go.kr,https://www.index.go.kr/unify/idx-info.do?idxCd=2423,
IDXN-2424,독립유공자 포상자 현황,e-나라지표,index.go.kr,https://www.index.go.kr/unify/idx-info.do?idxCd=2424,
IDXN-2425,국립묘지별 안장현황,e-나라지표,index.go.kr,https://www.index.go.kr/unify/idx-info.do?idxCd=2425,
IDXN-2426,무역구제제도 연도별 발생 현황,e-나라지표,index.go.kr,https://www.index.go.kr/unify/idx-info.do?idxCd=2426,
IDXN-2428,주요관광지점 입장객 통계,e-나라지표,index.go.kr,https://www.index.go.kr/unify/idx-info.do?idxCd=2428,
IDXN-2429,전통사찰 지정등록 현황,e-나라지표,index.go.kr,https://www.index.go.kr/unify/idx-info.do?idxCd=2429,
IDXN-2430,국제결혼 현황,e-나라지표,index.go.kr,https://www.index.go.kr/unify/idx-info.do?idxCd=2430,
IDXN-2432,상호저축은행 고정이하여신비율,e-나라지표,index.go.kr,https://www.index.go.kr/unify/idx-info.do?idxCd=2432,
IDXN-2433,신용카드 이용실적,e-나라지표,index.go.kr,https://www.index.go.kr/unify/idx-info.do?idxCd=2433,
IDXN-2434,은행의 기업 및 가계대출 연체대출채권 비율,e-나라지표,index.go.kr,https://www.index.go.kr/unify/idx-info.do?idxCd=2434,
IDXN-2435,은행의 대손충당금 적립률(Coverage Ratio),e-나라지표,index.go.kr,https://www.index.go.kr/unify/idx-info.do?idxCd=2435,
IDXN-2437,"시가총액 대비 투신편입 주식, 채권 비중",e-나라지표,index.go.kr,https://www.index.go.kr/unify/idx-info.do?idxCd=2437,
IDXN-2439,코스피 200 선물 거래 추이,e-나라지표,index.go.kr,https://www.index.go.kr/unify/idx-info.do?idxCd=2439,
IDXN-2440,보험회사 수입보험료 규모,e-나라지표,index.go.kr,https://www.index.go.kr/unify/idx-info.do?idxCd=2440,
IDXN-2441,보험회사 자산 현황,e-나라지표,index.go.kr,https://www.index.go.kr/unify/idx-info.do?idxCd=2441,
IDXN-2444,주요 영화산업국가의 자국영화 점유율 현황,e-나라지표,index.go.kr,https://www.index.go.kr/unify/idx-info.do?idxCd=2444,
IDXN-2446,국가유공자 등 재가복지서비스 현황,e-나라지표,index.go.kr,https://www.index.go.kr/unify/idx-info.do?idxCd=2446,
IDXN-2455,10대 수출입 품목,e-나라지표,index.go.kr,https://www.index.go.kr/unify/idx-info.do?idxCd=2455,
IDXN-2457,전자상거래 물품 수입 동향,e-나라지표,index.go.kr,https://www.index.go.kr/unify/idx-info.do?idxCd=2457,
IDXN-2458,지방자치단체 재정자립도,e-나라지표,index.go.kr,https://www.index.go.kr/unify/idx-info.do?idxCd=2458,
IDXN-2460,조정 및 심판사건 처리 현황,e-나라지표,index.go.kr,https://www.index.go.kr/unify/idx-info.do?idxCd=2460,
IDXN-2461,과세전 적부심사청구 처리 현황,e-나라지표,index.go.kr,https://www.index.go.kr/unify/idx-info.do?idxCd=2461,
IDXN-2464,종합소득세 기장신고자 현황,e-나라지표,index.go.kr,https://www.index.go.kr/unify/idx-info.do?idxCd=2464,
IDXN-2465,주세 신고현황,e-나라지표,index.go.kr,https://www.index.go.kr/unify/idx-info.do?idxCd=2465,
IDXN-2467,범죄유형별 형사사건 처리현황-환경사범,e-나라지표,index.go.kr,https://www.index.go.kr/unify/idx-info.do?idxCd=2467,
IDXN-2468,국방부 예산 결산현황,e-나라지표,index.go.kr,https://www.index.go.kr/unify/idx-info.do?idxCd=2468,
IDXN-2469,남북군사회담 개최현황,e-나라지표,index.go.kr,https://www.index.go.kr/unify/idx-info.do?idxCd=2469,
IDXN-2470,남북군사회담합의서 체결현황,e-나라지표,index.go.kr,https://www.index.go.kr/unify/idx-info.do?idxCd=2470,
IDXN-2471,예비군 교육훈련 현황,e-나라지표,index.go.kr,https://www.index.go.kr/unify/idx-info.do?idxCd=2471,
IDXN-2472,병영생활관 개선 현황,e-나라지표,index.go.kr,https://www.index.go.kr/unify/idx-info.do?idxCd=2472,
IDXN-2477,비정규직 고용동향,e-나라지표,index.go.kr,https://www.index.go.kr/unify/idx-info.do?idxCd=2477,
IDXN-2478,정규직과 비정규직의 시간당 임금총액,e-나라지표,index.go.kr,https://www.index.go.kr/unify/idx-info.do?idxCd=2478,
IDXN-2479,민사 및 형사 법률구조 현황,e-나라지표,index.go.kr,https://www.index.go.kr/unify/idx-info.do?idxCd=2479,
IDXN-2482,보훈대상자 평균 연령 현황,e-나라지표,index.go.kr,https://www.index.go.kr/unify/idx-info.do?idxCd=2482,
IDXN-2483,상이 국가유공자 등 상이등급 판정 현황,e-나라지표,index.go.kr,https://www.index.go.kr/unify/idx-info.do?idxCd=2483,
IDXN-2484,국외안장선열 유해봉환 현황,e-나라지표,index.go.kr,https://www.index.go.kr/unify/idx-info.do?idxCd=2484,
IDXN-2486,보훈심사 현황,e-나라지표,index.go.kr,https://www.index.go.kr/unify/idx-info.do?idxCd=2486,
IDXN-2501,국내 SW 수출액 현황,e-나라지표,index.go.kr,https://www.index.go.kr/unify/idx-info.do?idxCd=2501,
IDXN-2505,청소년 방과후 아카데미 운영 현황,e-나라지표,index.go.kr,https://www.index.go.kr/unify/idx-info.do?idxCd=2505,
IDXN-2623,국세청 소관 세수실적,e-나라지표,index.go.kr,https://www.index.go.kr/unify/idx-info.do?idxCd=2623,
IDXN-2624,종합부동산세 결정현황,e-나라지표,index.go.kr,https://www.index.go.kr/unify/idx-info.do?idxCd=2624,
IDXN-2625,부가가치세 면세사업자 수입금액 현황,e-나라지표,index.go.kr,https://www.index.go.kr/unify/idx-info.do?idxCd=2625,
IDXN-2629,제대군인 현황,e-나라지표,index.go.kr,https://www.index.go.kr/unify/idx-info.do?idxCd=2629,
IDXN-2685,탈세제보자료 처리 현황,e-나라지표,index.go.kr,https://www.index.go.kr/unify/idx-info.do?idxCd=2685,
IDXN-2690,향후 늘려야 할 복지서비스,e-나라지표,index.go.kr,https://www.index.go.kr/unify/idx-info.do?idxCd=2690,
IDXN-2692,노후준비방법,e-나라지표,index.go.kr,https://www.index.go.kr/unify/idx-info.do?idxCd=2692,
IDXN-2693,현금 기부 인구,e-나라지표,index.go.kr,https://www.index.go.kr/unify/idx-info.do?idxCd=2693,
IDXN-2694,독서인구,e-나라지표,index.go.kr,https://www.index.go.kr/unify/idx-info.do?idxCd=2694,
IDXN-2695,앞으로 하고 싶은 여가활동,e-나라지표,index.go.kr,https://www.index.go.kr/unify/idx-info.do?idxCd=2695,
IDXN-2696,내년 가구의 재정상태,e-나라지표,index.go.kr,https://www.index.go.kr/unify/idx-info.do?idxCd=2696,
IDXN-2697,우리나라 초·중·고 학생의 사교육 현황,e-나라지표,index.go.kr,https://www.index.go.kr/unify/idx-info.do?idxCd=2697,
IDXN-2698,즉결심판 청구건수,e-나라지표,index.go.kr,https://www.index.go.kr/unify/idx-info.do?idxCd=2698,
IDXN-2701,기업부설 연구소 수,e-나라지표,index.go.kr,https://www.index.go.kr/unify/idx-info.do?idxCd=2701,
IDXN-2702,인천공항 물동량 및 환적률,e-나라지표,index.go.kr,https://www.index.go.kr/unify/idx-info.do?idxCd=2702,
IDXN-2703,채권발행/유통현황,e-나라지표,index.go.kr,https://www.index.go.kr/unify/idx-info.do?idxCd=2703,
IDXN-2704,쌀 전업농 경영면적 비중,e-나라지표,index.go.kr,https://www.index.go.kr/unify/idx-info.do?idxCd=2704,
IDXN-2705,비만 유병률,e-나라지표,index.go.kr,https://www.index.go.kr/unify/idx-info.do?idxCd=2705,
IDXN-2707,아동급식지원 현황,e-나라지표,index.go.kr,https://www.index.go.kr/unify/idx-info.do?idxCd=2707,
IDXN-2708,국내 입양아 수 및 입양 비율,e-나라지표,index.go.kr,https://www.index.go.kr/unify/idx-info.do?idxCd=2708,
IDXN-2709,국민연금 수급자 현황,e-나라지표,index.go.kr,https://www.index.go.kr/unify/idx-info.do?idxCd=2709,
IDXN-2710,취업장애인 월평균 소득,e-나라지표,index.go.kr,https://www.index.go.kr/unify/idx-info.do?idxCd=2710,
IDXN-2711,아동 안전사고 현황,e-나라지표,index.go.kr,https://www.index.go.kr/unify/idx-info.do?idxCd=2711,
IDXN-2713,가족과 함께하는 생활시간량,e-나라지표,index.go.kr,https://www.index.go.kr/unify/idx-info.do?idxCd=2713,
IDXN-2714,남성대비 여성 임금비율,e-나라지표,index.go.kr,https://www.index.go.kr/unify/idx-info.do?idxCd=2714,
IDXN-2715,수요기관 및 조달업체 등록현황,e-나라지표,index.go.kr,https://www.index.go.kr/unify/idx-info.do?idxCd=2715,
IDXN-2716,노동생산성 지수,e-나라지표,index.go.kr,https://www.index.go.kr/unify/idx-info.do?idxCd=2716,
IDXN-2717,개성공단 생산액 및 근로자 현황,e-나라지표,index.go.kr,https://www.index.go.kr/unify/idx-info.do?idxCd=2717,
IDXN-2718,자원봉사 참여(성인),e-나라지표,index.go.kr,https://www.index.go.kr/unify/idx-info.do?idxCd=2718,
IDXN-2719,지하수 및 지표수의 연간 취수량,e-나라지표,index.go.kr,https://www.index.go.kr/unify/idx-info.do?idxCd=2719,
IDXN-2721,시장집중도 현황,e-나라지표,index.go.kr,https://www.index.go.kr/unify/idx-info.do?idxCd=2721,
IDXN-2722,보훈대상자 취업 및 대부지원 현황,e-나라지표,index.go.kr,https://www.index.go.kr/unify/idx-info.do?idxCd=2722,
IDXN-2723,제대군인 지원 현황,e-나라지표,index.go.kr,https://www.index.go.kr/unify/idx-info.do?idxCd=2723,
IDXN-2724,고충민원 접수·처리 현황,e-나라지표,index.go.kr,https://www.index.go.kr/unify/idx-info.do?idxCd=2724,
IDXN-2725,시정권고 및 조정합의 현황,e-나라지표,index.go.kr,https://www.index.go.kr/unify/idx-info.do?idxCd=2725,
IDXN-2727,국가물류비 현황,e-나라지표,index.go.kr,https://www.index.go.kr/unify/idx-info.do?idxCd=2727,
IDXN-2728,"국토현황(행정구역별,소유자별,지목별)",e-나라지표,index.go.kr,https://www.index.go.kr/unify/idx-info.do?idxCd=2728,
IDXN-2729,수도권과 지방현황,e-나라지표,index.go.kr,https://www.index.go.kr/unify/idx-info.do?idxCd=2729,
IDXN-2730,전국 무역항 항만시설 확보율,e-나라지표,index.go.kr,https://www.index.go.kr/unify/idx-info.do?idxCd=2730,
IDXN-2731,택지공급/지정 실적,e-나라지표,index.go.kr,https://www.index.go.kr/unify/idx-info.do?idxCd=2731,
IDXN-2732,기업자금조달 현황,e-나라지표,index.go.kr,https://www.index.go.kr/unify/idx-info.do?idxCd=2732,
IDXN-2735,경상수지 및 무역수지,e-나라지표,index.go.kr,https://www.index.go.kr/unify/idx-info.do?idxCd=2735,
IDXN-2736,국내총생산 및 경제성장률 (GDP),e-나라지표,index.go.kr,https://www.index.go.kr/unify/idx-info.do?idxCd=2736,
IDXN-2738,민간투자사업 현황,e-나라지표,index.go.kr,https://www.index.go.kr/unify/idx-info.do?idxCd=2738,
IDXN-2739,정부재정 현황,e-나라지표,index.go.kr,https://www.index.go.kr/unify/idx-info.do?idxCd=2739,
IDXN-2741,국가기술자격 응시 및 취득 현황,e-나라지표,index.go.kr,https://www.index.go.kr/unify/idx-info.do?idxCd=2741,
IDXN-2742,산재보험 징수 및 지급 현황,e-나라지표,index.go.kr,https://www.index.go.kr/unify/idx-info.do?idxCd=2742,
IDXN-2743,농림축산식품 수출입 동향,e-나라지표,index.go.kr,https://www.index.go.kr/unify/idx-info.do?idxCd=2743,
IDXN-2744,농림업 생산액 및 GDP대비 부가가치 비중,e-나라지표,index.go.kr,https://www.index.go.kr/unify/idx-info.do?idxCd=2744,
IDXN-2745,농가 및 농가 인구,e-나라지표,index.go.kr,https://www.index.go.kr/unify/idx-info.do?idxCd=2745,
IDXN-2748,어업생산량 및 양식량,e-나라지표,index.go.kr,https://www.index.go.kr/unify/idx-info.do?idxCd=2748,
IDXN-2749,직접지불금 현황,e-나라지표,index.go.kr,https://www.index.go.kr/unify/idx-info.do?idxCd=2749,
IDXN-2750,국가지정유산 현황,e-나라지표,index.go.kr,https://www.index.go.kr/unify/idx-info.do?idxCd=2750,
IDXN-2751,공공체육시설 현황 및 1인당 체육시설 면적,e-나라지표,index.go.kr,https://www.index.go.kr/unify/idx-info.do?idxCd=2751,
IDXN-2752,문화산업 현황,e-나라지표,index.go.kr,https://www.index.go.kr/unify/idx-info.do?idxCd=2752,
IDXN-2755,시내/이동전화 가입자,e-나라지표,index.go.kr,https://www.index.go.kr/unify/idx-info.do?idxCd=2755,
IDXN-2756,체류 외국인 현황,e-나라지표,index.go.kr,https://www.index.go.kr/unify/idx-info.do?idxCd=2756,
IDXN-2757,현역병 입영현황,e-나라지표,index.go.kr,https://www.index.go.kr/unify/idx-info.do?idxCd=2757,
IDXN-2758,기대수명(0세 기대여명) 및 유병기간 제외 기대수명(건강수명),e-나라지표,index.go.kr,https://www.index.go.kr/unify/idx-info.do?idxCd=2758,
IDXN-2759,사회복지 지출규모,e-나라지표,index.go.kr,https://www.index.go.kr/unify/idx-info.do?idxCd=2759,
IDXN-2760,국민기초생활보장 수급 현황,e-나라지표,index.go.kr,https://www.index.go.kr/unify/idx-info.do?idxCd=2760,
IDXN-2761,식중독 발생건수 및 환자수,e-나라지표,index.go.kr,https://www.index.go.kr/unify/idx-info.do?idxCd=2761,
IDXN-2762,기준 중위소득 추이,e-나라지표,index.go.kr,https://www.index.go.kr/unify/idx-info.do?idxCd=2762,
IDXN-2763,건강보험 재정 및 급여율,e-나라지표,index.go.kr,https://www.index.go.kr/unify/idx-info.do?idxCd=2763,
IDXN-2764,국민연금 재정현황,e-나라지표,index.go.kr,https://www.index.go.kr/unify/idx-info.do?idxCd=2764,
IDXN-2765,국민영양 현황,e-나라지표,index.go.kr,https://www.index.go.kr/unify/idx-info.do?idxCd=2765,
IDXN-2766,노인복지시설 현황,e-나라지표,index.go.kr,https://www.index.go.kr/unify/idx-info.do?idxCd=2766,
IDXN-2767,노인일자리 및 노후생활 현황,e-나라지표,index.go.kr,https://www.index.go.kr/unify/idx-info.do?idxCd=2767,
IDXN-2768,장애인 현황,e-나라지표,index.go.kr,https://www.index.go.kr/unify/idx-info.do?idxCd=2768,
IDXN-2769,영아/모성 사망,e-나라지표,index.go.kr,https://www.index.go.kr/unify/idx-info.do?idxCd=2769,
IDXN-2770,암 발생 및 사망 현황,e-나라지표,index.go.kr,https://www.index.go.kr/unify/idx-info.do?idxCd=2770,
IDXN-2771,음주 및 흡연현황,e-나라지표,index.go.kr,https://www.index.go.kr/unify/idx-info.do?idxCd=2771,
IDXN-2773,장애인복지시설 및 사업현황,e-나라지표,index.go.kr,https://www.index.go.kr/unify/idx-info.do?idxCd=2773,
IDXN-2774,청소년 상담사/지도사 현황,e-나라지표,index.go.kr,https://www.index.go.kr/unify/idx-info.do?idxCd=2774,
IDXN-2775,청소년 수련시설 설치현황,e-나라지표,index.go.kr,https://www.index.go.kr/unify/idx-info.do?idxCd=2775,
IDXN-2776,청소년 유해매체 및 약물경험 실태,e-나라지표,index.go.kr,https://www.index.go.kr/unify/idx-info.do?idxCd=2776,
IDXN-2777,공사계약 실적,e-나라지표,index.go.kr,https://www.index.go.kr/unify/idx-info.do?idxCd=2777,
IDXN-2778,혁신형 중소기업 현황,e-나라지표,index.go.kr,https://www.index.go.kr/unify/idx-info.do?idxCd=2778,
IDXN-2779,자영업자 현황,e-나라지표,index.go.kr,https://www.index.go.kr/unify/idx-info.do?idxCd=2779,
IDXN-2780,중소기업 금융지원 현황,e-나라지표,index.go.kr,https://www.index.go.kr/unify/idx-info.do?idxCd=2780,
IDXN-2781,에너지 수급현황,e-나라지표,index.go.kr,https://www.index.go.kr/unify/idx-info.do?idxCd=2781,
IDXN-2782,ICT 수출입 동향,e-나라지표,index.go.kr,https://www.index.go.kr/unify/idx-info.do?idxCd=2782,
IDXN-2783,남북 인적교류 및 물동량 추이,e-나라지표,index.go.kr,https://www.index.go.kr/unify/idx-info.do?idxCd=2783,
IDXN-2784,대북지원 현황,e-나라지표,index.go.kr,https://www.index.go.kr/unify/idx-info.do?idxCd=2784,
IDXN-2785,특허 등 심사청구/처리 현황,e-나라지표,index.go.kr,https://www.index.go.kr/unify/idx-info.do?idxCd=2785,
IDXN-2786,특허 등 심판청구/처리 현황,e-나라지표,index.go.kr,https://www.index.go.kr/unify/idx-info.do?idxCd=2786,
IDXN-2787,특허 등 출원/등록건수,e-나라지표,index.go.kr,https://www.index.go.kr/unify/idx-info.do?idxCd=2787,
IDXN-2788,수질현황,e-나라지표,index.go.kr,https://www.index.go.kr/unify/idx-info.do?idxCd=2788,
IDXN-2789,주요 도시 대기오염도,e-나라지표,index.go.kr,https://www.index.go.kr/unify/idx-info.do?idxCd=2789,
IDXN-2790,토양오염도 현황,e-나라지표,index.go.kr,https://www.index.go.kr/unify/idx-info.do?idxCd=2790,
IDXN-2791,화학물질 배출량 및 통계 조사,e-나라지표,index.go.kr,https://www.index.go.kr/unify/idx-info.do?idxCd=2791,
IDXN-2808,전국 도시숲 현황,e-나라지표,index.go.kr,https://www.index.go.kr/unify/idx-info.do?idxCd=2808,
IDXN-2809,범죄피해구조금 지급현황,e-나라지표,index.go.kr,https://www.index.go.kr/unify/idx-info.do?idxCd=2809,
IDXN-2810,특정 범죄자 위치추적 현황,e-나라지표,index.go.kr,https://www.index.go.kr/unify/idx-info.do?idxCd=2810,
IDXN-2811,보호관찰 조사 현황,e-나라지표,index.go.kr,https://www.index.go.kr/unify/idx-info.do?idxCd=2811,
IDXN-2813,국립법무병원 수용자 현황,e-나라지표,index.go.kr,https://www.index.go.kr/unify/idx-info.do?idxCd=2813,
IDXN-2814,수형자 학과교육 현황,e-나라지표,index.go.kr,https://www.index.go.kr/unify/idx-info.do?idxCd=2814,
IDXN-2816,출소자 취업 현황,e-나라지표,index.go.kr,https://www.index.go.kr/unify/idx-info.do?idxCd=2816,
IDXN-2817,수형자 출소사유별 현황,e-나라지표,index.go.kr,https://www.index.go.kr/unify/idx-info.do?idxCd=2817,
IDXN-2818,출소자 3년 이내 재복역률,e-나라지표,index.go.kr,https://www.index.go.kr/unify/idx-info.do?idxCd=2818,
IDXN-2819,결혼이민자 현황,e-나라지표,index.go.kr,https://www.index.go.kr/unify/idx-info.do?idxCd=2819,
IDXN-2820,난민 통계 현황,e-나라지표,index.go.kr,https://www.index.go.kr/unify/idx-info.do?idxCd=2820,
IDXN-2821,외국국적동포 현황,e-나라지표,index.go.kr,https://www.index.go.kr/unify/idx-info.do?idxCd=2821,
IDXN-2822,분류심사 · 상담조사 · 대안교육 실시인원 현황,e-나라지표,index.go.kr,https://www.index.go.kr/unify/idx-info.do?idxCd=2822,
IDXN-2823,신용카드 발행세액 공제현황,e-나라지표,index.go.kr,https://www.index.go.kr/unify/idx-info.do?idxCd=2823,
IDXN-2824,주류 출고량 현황,e-나라지표,index.go.kr,https://www.index.go.kr/unify/idx-info.do?idxCd=2824,
IDXN-2825,연도별 사업자 현황,e-나라지표,index.go.kr,https://www.index.go.kr/unify/idx-info.do?idxCd=2825,
IDXN-2826,근로장려금 신청 및 지급현황,e-나라지표,index.go.kr,https://www.index.go.kr/unify/idx-info.do?idxCd=2826,
IDXN-2829,"청소년 현재 흡연율, 청소년 현재 음주율",e-나라지표,index.go.kr,https://www.index.go.kr/unify/idx-info.do?idxCd=2829,
IDXN-2835,교원 노동조합 조직현황,e-나라지표,index.go.kr,https://www.index.go.kr/unify/idx-info.do?idxCd=2835,
IDXN-2836,공무원 노동조합 조직현황,e-나라지표,index.go.kr,https://www.index.go.kr/unify/idx-info.do?idxCd=2836,
IDXN-2837,우리나라 조약발효현황,e-나라지표,index.go.kr,https://www.index.go.kr/unify/idx-info.do?idxCd=2837,
IDXN-2838,전산업생산지수,e-나라지표,index.go.kr,https://www.index.go.kr/unify/idx-info.do?idxCd=2838,
IDXN-2839,주택멸실현황,e-나라지표,index.go.kr,https://www.index.go.kr/unify/idx-info.do?idxCd=2839,
IDXN-2840,국가유산지킴이 위촉 현황,e-나라지표,index.go.kr,https://www.index.go.kr/unify/idx-info.do?idxCd=2840,
IDXN-2841,각 군 현역병 모집 입영 현황,e-나라지표,index.go.kr,https://www.index.go.kr/unify/idx-info.do?idxCd=2841,
IDXN-2842,성불평등지수(GII) 현황,e-나라지표,index.go.kr,https://www.index.go.kr/unify/idx-info.do?idxCd=2842,
IDXN-2844,공공데이터 개방 및 활용,e-나라지표,index.go.kr,https://www.index.go.kr/unify/idx-info.do?idxCd=2844,
IDXN-2845,승강기 보유 및 사고,e-나라지표,index.go.kr,https://www.index.go.kr/unify/idx-info.do?idxCd=2845,
IDXN-2846,국립과학수사연구원 감정 실적,e-나라지표,index.go.kr,https://www.index.go.kr/unify/idx-info.do?idxCd=2846,
IDXN-2847,지방공기업 재무,e-나라지표,index.go.kr,https://www.index.go.kr/unify/idx-info.do?idxCd=2847,
IDXN-2848,상속세 및 증여세 결정현황,e-나라지표,index.go.kr,https://www.index.go.kr/unify/idx-info.do?idxCd=2848,
IDXN-2849,외국법인 법인세 및 외국인 소득세 신고현황,e-나라지표,index.go.kr,https://www.index.go.kr/unify/idx-info.do?idxCd=2849,
IDXN-2850,현금영수증 발급 및 가맹점 현황,e-나라지표,index.go.kr,https://www.index.go.kr/unify/idx-info.do?idxCd=2850,
IDXN-2851,새마을금고 현황,e-나라지표,index.go.kr,https://www.index.go.kr/unify/idx-info.do?idxCd=2851,
IDXN-2852,특별재난지역 선포,e-나라지표,index.go.kr,https://www.index.go.kr/unify/idx-info.do?idxCd=2852,
IDXN-2853,행정부 소속 재산등록의무자 현황,e-나라지표,index.go.kr,https://www.index.go.kr/unify/idx-info.do?idxCd=2853,
IDXN-2854,자전거도로,e-나라지표,index.go.kr,https://www.index.go.kr/unify/idx-info.do?idxCd=2854,
IDXN-2855,공공기관 CCTV 설치 및 운영,e-나라지표,index.go.kr,https://www.index.go.kr/unify/idx-info.do?idxCd=2855,
IDXN-2856,비영리민간단체 등록,e-나라지표,index.go.kr,https://www.index.go.kr/unify/idx-info.do?idxCd=2856,
IDXN-2857,자치단체 재정자주도,e-나라지표,index.go.kr,https://www.index.go.kr/unify/idx-info.do?idxCd=2857,
IDXN-2858,중앙행정기관 장애인 공무원 고용률,e-나라지표,index.go.kr,https://www.index.go.kr/unify/idx-info.do?idxCd=2858,
IDXN-2859,공무원연금기금 증식 및 운용 현황,e-나라지표,index.go.kr,https://www.index.go.kr/unify/idx-info.do?idxCd=2859,
IDXN-2860,지방자치단체 사회복지분야 예산 비중,e-나라지표,index.go.kr,https://www.index.go.kr/unify/idx-info.do?idxCd=2860,
IDXN-2861,전자정부서비스 이용실태조사 결과,e-나라지표,index.go.kr,https://www.index.go.kr/unify/idx-info.do?idxCd=2861,
IDXN-2862,의약품 생산현황,e-나라지표,index.go.kr,https://www.index.go.kr/unify/idx-info.do?idxCd=2862,
IDXN-2863,의료기기 생산현황,e-나라지표,index.go.kr,https://www.index.go.kr/unify/idx-info.do?idxCd=2863,
IDXN-2864,식품 및 식품첨가물 생산현황,e-나라지표,index.go.kr,https://www.index.go.kr/unify/idx-info.do?idxCd=2864,
IDXN-3026,가족친화인증 기업체수,e-나라지표,index.go.kr,https://www.index.go.kr/unify/idx-info.do?idxCd=3026,
IDXN-3027,혼인상태별 및 맞벌이상태별 가사노동시간,e-나라지표,index.go.kr,https://www.index.go.kr/unify/idx-info.do?idxCd=3027,
IDXN-3029,가사분담에 대한 견해 및 실태,e-나라지표,index.go.kr,https://www.index.go.kr/unify/idx-info.do?idxCd=3029,
IDXN-3032,남녀취업자의 주당 평균 노동시간,e-나라지표,index.go.kr,https://www.index.go.kr/unify/idx-info.do?idxCd=3032,
IDXN-3033,자녀연령별 부모의 근로시간,e-나라지표,index.go.kr,https://www.index.go.kr/unify/idx-info.do?idxCd=3033,
IDXN-3034,맞벌이 부부의 근로시간,e-나라지표,index.go.kr,https://www.index.go.kr/unify/idx-info.do?idxCd=3034,
IDXN-3037,맞벌이가구 비율,e-나라지표,index.go.kr,https://www.index.go.kr/unify/idx-info.do?idxCd=3037,
IDXN-3038,여성 경력단절 규모,e-나라지표,index.go.kr,https://www.index.go.kr/unify/idx-info.do?idxCd=3038,
IDXN-3039,여성 경력단절 사유,e-나라지표,index.go.kr,https://www.index.go.kr/unify/idx-info.do?idxCd=3039,
IDXN-3040,여성취업자의 경력단절 경험유무,e-나라지표,index.go.kr,https://www.index.go.kr/unify/idx-info.do?idxCd=3040,
IDXN-3041,직장보육시설의무설치사업체의 보육시설 설치비율,e-나라지표,index.go.kr,https://www.index.go.kr/unify/idx-info.do?idxCd=3041,
IDXN-3042,의료기기 수거검사현황,e-나라지표,index.go.kr,https://www.index.go.kr/unify/idx-info.do?idxCd=3042,
IDXN-3043,화장품 생산현황,e-나라지표,index.go.kr,https://www.index.go.kr/unify/idx-info.do?idxCd=3043,
IDXN-3044,보훈행정 수혜 대상 현황,e-나라지표,index.go.kr,https://www.index.go.kr/unify/idx-info.do?idxCd=3044,
IDXN-3045,참전유공자 현황,e-나라지표,index.go.kr,https://www.index.go.kr/unify/idx-info.do?idxCd=3045,
IDXN-3048,어가 및 어가인구,e-나라지표,index.go.kr,https://www.index.go.kr/unify/idx-info.do?idxCd=3048,
IDXN-3049,농가 소득현황,e-나라지표,index.go.kr,https://www.index.go.kr/unify/idx-info.do?idxCd=3049,
IDXN-3050,어가 소득현황,e-나라지표,index.go.kr,https://www.index.go.kr/unify/idx-info.do?idxCd=3050,
IDXN-3051,건강기능식품 생산현황,e-나라지표,index.go.kr,https://www.index.go.kr/unify/idx-info.do?idxCd=3051,
IDXN-3052,수산물 수출 ·입 동향,e-나라지표,index.go.kr,https://www.index.go.kr/unify/idx-info.do?idxCd=3052,
IDXN-3053,아동 인구 현황,e-나라지표,index.go.kr,https://www.index.go.kr/unify/idx-info.do?idxCd=3053,
IDXN-3054,어린이 식생활안전지수,e-나라지표,index.go.kr,https://www.index.go.kr/unify/idx-info.do?idxCd=3054,
IDXN-3055,수입식품현황,e-나라지표,index.go.kr,https://www.index.go.kr/unify/idx-info.do?idxCd=3055,
IDXN-3056,해양보호구역 지정 현황,e-나라지표,index.go.kr,https://www.index.go.kr/unify/idx-info.do?idxCd=3056,
IDXN-3057,매체별 TV프로그램 시청경험 비율,e-나라지표,index.go.kr,https://www.index.go.kr/unify/idx-info.do?idxCd=3057,
IDXN-3058,주요 방송사업자 시청점유율 현황,e-나라지표,index.go.kr,https://www.index.go.kr/unify/idx-info.do?idxCd=3058,
IDXN-3059,의약외품 산업현황,e-나라지표,index.go.kr,https://www.index.go.kr/unify/idx-info.do?idxCd=3059,
IDXN-3060,생물의약품산업현황(바이오의약품),e-나라지표,index.go.kr,https://www.index.go.kr/unify/idx-info.do?idxCd=3060,
IDXN-3061,스마트폰 과의존 현황,e-나라지표,index.go.kr,https://www.index.go.kr/unify/idx-info.do?idxCd=3061,
IDXN-4201,경제성장률,e-나라지표,index.go.kr,https://www.index.go.kr/unify/idx-info.do?idxCd=4201,
IDXN-4202,시간당 노동생산성,e-나라지표,index.go.kr,https://www.index.go.kr/unify/idx-info.do?idxCd=4202,
IDXN-4203,총고정투자율,e-나라지표,index.go.kr,https://www.index.go.kr/unify/idx-info.do?idxCd=4203,
IDXN-4204,교육연수,e-나라지표,index.go.kr,https://www.index.go.kr/unify/idx-info.do?idxCd=4204,
IDXN-4205,창업률,e-나라지표,index.go.kr,https://www.index.go.kr/unify/idx-info.do?idxCd=4205,
IDXN-4206,연구개발투자비율(GDP 대비),e-나라지표,index.go.kr,https://www.index.go.kr/unify/idx-info.do?idxCd=4206,
IDXN-4207,수출입비율(GDP 대비),e-나라지표,index.go.kr,https://www.index.go.kr/unify/idx-info.do?idxCd=4207,
IDXN-4208,통합재정수지비율(GDP 대비),e-나라지표,index.go.kr,https://www.index.go.kr/unify/idx-info.do?idxCd=4208,
IDXN-4209,국가채무비율(GDP 대비),e-나라지표,index.go.kr,https://www.index.go.kr/unify/idx-info.do?idxCd=4209,
IDXN-4210,대외채무비율(GDP 대비),e-나라지표,index.go.kr,https://www.index.go.kr/unify/idx-info.do?idxCd=4210,
IDXN-4211,BIS자기자본비율,e-나라지표,index.go.kr,https://www.index.go.kr/unify/idx-info.do?idxCd=4211,
IDXN-4212,고용률,e-나라지표,index.go.kr,https://www.index.go.kr/unify/idx-info.do?idxCd=4212,
IDXN-4213,비임금근로자비율,e-나라지표,index.go.kr,https://www.index.go.kr/unify/idx-info.do?idxCd=4213,
IDXN-4214,비정규직근로자비율,e-나라지표,index.go.kr,https://www.index.go.kr/unify/idx-info.do?idxCd=4214,
IDXN-4215,시간당 임금,e-나라지표,index.go.kr,https://www.index.go.kr/unify/idx-info.do?idxCd=4215,
IDXN-4216,임금5분위배율,e-나라지표,index.go.kr,https://www.index.go.kr/unify/idx-info.do?idxCd=4216,
IDXN-4217,근로시간,e-나라지표,index.go.kr,https://www.index.go.kr/unify/idx-info.do?idxCd=4217,
IDXN-4218,산재사망률,e-나라지표,index.go.kr,https://www.index.go.kr/unify/idx-info.do?idxCd=4218,
IDXN-4219,일자리만족도,e-나라지표,index.go.kr,https://www.index.go.kr/unify/idx-info.do?idxCd=4219,
IDXN-4220,노동조합조직률,e-나라지표,index.go.kr,https://www.index.go.kr/unify/idx-info.do?idxCd=4220,
IDXN-4221,1인당 국민총소득,e-나라지표,index.go.kr,https://www.index.go.kr/unify/idx-info.do?idxCd=4221,
IDXN-4222,가구중위소득,e-나라지표,index.go.kr,https://www.index.go.kr/unify/idx-info.do?idxCd=4222,
IDXN-4223,가구중위소비,e-나라지표,index.go.kr,https://www.index.go.kr/unify/idx-info.do?idxCd=4223,
IDXN-4224,가구순자산,e-나라지표,index.go.kr,https://www.index.go.kr/unify/idx-info.do?idxCd=4224,
IDXN-4225,지니계수,e-나라지표,index.go.kr,https://www.index.go.kr/unify/idx-info.do?idxCd=4225,
IDXN-4226,소비자물가상승률,e-나라지표,index.go.kr,https://www.index.go.kr/unify/idx-info.do?idxCd=4226,
IDXN-4227,인구성장률,e-나라지표,index.go.kr,https://www.index.go.kr/unify/idx-info.do?idxCd=4227,
IDXN-4228,부양인구비,e-나라지표,index.go.kr,https://www.index.go.kr/unify/idx-info.do?idxCd=4228,
IDXN-4229,가구원수,e-나라지표,index.go.kr,https://www.index.go.kr/unify/idx-info.do?idxCd=4229,
IDXN-4230,조혼인율,e-나라지표,index.go.kr,https://www.index.go.kr/unify/idx-info.do?idxCd=4230,
IDXN-4231,가족관계만족도,e-나라지표,index.go.kr,https://www.index.go.kr/unify/idx-info.do?idxCd=4231,
IDXN-4232,가사노동시간,e-나라지표,index.go.kr,https://www.index.go.kr/unify/idx-info.do?idxCd=4232,
IDXN-4233,독거노인비율,e-나라지표,index.go.kr,https://www.index.go.kr/unify/idx-info.do?idxCd=4233,
IDXN-4234,기대수명,e-나라지표,index.go.kr,https://www.index.go.kr/unify/idx-info.do?idxCd=4234,
IDXN-4235,주관적 건강상태,e-나라지표,index.go.kr,https://www.index.go.kr/unify/idx-info.do?idxCd=4235,
IDXN-4236,우울감경험률,e-나라지표,index.go.kr,https://www.index.go.kr/unify/idx-info.do?idxCd=4236,
IDXN-4237,현재흡연율,e-나라지표,index.go.kr,https://www.index.go.kr/unify/idx-info.do?idxCd=4237,
IDXN-4238,월간폭음률,e-나라지표,index.go.kr,https://www.index.go.kr/unify/idx-info.do?idxCd=4238,
IDXN-4239,비만율,e-나라지표,index.go.kr,https://www.index.go.kr/unify/idx-info.do?idxCd=4239,
IDXN-4240,1인당 의료기관방문횟수,e-나라지표,index.go.kr,https://www.index.go.kr/unify/idx-info.do?idxCd=4240,
IDXN-4241,암생존율,e-나라지표,index.go.kr,https://www.index.go.kr/unify/idx-info.do?idxCd=4241,
IDXN-4242,경상의료비비율(GDP 대비),e-나라지표,index.go.kr,https://www.index.go.kr/unify/idx-info.do?idxCd=4242,
IDXN-4243,학생 1인당 공교육비,e-나라지표,index.go.kr,https://www.index.go.kr/unify/idx-info.do?idxCd=4243,
IDXN-4244,학생 1인당 사교육비,e-나라지표,index.go.kr,https://www.index.go.kr/unify/idx-info.do?idxCd=4244,
IDXN-4245,취학률,e-나라지표,index.go.kr,https://www.index.go.kr/unify/idx-info.do?idxCd=4245,
IDXN-4246,교원 1인당 학생수,e-나라지표,index.go.kr,https://www.index.go.kr/unify/idx-info.do?idxCd=4246,
IDXN-4247,학교생활만족도,e-나라지표,index.go.kr,https://www.index.go.kr/unify/idx-info.do?idxCd=4247,
IDXN-4248,고등교육이수율,e-나라지표,index.go.kr,https://www.index.go.kr/unify/idx-info.do?idxCd=4248,
IDXN-4249,문화여가지출률,e-나라지표,index.go.kr,https://www.index.go.kr/unify/idx-info.do?idxCd=4249,
IDXN-4250,여가시간,e-나라지표,index.go.kr,https://www.index.go.kr/unify/idx-info.do?idxCd=4250,
IDXN-4251,문화예술관람률,e-나라지표,index.go.kr,https://www.index.go.kr/unify/idx-info.do?idxCd=4251,
IDXN-4252,생활체육참여율,e-나라지표,index.go.kr,https://www.index.go.kr/unify/idx-info.do?idxCd=4252,
IDXN-4253,여가생활만족도,e-나라지표,index.go.kr,https://www.index.go.kr/unify/idx-info.do?idxCd=4253,
IDXN-4254,주택매매가격변동률,e-나라지표,index.go.kr,https://www.index.go.kr/unify/idx-info.do?idxCd=4254,
IDXN-4255,주택임대료비율(소득 대비),e-나라지표,index.go.kr,https://www.index.go.kr/unify/idx-info.do?idxCd=4255,
IDXN-4256,인구 1000명당 주택수,e-나라지표,index.go.kr,https://www.index.go.kr/unify/idx-info.do?idxCd=4256,
IDXN-4257,1인당 주거면적,e-나라지표,index.go.kr,https://www.index.go.kr/unify/idx-info.do?idxCd=4257,
IDXN-4258,주거환경만족도,e-나라지표,index.go.kr,https://www.index.go.kr/unify/idx-info.do?idxCd=4258,
IDXN-4259,대중교통수송분담률,e-나라지표,index.go.kr,https://www.index.go.kr/unify/idx-info.do?idxCd=4259,
IDXN-4260,통근시간,e-나라지표,index.go.kr,https://www.index.go.kr/unify/idx-info.do?idxCd=4260,
IDXN-4261,도로교통사고사망률,e-나라지표,index.go.kr,https://www.index.go.kr/unify/idx-info.do?idxCd=4261,
IDXN-4262,범죄율,e-나라지표,index.go.kr,https://www.index.go.kr/unify/idx-info.do?idxCd=4262,
IDXN-4263,범죄피해율,e-나라지표,index.go.kr,https://www.index.go.kr/unify/idx-info.do?idxCd=4263,
IDXN-4264,범죄피해두려움,e-나라지표,index.go.kr,https://www.index.go.kr/unify/idx-info.do?idxCd=4264,
IDXN-4265,인구 10만 명당 경찰관수,e-나라지표,index.go.kr,https://www.index.go.kr/unify/idx-info.do?idxCd=4265,
IDXN-4266,기소율,e-나라지표,index.go.kr,https://www.index.go.kr/unify/idx-info.do?idxCd=4266,
IDXN-4267,재범률,e-나라지표,index.go.kr,https://www.index.go.kr/unify/idx-info.do?idxCd=4267,
IDXN-4268,선거투표율,e-나라지표,index.go.kr,https://www.index.go.kr/unify/idx-info.do?idxCd=4268,
IDXN-4269,부패인식지수,e-나라지표,index.go.kr,https://www.index.go.kr/unify/idx-info.do?idxCd=4269,
IDXN-4270,사회단체참여율,e-나라지표,index.go.kr,https://www.index.go.kr/unify/idx-info.do?idxCd=4270,
IDXN-4271,대인신뢰도,e-나라지표,index.go.kr,https://www.index.go.kr/unify/idx-info.do?idxCd=4271,
IDXN-4272,사회적 고립도,e-나라지표,index.go.kr,https://www.index.go.kr/unify/idx-info.do?idxCd=4272,
IDXN-4273,사회이동가능성인식,e-나라지표,index.go.kr,https://www.index.go.kr/unify/idx-info.do?idxCd=4273,
IDXN-4274,삶의 만족도,e-나라지표,index.go.kr,https://www.index.go.kr/unify/idx-info.do?idxCd=4274,
IDXN-4275,미세먼지(PM2.5)농도,e-나라지표,index.go.kr,https://www.index.go.kr/unify/idx-info.do?idxCd=4275,
IDXN-4276,4대강 BOD농도,e-나라지표,index.go.kr,https://www.index.go.kr/unify/idx-info.do?idxCd=4276,
IDXN-4277,먹는물수질기준초과율,e-나라지표,index.go.kr,https://www.index.go.kr/unify/idx-info.do?idxCd=4277,
IDXN-4278,폐기물발생량,e-나라지표,index.go.kr,https://www.index.go.kr/unify/idx-info.do?idxCd=4278,
IDXN-4279,화학물질배출량,e-나라지표,index.go.kr,https://www.index.go.kr/unify/idx-info.do?idxCd=4279,
IDXN-4280,환경산업비율(GDP 대비),e-나라지표,index.go.kr,https://www.index.go.kr/unify/idx-info.do?idxCd=4280,
IDXN-4281,체감환경만족도,e-나라지표,index.go.kr,https://www.index.go.kr/unify/idx-info.do?idxCd=4281,
IDXN-4282,자생생물종수,e-나라지표,index.go.kr,https://www.index.go.kr/unify/idx-info.do?idxCd=4282,
IDXN-4283,유기농경작면적률,e-나라지표,index.go.kr,https://www.index.go.kr/unify/idx-info.do?idxCd=4283,
IDXN-4284,생태경관보전지역면적,e-나라지표,index.go.kr,https://www.index.go.kr/unify/idx-info.do?idxCd=4284,
IDXN-4285,총허용어획량소진율,e-나라지표,index.go.kr,https://www.index.go.kr/unify/idx-info.do?idxCd=4285,
IDXN-4286,연안습지면적,e-나라지표,index.go.kr,https://www.index.go.kr/unify/idx-info.do?idxCd=4286,
IDXN-4287,1인당 물사용량,e-나라지표,index.go.kr,https://www.index.go.kr/unify/idx-info.do?idxCd=4287,
IDXN-4288,온실가스배출량,e-나라지표,index.go.kr,https://www.index.go.kr/unify/idx-info.do?idxCd=4288,
IDXN-4289,자연재해피해액,e-나라지표,index.go.kr,https://www.index.go.kr/unify/idx-info.do?idxCd=4289,
IDXN-4290,일차에너지공급량(GDP 대비),e-나라지표,index.go.kr,https://www.index.go.kr/unify/idx-info.do?idxCd=4290,
IDXN-4291,1인당 전력소비량,e-나라지표,index.go.kr,https://www.index.go.kr/unify/idx-info.do?idxCd=4291,
IDXN-4292,석탄화력발전비율,e-나라지표,index.go.kr,https://www.index.go.kr/unify/idx-info.do?idxCd=4292,
IDXN-4293,신·재생에너지발전비율,e-나라지표,index.go.kr,https://www.index.go.kr/unify/idx-info.do?idxCd=4293,
IDXN-5001,국내총생산,e-나라지표,index.go.kr,https://www.index.go.kr/unify/idx-info.do?idxCd=5001,
IDXN-5002,노동생산성지수,e-나라지표,index.go.kr,https://www.index.go.kr/unify/idx-info.do?idxCd=5002,
IDXN-5003,총요소생산성증가율,e-나라지표,index.go.kr,https://www.index.go.kr/unify/idx-info.do?idxCd=5003,
IDXN-5004,영업이익률,e-나라지표,index.go.kr,https://www.index.go.kr/unify/idx-info.do?idxCd=5004,
IDXN-5005,고정자산비율(GDP 대비),e-나라지표,index.go.kr,https://www.index.go.kr/unify/idx-info.do?idxCd=5005,
IDXN-5006,공교육지출비율(GDP 대비),e-나라지표,index.go.kr,https://www.index.go.kr/unify/idx-info.do?idxCd=5006,
IDXN-5007,벤처기업수,e-나라지표,index.go.kr,https://www.index.go.kr/unify/idx-info.do?idxCd=5007,
IDXN-5008,기업소멸률,e-나라지표,index.go.kr,https://www.index.go.kr/unify/idx-info.do?idxCd=5008,
IDXN-5009,특허출원수(인구 대비),e-나라지표,index.go.kr,https://www.index.go.kr/unify/idx-info.do?idxCd=5009,
IDXN-5010,상대국별 수출비율,e-나라지표,index.go.kr,https://www.index.go.kr/unify/idx-info.do?idxCd=5010,
IDXN-5011,상대국별 수입비율,e-나라지표,index.go.kr,https://www.index.go.kr/unify/idx-info.do?idxCd=5011,
IDXN-5012,외국인직접투자비율(GDP 대비),e-나라지표,index.go.kr,https://www.index.go.kr/unify/idx-info.do?idxCd=5012,
IDXN-5013,거주자해외직접투자비율(GDP 대비),e-나라지표,index.go.kr,https://www.index.go.kr/unify/idx-info.do?idxCd=5013,
IDXN-5014,공적개발원조비율(GDP 대비),e-나라지표,index.go.kr,https://www.index.go.kr/unify/idx-info.do?idxCd=5014,
IDXN-5015,국민부담률,e-나라지표,index.go.kr,https://www.index.go.kr/unify/idx-info.do?idxCd=5015,
IDXN-5016,정부지출비율(GDP 대비),e-나라지표,index.go.kr,https://www.index.go.kr/unify/idx-info.do?idxCd=5016,
IDXN-5017,정부지출구성,e-나라지표,index.go.kr,https://www.index.go.kr/unify/idx-info.do?idxCd=5017,
IDXN-5018,일반정부부채비율(GDP 대비),e-나라지표,index.go.kr,https://www.index.go.kr/unify/idx-info.do?idxCd=5018,
IDXN-5019,공공부문부채비율(GDP 대비),e-나라지표,index.go.kr,https://www.index.go.kr/unify/idx-info.do?idxCd=5019,
IDXN-5020,경상수지비율(GDP 대비),e-나라지표,index.go.kr,https://www.index.go.kr/unify/idx-info.do?idxCd=5020,
IDXN-5021,외환보유액비율(GDP 대비),e-나라지표,index.go.kr,https://www.index.go.kr/unify/idx-info.do?idxCd=5021,
IDXN-5022,단기대외채무비율(외환보유액 대비),e-나라지표,index.go.kr,https://www.index.go.kr/unify/idx-info.do?idxCd=5022,
IDXN-5023,고위험가구비율,e-나라지표,index.go.kr,https://www.index.go.kr/unify/idx-info.do?idxCd=5023,
IDXN-5024,가계부채비율(GDP 대비),e-나라지표,index.go.kr,https://www.index.go.kr/unify/idx-info.do?idxCd=5024,
IDXN-5025,경제활동참가율,e-나라지표,index.go.kr,https://www.index.go.kr/unify/idx-info.do?idxCd=5025,
IDXN-5026,실업률,e-나라지표,index.go.kr,https://www.index.go.kr/unify/idx-info.do?idxCd=5026,
IDXN-5027,장기실업률,e-나라지표,index.go.kr,https://www.index.go.kr/unify/idx-info.do?idxCd=5027,
IDXN-5028,청년실업률,e-나라지표,index.go.kr,https://www.index.go.kr/unify/idx-info.do?idxCd=5028,
IDXN-5029,중고령자고용률,e-나라지표,index.go.kr,https://www.index.go.kr/unify/idx-info.do?idxCd=5029,
IDXN-5030,한시적근로자비율,e-나라지표,index.go.kr,https://www.index.go.kr/unify/idx-info.do?idxCd=5030,
IDXN-5031,시간제근로자비율,e-나라지표,index.go.kr,https://www.index.go.kr/unify/idx-info.do?idxCd=5031,
IDXN-5032,월평균 임금,e-나라지표,index.go.kr,https://www.index.go.kr/unify/idx-info.do?idxCd=5032,
IDXN-5033,여성근로자임금비율(남성근로자 대비),e-나라지표,index.go.kr,https://www.index.go.kr/unify/idx-info.do?idxCd=5033,
IDXN-5034,비정규직근로자임금비율(정규직근로자 대비),e-나라지표,index.go.kr,https://www.index.go.kr/unify/idx-info.do?idxCd=5034,
IDXN-5036,저임금근로자비율,e-나라지표,index.go.kr,https://www.index.go.kr/unify/idx-info.do?idxCd=5036,
IDXN-5037,최저임금비율(중위임금 대비),e-나라지표,index.go.kr,https://www.index.go.kr/unify/idx-info.do?idxCd=5037,
IDXN-5038,피용자보수비율,e-나라지표,index.go.kr,https://www.index.go.kr/unify/idx-info.do?idxCd=5038,
IDXN-5039,취업자근로시간,e-나라지표,index.go.kr,https://www.index.go.kr/unify/idx-info.do?idxCd=5039,
IDXN-5040,산업재해율,e-나라지표,index.go.kr,https://www.index.go.kr/unify/idx-info.do?idxCd=5040,
IDXN-5041,장시간근로자비율,e-나라지표,index.go.kr,https://www.index.go.kr/unify/idx-info.do?idxCd=5041,
IDXN-5042,임금만족도,e-나라지표,index.go.kr,https://www.index.go.kr/unify/idx-info.do?idxCd=5042,
IDXN-5043,근로시간만족도,e-나라지표,index.go.kr,https://www.index.go.kr/unify/idx-info.do?idxCd=5043,
IDXN-5044,일생활균형만족도,e-나라지표,index.go.kr,https://www.index.go.kr/unify/idx-info.do?idxCd=5044,
IDXN-5045,근로손실일수,e-나라지표,index.go.kr,https://www.index.go.kr/unify/idx-info.do?idxCd=5045,
IDXN-5046,1인당 개인처분가능소득,e-나라지표,index.go.kr,https://www.index.go.kr/unify/idx-info.do?idxCd=5046,
IDXN-5047,가구소득원천구성,e-나라지표,index.go.kr,https://www.index.go.kr/unify/idx-info.do?idxCd=5047,
IDXN-5048,가구처분가능소득,e-나라지표,index.go.kr,https://www.index.go.kr/unify/idx-info.do?idxCd=5048,
IDXN-5049,소득만족도,e-나라지표,index.go.kr,https://www.index.go.kr/unify/idx-info.do?idxCd=5049,
IDXN-5050,민간소비지출비율(개인처분가능소득 대비),e-나라지표,index.go.kr,https://www.index.go.kr/unify/idx-info.do?idxCd=5050,
IDXN-5051,소비생활만족도,e-나라지표,index.go.kr,https://www.index.go.kr/unify/idx-info.do?idxCd=5051,
IDXN-5052,가구순자산비율(가구처분가능소득 대비),e-나라지표,index.go.kr,https://www.index.go.kr/unify/idx-info.do?idxCd=5052,
IDXN-5053,가계저축률,e-나라지표,index.go.kr,https://www.index.go.kr/unify/idx-info.do?idxCd=5053,
IDXN-5054,가계부채비율(가구처분가능소득 대비),e-나라지표,index.go.kr,https://www.index.go.kr/unify/idx-info.do?idxCd=5054,
IDXN-5055,소득5분위배율,e-나라지표,index.go.kr,https://www.index.go.kr/unify/idx-info.do?idxCd=5055,
IDXN-5056,상대적 빈곤율,e-나라지표,index.go.kr,https://www.index.go.kr/unify/idx-info.do?idxCd=5056,
IDXN-5057,노인빈곤율,e-나라지표,index.go.kr,https://www.index.go.kr/unify/idx-info.do?idxCd=5057,
IDXN-5058,생활물가상승률,e-나라지표,index.go.kr,https://www.index.go.kr/unify/idx-info.do?idxCd=5058,
IDXN-5059,근원인플레이션율,e-나라지표,index.go.kr,https://www.index.go.kr/unify/idx-info.do?idxCd=5059,
IDXN-5060,총인구,e-나라지표,index.go.kr,https://www.index.go.kr/unify/idx-info.do?idxCd=5060,
IDXN-5061,합계출산율,e-나라지표,index.go.kr,https://www.index.go.kr/unify/idx-info.do?idxCd=5061,
IDXN-5062,조사망률,e-나라지표,index.go.kr,https://www.index.go.kr/unify/idx-info.do?idxCd=5062,
IDXN-5063,체류외국인수,e-나라지표,index.go.kr,https://www.index.go.kr/unify/idx-info.do?idxCd=5063,
IDXN-5064,노령화지수,e-나라지표,index.go.kr,https://www.index.go.kr/unify/idx-info.do?idxCd=5064,
IDXN-5065,1인가구비율,e-나라지표,index.go.kr,https://www.index.go.kr/unify/idx-info.do?idxCd=5065,
IDXN-5066,조이혼율,e-나라지표,index.go.kr,https://www.index.go.kr/unify/idx-info.do?idxCd=5066,
IDXN-5067,건강수명,e-나라지표,index.go.kr,https://www.index.go.kr/unify/idx-info.do?idxCd=5067,
IDXN-5068,신체활동실천율,e-나라지표,index.go.kr,https://www.index.go.kr/unify/idx-info.do?idxCd=5068,
IDXN-5069,인구 1000명당 의사수,e-나라지표,index.go.kr,https://www.index.go.kr/unify/idx-info.do?idxCd=5069,
IDXN-5070,의료서비스만족도,e-나라지표,index.go.kr,https://www.index.go.kr/unify/idx-info.do?idxCd=5070,
IDXN-5071,TIMSS 성취도,e-나라지표,index.go.kr,https://www.index.go.kr/unify/idx-info.do?idxCd=5071,
IDXN-5072,학업중단율,e-나라지표,index.go.kr,https://www.index.go.kr/unify/idx-info.do?idxCd=5072,
IDXN-5073,1인당 문화재정,e-나라지표,index.go.kr,https://www.index.go.kr/unify/idx-info.do?idxCd=5073,
IDXN-5074,휴가활용률,e-나라지표,index.go.kr,https://www.index.go.kr/unify/idx-info.do?idxCd=5074,
IDXN-5075,스포츠관람률,e-나라지표,index.go.kr,https://www.index.go.kr/unify/idx-info.do?idxCd=5075,
IDXN-5076,주택전세가격변동률,e-나라지표,index.go.kr,https://www.index.go.kr/unify/idx-info.do?idxCd=5076,
IDXN-5077,주택월세가격변동률,e-나라지표,index.go.kr,https://www.index.go.kr/unify/idx-info.do?idxCd=5077,
IDXN-5078,주택만족도,e-나라지표,index.go.kr,https://www.index.go.kr/unify/idx-info.do?idxCd=5078,
IDXN-5079,차량통행속도,e-나라지표,index.go.kr,https://www.index.go.kr/unify/idx-info.do?idxCd=5079,
IDXN-5080,장시간통근통학인구비율,e-나라지표,index.go.kr,https://www.index.go.kr/unify/idx-info.do?idxCd=5080,
IDXN-5081,도로교통사고발생률,e-나라지표,index.go.kr,https://www.index.go.kr/unify/idx-info.do?idxCd=5081,
IDXN-5082,야간보행안전도,e-나라지표,index.go.kr,https://www.index.go.kr/unify/idx-info.do?idxCd=5082,
IDXN-5083,교도관 1인당 수용자수,e-나라지표,index.go.kr,https://www.index.go.kr/unify/idx-info.do?idxCd=5083,
IDXN-5084,공정성인식,e-나라지표,index.go.kr,https://www.index.go.kr/unify/idx-info.do?idxCd=5084,
IDXN-5085,기관신뢰도,e-나라지표,index.go.kr,https://www.index.go.kr/unify/idx-info.do?idxCd=5085,
IDXN-5086,준법의식,e-나라지표,index.go.kr,https://www.index.go.kr/unify/idx-info.do?idxCd=5086,
IDXN-5087,자원봉사참여율,e-나라지표,index.go.kr,https://www.index.go.kr/unify/idx-info.do?idxCd=5087,
IDXN-5088,여성관리자공무원비율,e-나라지표,index.go.kr,https://www.index.go.kr/unify/idx-info.do?idxCd=5088,
IDXN-5089,소수자포용성,e-나라지표,index.go.kr,https://www.index.go.kr/unify/idx-info.do?idxCd=5089,
IDXN-5090,행복도,e-나라지표,index.go.kr,https://www.index.go.kr/unify/idx-info.do?idxCd=5090,
IDXN-5091,자살률,e-나라지표,index.go.kr,https://www.index.go.kr/unify/idx-info.do?idxCd=5091,
IDXN-5092,미세먼지(PM10)농도,e-나라지표,index.go.kr,https://www.index.go.kr/unify/idx-info.do?idxCd=5092,
IDXN-5093,4대강 COD농도,e-나라지표,index.go.kr,https://www.index.go.kr/unify/idx-info.do?idxCd=5093,
IDXN-5094,4대강 TP농도,e-나라지표,index.go.kr,https://www.index.go.kr/unify/idx-info.do?idxCd=5094,
IDXN-5095,상수도보급률,e-나라지표,index.go.kr,https://www.index.go.kr/unify/idx-info.do?idxCd=5095,
IDXN-5096,폐기물재활용률,e-나라지표,index.go.kr,https://www.index.go.kr/unify/idx-info.do?idxCd=5096,
IDXN-5097,1인당 생활계폐기물발생량,e-나라지표,index.go.kr,https://www.index.go.kr/unify/idx-info.do?idxCd=5097,
IDXN-5098,화학사고발생건수,e-나라지표,index.go.kr,https://www.index.go.kr/unify/idx-info.do?idxCd=5098,
IDXN-5099,환경보호지출비율(GDP 대비),e-나라지표,index.go.kr,https://www.index.go.kr/unify/idx-info.do?idxCd=5099,
IDXN-5100,멸종위기야생생물종수,e-나라지표,index.go.kr,https://www.index.go.kr/unify/idx-info.do?idxCd=5100,
IDXN-5101,산지타용도전환면적,e-나라지표,index.go.kr,https://www.index.go.kr/unify/idx-info.do?idxCd=5101,
IDXN-5102,해양보호구역면적,e-나라지표,index.go.kr,https://www.index.go.kr/unify/idx-info.do?idxCd=5102,
IDXN-5103,취수율,e-나라지표,index.go.kr,https://www.index.go.kr/unify/idx-info.do?idxCd=5103,
IDXN-5104,상수도누수율,e-나라지표,index.go.kr,https://www.index.go.kr/unify/idx-info.do?idxCd=5104,
IDXN-5105,자연재해발생횟수,e-나라지표,index.go.kr,https://www.index.go.kr/unify/idx-info.do?idxCd=5105,
IDXN-5106,사용후핵연료발생량,e-나라지표,index.go.kr,https://www.index.go.kr/unify/idx-info.do?idxCd=5106,
IDXN-5107,신·재생에너지공급량,e-나라지표,index.go.kr,https://www.index.go.kr/unify/idx-info.do?idxCd=5107,
